2025-12-28 00:00:29.329 [scheduling-1] DEBUG com.perfstore.aspect.LoggingAspect - Enter: com.perfstore.service.OrderCleanupScheduler.cancelUnpaidOrders() with argument[s] = []
2025-12-28 00:00:29.336 [scheduling-1] DEBUG com.perfstore.aspect.LoggingAspect - Exit: com.perfstore.service.OrderCleanupScheduler.cancelUnpaidOrders() with result = null
2025-12-28 00:00:39.274 [http-nio-8080-exec-1] INFO  o.a.c.c.C.[Tomcat].[localhost].[/] - Initializing Spring DispatcherServlet 'dispatcherServlet'
2025-12-28 00:00:39.274 [http-nio-8080-exec-1] INFO  o.s.web.servlet.DispatcherServlet - Initializing Servlet 'dispatcherServlet'
2025-12-28 00:00:39.275 [http-nio-8080-exec-1] INFO  o.s.web.servlet.DispatcherServlet - Completed initialization in 0 ms
2025-12-28 00:00:39.285 [http-nio-8080-exec-1] WARN  o.s.w.s.h.HandlerMappingIntrospector - Cache miss for REQUEST dispatch to '/api/products' (previous null). Performing CorsConfiguration lookup. This is logged once only at WARN level, and every time at TRACE.
2025-12-28 00:00:39.295 [http-nio-8080-exec-1] WARN  o.s.w.s.h.HandlerMappingIntrospector - Cache miss for REQUEST dispatch to '/api/products' (previous null). Performing MatchableHandlerMapping lookup. This is logged once only at WARN level, and every time at TRACE.
2025-12-28 00:00:39.309 [http-nio-8080-exec-1] DEBUG com.perfstore.aspect.LoggingAspect - Enter: com.perfstore.controller.ProductController.getAllProducts() with argument[s] = []
2025-12-28 00:00:39.309 [http-nio-8080-exec-1] DEBUG com.perfstore.aspect.LoggingAspect - Enter: com.perfstore.service.ProductService.getAllProducts() with argument[s] = []
2025-12-28 00:00:39.337 [http-nio-8080-exec-1] DEBUG com.perfstore.aspect.LoggingAspect - Exit: com.perfstore.service.ProductService.getAllProducts() with result = [com.perfstore.dto.ProductDto$Response@2f3542f, com.perfstore.dto.ProductDto$Response@36c9656c, com.perfstore.dto.ProductDto$Response@4a3a00e, com.perfstore.dto.ProductDto$Response@772f20e2, com.perfstore.dto.ProductDto$Response@6f654004, com.perfstore.dto.ProductDto$Response@12faba81]
2025-12-28 00:00:39.341 [http-nio-8080-exec-1] DEBUG com.perfstore.aspect.LoggingAspect - Exit: com.perfstore.controller.ProductController.getAllProducts() with result = <200 OK OK,[com.perfstore.dto.ProductDto$Response@2f3542f, com.perfstore.dto.ProductDto$Response@36c9656c, com.perfstore.dto.ProductDto$Response@4a3a00e, com.perfstore.dto.ProductDto$Response@772f20e2, com.perfstore.dto.ProductDto$Response@6f654004, com.perfstore.dto.ProductDto$Response@12faba81],[]>
2025-12-28 00:00:39.417 [http-nio-8080-exec-2] DEBUG com.perfstore.aspect.LoggingAspect - Enter: com.perfstore.controller.CategoryController.getAllCategories() with argument[s] = []
2025-12-28 00:00:39.417 [http-nio-8080-exec-2] DEBUG com.perfstore.aspect.LoggingAspect - Enter: com.perfstore.service.CategoryService.getAllCategories() with argument[s] = []
2025-12-28 00:00:39.424 [http-nio-8080-exec-2] DEBUG com.perfstore.aspect.LoggingAspect - Exit: com.perfstore.service.CategoryService.getAllCategories() with result = [com.perfstore.dto.CategoryDto$Response@372258a2, com.perfstore.dto.CategoryDto$Response@2a584253, com.perfstore.dto.CategoryDto$Response@13e170a8, com.perfstore.dto.CategoryDto$Response@67afb7c1]
2025-12-28 00:00:39.425 [http-nio-8080-exec-2] DEBUG com.perfstore.aspect.LoggingAspect - Exit: com.perfstore.controller.CategoryController.getAllCategories() with result = <200 OK OK,[com.perfstore.dto.CategoryDto$Response@372258a2, com.perfstore.dto.CategoryDto$Response@2a584253, com.perfstore.dto.CategoryDto$Response@13e170a8, com.perfstore.dto.CategoryDto$Response@67afb7c1],[]>
2025-12-28 00:01:29.324 [scheduling-1] DEBUG com.perfstore.aspect.LoggingAspect - Enter: com.perfstore.service.OrderCleanupScheduler.cancelUnpaidOrders() with argument[s] = []
2025-12-28 00:01:29.327 [scheduling-1] DEBUG com.perfstore.aspect.LoggingAspect - Exit: com.perfstore.service.OrderCleanupScheduler.cancelUnpaidOrders() with result = null
2025-12-28 00:01:42.938 [http-nio-8080-exec-5] DEBUG com.perfstore.aspect.LoggingAspect - Enter: com.perfstore.controller.CategoryController.getAllCategories() with argument[s] = []
2025-12-28 00:01:42.938 [http-nio-8080-exec-5] DEBUG com.perfstore.aspect.LoggingAspect - Enter: com.perfstore.service.CategoryService.getAllCategories() with argument[s] = []
2025-12-28 00:01:42.947 [http-nio-8080-exec-5] DEBUG com.perfstore.aspect.LoggingAspect - Exit: com.perfstore.service.CategoryService.getAllCategories() with result = [com.perfstore.dto.CategoryDto$Response@3fd35d08, com.perfstore.dto.CategoryDto$Response@3ce3a42f, com.perfstore.dto.CategoryDto$Response@692f63dc, com.perfstore.dto.CategoryDto$Response@253aba82]
2025-12-28 00:01:42.947 [http-nio-8080-exec-5] DEBUG com.perfstore.aspect.LoggingAspect - Exit: com.perfstore.controller.CategoryController.getAllCategories() with result = <200 OK OK,[com.perfstore.dto.CategoryDto$Response@3fd35d08, com.perfstore.dto.CategoryDto$Response@3ce3a42f, com.perfstore.dto.CategoryDto$Response@692f63dc, com.perfstore.dto.CategoryDto$Response@253aba82],[]>
2025-12-28 00:02:29.327 [scheduling-1] DEBUG com.perfstore.aspect.LoggingAspect - Enter: com.perfstore.service.OrderCleanupScheduler.cancelUnpaidOrders() with argument[s] = []
2025-12-28 00:02:29.330 [scheduling-1] DEBUG com.perfstore.aspect.LoggingAspect - Exit: com.perfstore.service.OrderCleanupScheduler.cancelUnpaidOrders() with result = null
2025-12-28 00:03:16.527 [http-nio-8080-exec-8] DEBUG com.perfstore.aspect.LoggingAspect - Enter: com.perfstore.controller.ProductController.getAllProducts() with argument[s] = []
2025-12-28 00:03:16.527 [http-nio-8080-exec-8] DEBUG com.perfstore.aspect.LoggingAspect - Enter: com.perfstore.service.ProductService.getAllProducts() with argument[s] = []
2025-12-28 00:03:16.545 [http-nio-8080-exec-8] DEBUG com.perfstore.aspect.LoggingAspect - Exit: com.perfstore.service.ProductService.getAllProducts() with result = [com.perfstore.dto.ProductDto$Response@4c5ee37a, com.perfstore.dto.ProductDto$Response@6fd786f0, com.perfstore.dto.ProductDto$Response@7077b24d, com.perfstore.dto.ProductDto$Response@69d4d5a0, com.perfstore.dto.ProductDto$Response@52aabed3, com.perfstore.dto.ProductDto$Response@1994270]
2025-12-28 00:03:16.546 [http-nio-8080-exec-8] DEBUG com.perfstore.aspect.LoggingAspect - Exit: com.perfstore.controller.ProductController.getAllProducts() with result = <200 OK OK,[com.perfstore.dto.ProductDto$Response@4c5ee37a, com.perfstore.dto.ProductDto$Response@6fd786f0, com.perfstore.dto.ProductDto$Response@7077b24d, com.perfstore.dto.ProductDto$Response@69d4d5a0, com.perfstore.dto.ProductDto$Response@52aabed3, com.perfstore.dto.ProductDto$Response@1994270],[]>
2025-12-28 00:03:16.559 [http-nio-8080-exec-7] DEBUG com.perfstore.aspect.LoggingAspect - Enter: com.perfstore.controller.CategoryController.getAllCategories() with argument[s] = []
2025-12-28 00:03:16.559 [http-nio-8080-exec-7] DEBUG com.perfstore.aspect.LoggingAspect - Enter: com.perfstore.service.CategoryService.getAllCategories() with argument[s] = []
2025-12-28 00:03:16.567 [http-nio-8080-exec-7] DEBUG com.perfstore.aspect.LoggingAspect - Exit: com.perfstore.service.CategoryService.getAllCategories() with result = [com.perfstore.dto.CategoryDto$Response@3f9ed821, com.perfstore.dto.CategoryDto$Response@73c607d8, com.perfstore.dto.CategoryDto$Response@4af4e843, com.perfstore.dto.CategoryDto$Response@31695a67]
2025-12-28 00:03:16.567 [http-nio-8080-exec-7] DEBUG com.perfstore.aspect.LoggingAspect - Exit: com.perfstore.controller.CategoryController.getAllCategories() with result = <200 OK OK,[com.perfstore.dto.CategoryDto$Response@3f9ed821, com.perfstore.dto.CategoryDto$Response@73c607d8, com.perfstore.dto.CategoryDto$Response@4af4e843, com.perfstore.dto.CategoryDto$Response@31695a67],[]>
2025-12-28 00:03:29.327 [scheduling-1] DEBUG com.perfstore.aspect.LoggingAspect - Enter: com.perfstore.service.OrderCleanupScheduler.cancelUnpaidOrders() with argument[s] = []
2025-12-28 00:03:29.330 [scheduling-1] DEBUG com.perfstore.aspect.LoggingAspect - Exit: com.perfstore.service.OrderCleanupScheduler.cancelUnpaidOrders() with result = null
2025-12-28 00:03:32.996 [http-nio-8080-exec-9] DEBUG com.perfstore.aspect.LoggingAspect - Enter: com.perfstore.controller.AuthController.login() with argument[s] = [AuthDto.LoginRequest(username=alper, password=1234)]
2025-12-28 00:03:33.003 [http-nio-8080-exec-9] DEBUG com.perfstore.aspect.LoggingAspect - Exit: com.perfstore.controller.AuthController.login() with result = <401 UNAUTHORIZED Unauthorized,AuthDto.AuthResponse(token=null, username=null, message=Invalid credentials, trustLevel=null, status=null, challengeId=null),[]>
2025-12-28 00:03:56.118 [http-nio-8080-exec-10] DEBUG com.perfstore.aspect.LoggingAspect - Enter: com.perfstore.controller.AuthController.register() with argument[s] = [AuthDto.RegisterRequest(username=oguz, password=123456, email=test@gmail.com, pin=null)]
2025-12-28 00:03:56.202 [http-nio-8080-exec-10] DEBUG com.perfstore.aspect.LoggingAspect - Exit: com.perfstore.controller.AuthController.register() with result = <400 BAD_REQUEST Bad Request,AuthDto.AuthResponse(token=null, username=null, message=PIN must be at least 4 digits, trustLevel=null, status=null, challengeId=null),[]>
2025-12-28 00:04:07.652 [http-nio-8080-exec-1] DEBUG com.perfstore.aspect.LoggingAspect - Enter: com.perfstore.controller.AuthController.register() with argument[s] = [AuthDto.RegisterRequest(username=oguz, password=123456, email=test@gmail.com, pin=null)]
2025-12-28 00:04:07.733 [http-nio-8080-exec-1] DEBUG com.perfstore.aspect.LoggingAspect - Exit: com.perfstore.controller.AuthController.register() with result = <400 BAD_REQUEST Bad Request,AuthDto.AuthResponse(token=null, username=null, message=PIN must be at least 4 digits, trustLevel=null, status=null, challengeId=null),[]>
2025-12-28 00:04:12.859 [http-nio-8080-exec-2] DEBUG com.perfstore.aspect.LoggingAspect - Enter: com.perfstore.controller.AuthController.register() with argument[s] = [AuthDto.RegisterRequest(username=oguzhan, password=147258, email=test@gmail.com, pin=null)]
2025-12-28 00:04:12.935 [http-nio-8080-exec-2] DEBUG com.perfstore.aspect.LoggingAspect - Exit: com.perfstore.controller.AuthController.register() with result = <400 BAD_REQUEST Bad Request,AuthDto.AuthResponse(token=null, username=null, message=PIN must be at least 4 digits, trustLevel=null, status=null, challengeId=null),[]>
2025-12-28 00:04:29.322 [scheduling-1] DEBUG com.perfstore.aspect.LoggingAspect - Enter: com.perfstore.service.OrderCleanupScheduler.cancelUnpaidOrders() with argument[s] = []
2025-12-28 00:04:29.328 [scheduling-1] DEBUG com.perfstore.aspect.LoggingAspect - Exit: com.perfstore.service.OrderCleanupScheduler.cancelUnpaidOrders() with result = null
2025-12-28 00:08:33.046 [main] INFO  com.perfstore.PerfstoreApplication - Starting PerfstoreApplication using Java 21.0.9 with PID 12216 (C:\Users\Oğuzhan\Desktop\perfstore-main\target\classes started by Oğuzhan in C:\Users\Oğuzhan\Desktop\perfstore-main)
2025-12-28 00:08:33.047 [main] DEBUG com.perfstore.PerfstoreApplication - Running with Spring Boot v3.2.0, Spring v6.1.1
2025-12-28 00:08:33.047 [main] INFO  com.perfstore.PerfstoreApplication - No active profile set, falling back to 1 default profile: "default"
2025-12-28 00:08:33.609 [main] INFO  o.s.d.r.c.RepositoryConfigurationDelegate - Bootstrapping Spring Data JPA repositories in DEFAULT mode.
2025-12-28 00:08:33.668 [main] INFO  o.s.d.r.c.RepositoryConfigurationDelegate - Finished Spring Data repository scanning in 52 ms. Found 8 JPA repository interfaces.
2025-12-28 00:08:34.216 [main] INFO  o.s.b.w.e.tomcat.TomcatWebServer - Tomcat initialized with port 8080 (http)
2025-12-28 00:08:34.227 [main] INFO  o.a.catalina.core.StandardService - Starting service [Tomcat]
2025-12-28 00:08:34.227 [main] INFO  o.a.catalina.core.StandardEngine - Starting Servlet engine: [Apache Tomcat/10.1.16]
2025-12-28 00:08:34.281 [main] INFO  o.a.c.c.C.[Tomcat].[localhost].[/] - Initializing Spring embedded WebApplicationContext
2025-12-28 00:08:34.282 [main] INFO  o.s.b.w.s.c.ServletWebServerApplicationContext - Root WebApplicationContext: initialization completed in 1203 ms
2025-12-28 00:08:34.400 [main] INFO  o.h.jpa.internal.util.LogHelper - HHH000204: Processing PersistenceUnitInfo [name: default]
2025-12-28 00:08:34.460 [main] INFO  org.hibernate.Version - HHH000412: Hibernate ORM core version 6.3.1.Final
2025-12-28 00:08:34.504 [main] INFO  o.h.c.i.RegionFactoryInitiator - HHH000026: Second-level cache disabled
2025-12-28 00:08:34.689 [main] INFO  o.s.o.j.p.SpringPersistenceUnitInfo - No LoadTimeWeaver setup: ignoring JPA class transformer
2025-12-28 00:08:34.711 [main] INFO  com.zaxxer.hikari.HikariDataSource - HikariPool-1 - Starting...
2025-12-28 00:08:34.852 [main] INFO  com.zaxxer.hikari.pool.HikariPool - HikariPool-1 - Added connection com.mysql.cj.jdbc.ConnectionImpl@44aeae34
2025-12-28 00:08:34.854 [main] INFO  com.zaxxer.hikari.HikariDataSource - HikariPool-1 - Start completed.
2025-12-28 00:08:34.897 [main] WARN  org.hibernate.orm.deprecation - HHH90000025: MySQLDialect does not need to be specified explicitly using 'hibernate.dialect' (remove the property setting and it will be selected by default)
2025-12-28 00:08:35.739 [main] INFO  o.h.e.t.j.p.i.JtaPlatformInitiator - HHH000489: No JTA platform available (set 'hibernate.transaction.jta.platform' to enable JTA platform integration)
2025-12-28 00:08:35.821 [main] INFO  o.s.o.j.LocalContainerEntityManagerFactoryBean - Initialized JPA EntityManagerFactory for persistence unit 'default'
2025-12-28 00:08:36.154 [main] DEBUG c.p.config.TokenAuthenticationFilter - Filter 'tokenAuthenticationFilter' configured for use
2025-12-28 00:08:36.355 [main] INFO  o.s.d.j.r.query.QueryEnhancerFactory - Hibernate is in classpath; If applicable, HQL parser will be used.
2025-12-28 00:08:36.740 [main] WARN  o.s.b.a.o.j.JpaBaseConfiguration$JpaWebConfiguration - spring.jpa.open-in-view is enabled by default. Therefore, database queries may be performed during view rendering. Explicitly configure spring.jpa.open-in-view to disable this warning
2025-12-28 00:08:36.754 [main] WARN  o.s.b.a.s.s.UserDetailsServiceAutoConfiguration - 

Using generated security password: cf31882e-3f1c-4d0a-b1e6-e5734f0bd4ea

This generated password is for development use only. Your security configuration must be updated before running your application in production.

2025-12-28 00:08:36.834 [main] INFO  o.s.b.a.w.s.WelcomePageHandlerMapping - Adding welcome page: class path resource [static/index.html]
2025-12-28 00:08:36.974 [main] INFO  o.s.s.web.DefaultSecurityFilterChain - Will secure any request with [org.springframework.security.web.session.DisableEncodeUrlFilter@b6a20ce, org.springframework.security.web.context.request.async.WebAsyncManagerIntegrationFilter@79296ce0, org.springframework.security.web.context.SecurityContextHolderFilter@34949460, org.springframework.security.web.header.HeaderWriterFilter@48028e11, org.springframework.web.filter.CorsFilter@19c28c97, org.springframework.security.web.authentication.logout.LogoutFilter@102bce96, com.perfstore.config.TokenAuthenticationFilter@5b01b3f8, org.springframework.security.web.savedrequest.RequestCacheAwareFilter@24484dfb, org.springframework.security.web.servletapi.SecurityContextHolderAwareRequestFilter@35d8a046, org.springframework.security.web.authentication.AnonymousAuthenticationFilter@15b54cb7, org.springframework.security.web.session.SessionManagementFilter@1227862a, org.springframework.security.web.access.ExceptionTranslationFilter@4afdcdf6, org.springframework.security.web.access.intercept.AuthorizationFilter@561494af]
2025-12-28 00:08:37.155 [main] INFO  o.s.b.w.e.tomcat.TomcatWebServer - Tomcat started on port 8080 (http) with context path ''
2025-12-28 00:08:37.161 [main] INFO  com.perfstore.PerfstoreApplication - Started PerfstoreApplication in 4.572 seconds (process running for 4.901)
2025-12-28 00:08:37.175 [scheduling-1] DEBUG com.perfstore.aspect.LoggingAspect - Enter: com.perfstore.service.OrderCleanupScheduler.cancelUnpaidOrders() with argument[s] = []
2025-12-28 00:08:37.240 [scheduling-1] DEBUG com.perfstore.aspect.LoggingAspect - Exit: com.perfstore.service.OrderCleanupScheduler.cancelUnpaidOrders() with result = null
2025-12-28 00:09:37.175 [scheduling-1] DEBUG com.perfstore.aspect.LoggingAspect - Enter: com.perfstore.service.OrderCleanupScheduler.cancelUnpaidOrders() with argument[s] = []
2025-12-28 00:09:37.178 [scheduling-1] DEBUG com.perfstore.aspect.LoggingAspect - Exit: com.perfstore.service.OrderCleanupScheduler.cancelUnpaidOrders() with result = null
2025-12-28 00:09:42.102 [http-nio-8080-exec-1] INFO  o.a.c.c.C.[Tomcat].[localhost].[/] - Initializing Spring DispatcherServlet 'dispatcherServlet'
2025-12-28 00:09:42.102 [http-nio-8080-exec-1] INFO  o.s.web.servlet.DispatcherServlet - Initializing Servlet 'dispatcherServlet'
2025-12-28 00:09:42.102 [http-nio-8080-exec-1] INFO  o.s.web.servlet.DispatcherServlet - Completed initialization in 0 ms
2025-12-28 00:09:42.111 [http-nio-8080-exec-1] WARN  o.s.w.s.h.HandlerMappingIntrospector - Cache miss for REQUEST dispatch to '/api/products' (previous null). Performing CorsConfiguration lookup. This is logged once only at WARN level, and every time at TRACE.
2025-12-28 00:09:42.117 [http-nio-8080-exec-1] WARN  o.s.w.s.h.HandlerMappingIntrospector - Cache miss for REQUEST dispatch to '/api/products' (previous null). Performing MatchableHandlerMapping lookup. This is logged once only at WARN level, and every time at TRACE.
2025-12-28 00:09:42.128 [http-nio-8080-exec-1] DEBUG com.perfstore.aspect.LoggingAspect - Enter: com.perfstore.controller.ProductController.getAllProducts() with argument[s] = []
2025-12-28 00:09:42.128 [http-nio-8080-exec-1] DEBUG com.perfstore.aspect.LoggingAspect - Enter: com.perfstore.service.ProductService.getAllProducts() with argument[s] = []
2025-12-28 00:09:42.152 [http-nio-8080-exec-1] DEBUG com.perfstore.aspect.LoggingAspect - Exit: com.perfstore.service.ProductService.getAllProducts() with result = [com.perfstore.dto.ProductDto$Response@419d3494, com.perfstore.dto.ProductDto$Response@2ac01b03, com.perfstore.dto.ProductDto$Response@4af0a2e8, com.perfstore.dto.ProductDto$Response@179f97c3, com.perfstore.dto.ProductDto$Response@3f8e2830, com.perfstore.dto.ProductDto$Response@153c24c1]
2025-12-28 00:09:42.155 [http-nio-8080-exec-1] DEBUG com.perfstore.aspect.LoggingAspect - Exit: com.perfstore.controller.ProductController.getAllProducts() with result = <200 OK OK,[com.perfstore.dto.ProductDto$Response@419d3494, com.perfstore.dto.ProductDto$Response@2ac01b03, com.perfstore.dto.ProductDto$Response@4af0a2e8, com.perfstore.dto.ProductDto$Response@179f97c3, com.perfstore.dto.ProductDto$Response@3f8e2830, com.perfstore.dto.ProductDto$Response@153c24c1],[]>
2025-12-28 00:09:42.224 [http-nio-8080-exec-2] DEBUG com.perfstore.aspect.LoggingAspect - Enter: com.perfstore.controller.CategoryController.getAllCategories() with argument[s] = []
2025-12-28 00:09:42.224 [http-nio-8080-exec-2] DEBUG com.perfstore.aspect.LoggingAspect - Enter: com.perfstore.service.CategoryService.getAllCategories() with argument[s] = []
2025-12-28 00:09:42.235 [http-nio-8080-exec-2] DEBUG com.perfstore.aspect.LoggingAspect - Exit: com.perfstore.service.CategoryService.getAllCategories() with result = [com.perfstore.dto.CategoryDto$Response@ac37337, com.perfstore.dto.CategoryDto$Response@7d75a693, com.perfstore.dto.CategoryDto$Response@495e0d0a, com.perfstore.dto.CategoryDto$Response@17bea01b]
2025-12-28 00:09:42.235 [http-nio-8080-exec-2] DEBUG com.perfstore.aspect.LoggingAspect - Exit: com.perfstore.controller.CategoryController.getAllCategories() with result = <200 OK OK,[com.perfstore.dto.CategoryDto$Response@ac37337, com.perfstore.dto.CategoryDto$Response@7d75a693, com.perfstore.dto.CategoryDto$Response@495e0d0a, com.perfstore.dto.CategoryDto$Response@17bea01b],[]>
2025-12-28 00:10:02.268 [http-nio-8080-exec-8] DEBUG com.perfstore.aspect.LoggingAspect - Enter: com.perfstore.controller.AuthController.register() with argument[s] = [AuthDto.RegisterRequest(username=yozgatli, password=1234, email=ogi@gmail.com, pin=1234)]
2025-12-28 00:10:02.472 [http-nio-8080-exec-8] DEBUG com.perfstore.aspect.LoggingAspect - Enter: com.perfstore.service.TrustScoreService.createProfileIfMissing() with argument[s] = [1]
2025-12-28 00:10:02.484 [http-nio-8080-exec-8] DEBUG com.perfstore.aspect.LoggingAspect - Exit: com.perfstore.service.TrustScoreService.createProfileIfMissing() with result = null
2025-12-28 00:10:02.497 [http-nio-8080-exec-8] DEBUG com.perfstore.aspect.LoggingAspect - Exit: com.perfstore.controller.AuthController.register() with result = <200 OK OK,AuthDto.AuthResponse(token=BAE73BB3-5B72-4D8C-AD51-A00AFCC8D942, username=yozgatli, message=Registration successful, trustLevel=null, status=null, challengeId=null),[]>
2025-12-28 00:10:12.417 [http-nio-8080-exec-7] DEBUG com.perfstore.aspect.LoggingAspect - Enter: com.perfstore.controller.AuthController.login() with argument[s] = [AuthDto.LoginRequest(username=yozgatli, password=1234)]
2025-12-28 00:10:12.423 [http-nio-8080-exec-7] DEBUG com.perfstore.aspect.LoggingAspect - Enter: com.perfstore.service.TrustScoreService.createProfileIfMissing() with argument[s] = [1]
2025-12-28 00:10:12.424 [http-nio-8080-exec-7] DEBUG com.perfstore.aspect.LoggingAspect - Exit: com.perfstore.service.TrustScoreService.createProfileIfMissing() with result = null
2025-12-28 00:10:12.495 [http-nio-8080-exec-7] DEBUG com.perfstore.aspect.LoggingAspect - Enter: com.perfstore.service.TrustScoreService.onLoginSuccess() with argument[s] = [1]
2025-12-28 00:10:12.496 [http-nio-8080-exec-7] DEBUG com.perfstore.aspect.LoggingAspect - Exit: com.perfstore.service.TrustScoreService.onLoginSuccess() with result = NORMAL
2025-12-28 00:10:12.508 [http-nio-8080-exec-7] DEBUG com.perfstore.aspect.LoggingAspect - Exit: com.perfstore.controller.AuthController.login() with result = <200 OK OK,AuthDto.AuthResponse(token=BAE73BB3-5B72-4D8C-AD51-A00AFCC8D942, username=yozgatli, message=Login successful, trustLevel=NORMAL, status=OK, challengeId=null),[]>
2025-12-28 00:10:12.532 [http-nio-8080-exec-9] DEBUG com.perfstore.aspect.LoggingAspect - Enter: com.perfstore.controller.ProductController.getAllProducts() with argument[s] = []
2025-12-28 00:10:12.532 [http-nio-8080-exec-9] DEBUG com.perfstore.aspect.LoggingAspect - Enter: com.perfstore.service.ProductService.getAllProducts() with argument[s] = []
2025-12-28 00:10:12.544 [http-nio-8080-exec-9] DEBUG com.perfstore.aspect.LoggingAspect - Exit: com.perfstore.service.ProductService.getAllProducts() with result = [com.perfstore.dto.ProductDto$Response@74965a8a, com.perfstore.dto.ProductDto$Response@5e85b38c, com.perfstore.dto.ProductDto$Response@3fd030ac, com.perfstore.dto.ProductDto$Response@6034ceab, com.perfstore.dto.ProductDto$Response@26b09a2d, com.perfstore.dto.ProductDto$Response@55da54a4]
2025-12-28 00:10:12.545 [http-nio-8080-exec-9] DEBUG com.perfstore.aspect.LoggingAspect - Exit: com.perfstore.controller.ProductController.getAllProducts() with result = <200 OK OK,[com.perfstore.dto.ProductDto$Response@74965a8a, com.perfstore.dto.ProductDto$Response@5e85b38c, com.perfstore.dto.ProductDto$Response@3fd030ac, com.perfstore.dto.ProductDto$Response@6034ceab, com.perfstore.dto.ProductDto$Response@26b09a2d, com.perfstore.dto.ProductDto$Response@55da54a4],[]>
2025-12-28 00:10:12.553 [http-nio-8080-exec-10] DEBUG com.perfstore.aspect.LoggingAspect - Enter: com.perfstore.controller.CategoryController.getAllCategories() with argument[s] = []
2025-12-28 00:10:12.553 [http-nio-8080-exec-10] DEBUG com.perfstore.aspect.LoggingAspect - Enter: com.perfstore.service.CategoryService.getAllCategories() with argument[s] = []
2025-12-28 00:10:12.559 [http-nio-8080-exec-10] DEBUG com.perfstore.aspect.LoggingAspect - Exit: com.perfstore.service.CategoryService.getAllCategories() with result = [com.perfstore.dto.CategoryDto$Response@2944fe34, com.perfstore.dto.CategoryDto$Response@2302c2cb, com.perfstore.dto.CategoryDto$Response@68f359da, com.perfstore.dto.CategoryDto$Response@6d121534]
2025-12-28 00:10:12.559 [http-nio-8080-exec-10] DEBUG com.perfstore.aspect.LoggingAspect - Exit: com.perfstore.controller.CategoryController.getAllCategories() with result = <200 OK OK,[com.perfstore.dto.CategoryDto$Response@2944fe34, com.perfstore.dto.CategoryDto$Response@2302c2cb, com.perfstore.dto.CategoryDto$Response@68f359da, com.perfstore.dto.CategoryDto$Response@6d121534],[]>
2025-12-28 00:10:15.859 [http-nio-8080-exec-1] DEBUG com.perfstore.aspect.LoggingAspect - Enter: com.perfstore.controller.CategoryController.getAllCategories() with argument[s] = []
2025-12-28 00:10:15.859 [http-nio-8080-exec-1] DEBUG com.perfstore.aspect.LoggingAspect - Enter: com.perfstore.service.CategoryService.getAllCategories() with argument[s] = []
2025-12-28 00:10:15.869 [http-nio-8080-exec-1] DEBUG com.perfstore.aspect.LoggingAspect - Exit: com.perfstore.service.CategoryService.getAllCategories() with result = [com.perfstore.dto.CategoryDto$Response@46c8ac93, com.perfstore.dto.CategoryDto$Response@5a8434bb, com.perfstore.dto.CategoryDto$Response@15dbc076, com.perfstore.dto.CategoryDto$Response@7f7c05f9]
2025-12-28 00:10:15.869 [http-nio-8080-exec-1] DEBUG com.perfstore.aspect.LoggingAspect - Exit: com.perfstore.controller.CategoryController.getAllCategories() with result = <200 OK OK,[com.perfstore.dto.CategoryDto$Response@46c8ac93, com.perfstore.dto.CategoryDto$Response@5a8434bb, com.perfstore.dto.CategoryDto$Response@15dbc076, com.perfstore.dto.CategoryDto$Response@7f7c05f9],[]>
2025-12-28 00:10:15.873 [http-nio-8080-exec-2] DEBUG com.perfstore.aspect.LoggingAspect - Enter: com.perfstore.controller.CategoryController.getAllCategories() with argument[s] = []
2025-12-28 00:10:15.873 [http-nio-8080-exec-2] DEBUG com.perfstore.aspect.LoggingAspect - Enter: com.perfstore.service.CategoryService.getAllCategories() with argument[s] = []
2025-12-28 00:10:15.883 [http-nio-8080-exec-2] DEBUG com.perfstore.aspect.LoggingAspect - Exit: com.perfstore.service.CategoryService.getAllCategories() with result = [com.perfstore.dto.CategoryDto$Response@3863a022, com.perfstore.dto.CategoryDto$Response@7fa429cb, com.perfstore.dto.CategoryDto$Response@47b7d48f, com.perfstore.dto.CategoryDto$Response@6aeeb9af]
2025-12-28 00:10:15.884 [http-nio-8080-exec-2] DEBUG com.perfstore.aspect.LoggingAspect - Exit: com.perfstore.controller.CategoryController.getAllCategories() with result = <200 OK OK,[com.perfstore.dto.CategoryDto$Response@3863a022, com.perfstore.dto.CategoryDto$Response@7fa429cb, com.perfstore.dto.CategoryDto$Response@47b7d48f, com.perfstore.dto.CategoryDto$Response@6aeeb9af],[]>
2025-12-28 00:10:37.176 [scheduling-1] DEBUG com.perfstore.aspect.LoggingAspect - Enter: com.perfstore.service.OrderCleanupScheduler.cancelUnpaidOrders() with argument[s] = []
2025-12-28 00:10:37.179 [scheduling-1] DEBUG com.perfstore.aspect.LoggingAspect - Exit: com.perfstore.service.OrderCleanupScheduler.cancelUnpaidOrders() with result = null
2025-12-28 00:11:37.166 [scheduling-1] DEBUG com.perfstore.aspect.LoggingAspect - Enter: com.perfstore.service.OrderCleanupScheduler.cancelUnpaidOrders() with argument[s] = []
2025-12-28 00:11:37.170 [scheduling-1] DEBUG com.perfstore.aspect.LoggingAspect - Exit: com.perfstore.service.OrderCleanupScheduler.cancelUnpaidOrders() with result = null
2025-12-28 00:12:37.168 [scheduling-1] DEBUG com.perfstore.aspect.LoggingAspect - Enter: com.perfstore.service.OrderCleanupScheduler.cancelUnpaidOrders() with argument[s] = []
2025-12-28 00:12:37.172 [scheduling-1] DEBUG com.perfstore.aspect.LoggingAspect - Exit: com.perfstore.service.OrderCleanupScheduler.cancelUnpaidOrders() with result = null
2025-12-28 00:12:50.511 [http-nio-8080-exec-8] DEBUG com.perfstore.aspect.LoggingAspect - Enter: com.perfstore.controller.CategoryController.getAllCategories() with argument[s] = []
2025-12-28 00:12:50.511 [http-nio-8080-exec-8] DEBUG com.perfstore.aspect.LoggingAspect - Enter: com.perfstore.service.CategoryService.getAllCategories() with argument[s] = []
2025-12-28 00:12:50.517 [http-nio-8080-exec-8] DEBUG com.perfstore.aspect.LoggingAspect - Exit: com.perfstore.service.CategoryService.getAllCategories() with result = [com.perfstore.dto.CategoryDto$Response@3c741f32, com.perfstore.dto.CategoryDto$Response@776f6ced, com.perfstore.dto.CategoryDto$Response@3929dfb3, com.perfstore.dto.CategoryDto$Response@519aa127]
2025-12-28 00:12:50.517 [http-nio-8080-exec-8] DEBUG com.perfstore.aspect.LoggingAspect - Exit: com.perfstore.controller.CategoryController.getAllCategories() with result = <200 OK OK,[com.perfstore.dto.CategoryDto$Response@3c741f32, com.perfstore.dto.CategoryDto$Response@776f6ced, com.perfstore.dto.CategoryDto$Response@3929dfb3, com.perfstore.dto.CategoryDto$Response@519aa127],[]>
2025-12-28 00:13:37.172 [scheduling-1] DEBUG com.perfstore.aspect.LoggingAspect - Enter: com.perfstore.service.OrderCleanupScheduler.cancelUnpaidOrders() with argument[s] = []
2025-12-28 00:13:37.175 [scheduling-1] DEBUG com.perfstore.aspect.LoggingAspect - Exit: com.perfstore.service.OrderCleanupScheduler.cancelUnpaidOrders() with result = null
2025-12-28 00:14:37.169 [scheduling-1] DEBUG com.perfstore.aspect.LoggingAspect - Enter: com.perfstore.service.OrderCleanupScheduler.cancelUnpaidOrders() with argument[s] = []
2025-12-28 00:14:37.173 [scheduling-1] DEBUG com.perfstore.aspect.LoggingAspect - Exit: com.perfstore.service.OrderCleanupScheduler.cancelUnpaidOrders() with result = null
2025-12-28 00:15:21.687 [http-nio-8080-exec-9] DEBUG com.perfstore.aspect.LoggingAspect - Enter: com.perfstore.controller.CategoryController.getAllCategories() with argument[s] = []
2025-12-28 00:15:21.687 [http-nio-8080-exec-9] DEBUG com.perfstore.aspect.LoggingAspect - Enter: com.perfstore.service.CategoryService.getAllCategories() with argument[s] = []
2025-12-28 00:15:21.696 [http-nio-8080-exec-9] DEBUG com.perfstore.aspect.LoggingAspect - Exit: com.perfstore.service.CategoryService.getAllCategories() with result = [com.perfstore.dto.CategoryDto$Response@4d41d7d3, com.perfstore.dto.CategoryDto$Response@5094883d, com.perfstore.dto.CategoryDto$Response@c7e3964, com.perfstore.dto.CategoryDto$Response@2d18afff]
2025-12-28 00:15:21.696 [http-nio-8080-exec-9] DEBUG com.perfstore.aspect.LoggingAspect - Exit: com.perfstore.controller.CategoryController.getAllCategories() with result = <200 OK OK,[com.perfstore.dto.CategoryDto$Response@4d41d7d3, com.perfstore.dto.CategoryDto$Response@5094883d, com.perfstore.dto.CategoryDto$Response@c7e3964, com.perfstore.dto.CategoryDto$Response@2d18afff],[]>
2025-12-28 00:15:37.175 [scheduling-1] DEBUG com.perfstore.aspect.LoggingAspect - Enter: com.perfstore.service.OrderCleanupScheduler.cancelUnpaidOrders() with argument[s] = []
2025-12-28 00:15:37.177 [scheduling-1] DEBUG com.perfstore.aspect.LoggingAspect - Exit: com.perfstore.service.OrderCleanupScheduler.cancelUnpaidOrders() with result = null
2025-12-28 00:16:37.169 [scheduling-1] DEBUG com.perfstore.aspect.LoggingAspect - Enter: com.perfstore.service.OrderCleanupScheduler.cancelUnpaidOrders() with argument[s] = []
2025-12-28 00:16:37.172 [scheduling-1] DEBUG com.perfstore.aspect.LoggingAspect - Exit: com.perfstore.service.OrderCleanupScheduler.cancelUnpaidOrders() with result = null
2025-12-28 00:17:37.164 [scheduling-1] DEBUG com.perfstore.aspect.LoggingAspect - Enter: com.perfstore.service.OrderCleanupScheduler.cancelUnpaidOrders() with argument[s] = []
2025-12-28 00:17:37.168 [scheduling-1] DEBUG com.perfstore.aspect.LoggingAspect - Exit: com.perfstore.service.OrderCleanupScheduler.cancelUnpaidOrders() with result = null
2025-12-28 00:18:37.172 [scheduling-1] DEBUG com.perfstore.aspect.LoggingAspect - Enter: com.perfstore.service.OrderCleanupScheduler.cancelUnpaidOrders() with argument[s] = []
2025-12-28 00:18:37.175 [scheduling-1] DEBUG com.perfstore.aspect.LoggingAspect - Exit: com.perfstore.service.OrderCleanupScheduler.cancelUnpaidOrders() with result = null
2025-12-28 00:19:37.170 [scheduling-1] DEBUG com.perfstore.aspect.LoggingAspect - Enter: com.perfstore.service.OrderCleanupScheduler.cancelUnpaidOrders() with argument[s] = []
2025-12-28 00:19:37.173 [scheduling-1] DEBUG com.perfstore.aspect.LoggingAspect - Exit: com.perfstore.service.OrderCleanupScheduler.cancelUnpaidOrders() with result = null
2025-12-28 00:20:37.172 [scheduling-1] DEBUG com.perfstore.aspect.LoggingAspect - Enter: com.perfstore.service.OrderCleanupScheduler.cancelUnpaidOrders() with argument[s] = []
2025-12-28 00:20:37.174 [scheduling-1] DEBUG com.perfstore.aspect.LoggingAspect - Exit: com.perfstore.service.OrderCleanupScheduler.cancelUnpaidOrders() with result = null
2025-12-28 00:21:37.166 [scheduling-1] DEBUG com.perfstore.aspect.LoggingAspect - Enter: com.perfstore.service.OrderCleanupScheduler.cancelUnpaidOrders() with argument[s] = []
2025-12-28 00:21:37.169 [scheduling-1] DEBUG com.perfstore.aspect.LoggingAspect - Exit: com.perfstore.service.OrderCleanupScheduler.cancelUnpaidOrders() with result = null
2025-12-28 00:22:37.175 [scheduling-1] DEBUG com.perfstore.aspect.LoggingAspect - Enter: com.perfstore.service.OrderCleanupScheduler.cancelUnpaidOrders() with argument[s] = []
2025-12-28 00:22:37.178 [scheduling-1] DEBUG com.perfstore.aspect.LoggingAspect - Exit: com.perfstore.service.OrderCleanupScheduler.cancelUnpaidOrders() with result = null
2025-12-28 00:23:37.168 [scheduling-1] DEBUG com.perfstore.aspect.LoggingAspect - Enter: com.perfstore.service.OrderCleanupScheduler.cancelUnpaidOrders() with argument[s] = []
2025-12-28 00:23:37.171 [scheduling-1] DEBUG com.perfstore.aspect.LoggingAspect - Exit: com.perfstore.service.OrderCleanupScheduler.cancelUnpaidOrders() with result = null
2025-12-28 00:24:37.166 [scheduling-1] DEBUG com.perfstore.aspect.LoggingAspect - Enter: com.perfstore.service.OrderCleanupScheduler.cancelUnpaidOrders() with argument[s] = []
2025-12-28 00:24:37.169 [scheduling-1] DEBUG com.perfstore.aspect.LoggingAspect - Exit: com.perfstore.service.OrderCleanupScheduler.cancelUnpaidOrders() with result = null
2025-12-28 00:25:37.166 [scheduling-1] DEBUG com.perfstore.aspect.LoggingAspect - Enter: com.perfstore.service.OrderCleanupScheduler.cancelUnpaidOrders() with argument[s] = []
2025-12-28 00:25:37.169 [scheduling-1] DEBUG com.perfstore.aspect.LoggingAspect - Exit: com.perfstore.service.OrderCleanupScheduler.cancelUnpaidOrders() with result = null
2025-12-28 00:26:37.175 [scheduling-1] DEBUG com.perfstore.aspect.LoggingAspect - Enter: com.perfstore.service.OrderCleanupScheduler.cancelUnpaidOrders() with argument[s] = []
2025-12-28 00:26:37.178 [scheduling-1] DEBUG com.perfstore.aspect.LoggingAspect - Exit: com.perfstore.service.OrderCleanupScheduler.cancelUnpaidOrders() with result = null
2025-12-28 00:27:37.163 [scheduling-1] DEBUG com.perfstore.aspect.LoggingAspect - Enter: com.perfstore.service.OrderCleanupScheduler.cancelUnpaidOrders() with argument[s] = []
2025-12-28 00:27:37.167 [scheduling-1] DEBUG com.perfstore.aspect.LoggingAspect - Exit: com.perfstore.service.OrderCleanupScheduler.cancelUnpaidOrders() with result = null
2025-12-28 00:28:37.178 [scheduling-1] DEBUG com.perfstore.aspect.LoggingAspect - Enter: com.perfstore.service.OrderCleanupScheduler.cancelUnpaidOrders() with argument[s] = []
2025-12-28 00:28:37.181 [scheduling-1] DEBUG com.perfstore.aspect.LoggingAspect - Exit: com.perfstore.service.OrderCleanupScheduler.cancelUnpaidOrders() with result = null
2025-12-28 00:29:37.164 [scheduling-1] DEBUG com.perfstore.aspect.LoggingAspect - Enter: com.perfstore.service.OrderCleanupScheduler.cancelUnpaidOrders() with argument[s] = []
2025-12-28 00:29:37.168 [scheduling-1] DEBUG com.perfstore.aspect.LoggingAspect - Exit: com.perfstore.service.OrderCleanupScheduler.cancelUnpaidOrders() with result = null
2025-12-28 00:30:37.170 [scheduling-1] DEBUG com.perfstore.aspect.LoggingAspect - Enter: com.perfstore.service.OrderCleanupScheduler.cancelUnpaidOrders() with argument[s] = []
2025-12-28 00:30:37.173 [scheduling-1] DEBUG com.perfstore.aspect.LoggingAspect - Exit: com.perfstore.service.OrderCleanupScheduler.cancelUnpaidOrders() with result = null
2025-12-28 00:31:37.164 [scheduling-1] DEBUG com.perfstore.aspect.LoggingAspect - Enter: com.perfstore.service.OrderCleanupScheduler.cancelUnpaidOrders() with argument[s] = []
2025-12-28 00:31:37.168 [scheduling-1] DEBUG com.perfstore.aspect.LoggingAspect - Exit: com.perfstore.service.OrderCleanupScheduler.cancelUnpaidOrders() with result = null
2025-12-28 00:32:37.165 [scheduling-1] DEBUG com.perfstore.aspect.LoggingAspect - Enter: com.perfstore.service.OrderCleanupScheduler.cancelUnpaidOrders() with argument[s] = []
2025-12-28 00:32:37.168 [scheduling-1] DEBUG com.perfstore.aspect.LoggingAspect - Exit: com.perfstore.service.OrderCleanupScheduler.cancelUnpaidOrders() with result = null
2025-12-28 00:33:37.168 [scheduling-1] DEBUG com.perfstore.aspect.LoggingAspect - Enter: com.perfstore.service.OrderCleanupScheduler.cancelUnpaidOrders() with argument[s] = []
2025-12-28 00:33:37.171 [scheduling-1] DEBUG com.perfstore.aspect.LoggingAspect - Exit: com.perfstore.service.OrderCleanupScheduler.cancelUnpaidOrders() with result = null
2025-12-28 00:34:37.176 [scheduling-1] DEBUG com.perfstore.aspect.LoggingAspect - Enter: com.perfstore.service.OrderCleanupScheduler.cancelUnpaidOrders() with argument[s] = []
2025-12-28 00:34:37.180 [scheduling-1] DEBUG com.perfstore.aspect.LoggingAspect - Exit: com.perfstore.service.OrderCleanupScheduler.cancelUnpaidOrders() with result = null
2025-12-28 00:35:37.170 [scheduling-1] DEBUG com.perfstore.aspect.LoggingAspect - Enter: com.perfstore.service.OrderCleanupScheduler.cancelUnpaidOrders() with argument[s] = []
2025-12-28 00:35:37.175 [scheduling-1] DEBUG com.perfstore.aspect.LoggingAspect - Exit: com.perfstore.service.OrderCleanupScheduler.cancelUnpaidOrders() with result = null
2025-12-28 00:36:37.174 [scheduling-1] DEBUG com.perfstore.aspect.LoggingAspect - Enter: com.perfstore.service.OrderCleanupScheduler.cancelUnpaidOrders() with argument[s] = []
2025-12-28 00:36:37.177 [scheduling-1] DEBUG com.perfstore.aspect.LoggingAspect - Exit: com.perfstore.service.OrderCleanupScheduler.cancelUnpaidOrders() with result = null
2025-12-28 00:37:37.167 [scheduling-1] DEBUG com.perfstore.aspect.LoggingAspect - Enter: com.perfstore.service.OrderCleanupScheduler.cancelUnpaidOrders() with argument[s] = []
2025-12-28 00:37:37.169 [scheduling-1] DEBUG com.perfstore.aspect.LoggingAspect - Exit: com.perfstore.service.OrderCleanupScheduler.cancelUnpaidOrders() with result = null
2025-12-28 00:38:37.164 [scheduling-1] DEBUG com.perfstore.aspect.LoggingAspect - Enter: com.perfstore.service.OrderCleanupScheduler.cancelUnpaidOrders() with argument[s] = []
2025-12-28 00:38:37.168 [scheduling-1] DEBUG com.perfstore.aspect.LoggingAspect - Exit: com.perfstore.service.OrderCleanupScheduler.cancelUnpaidOrders() with result = null
2025-12-28 00:39:31.357 [http-nio-8080-exec-3] DEBUG com.perfstore.aspect.LoggingAspect - Enter: com.perfstore.controller.ProductController.getAllProducts() with argument[s] = []
2025-12-28 00:39:31.357 [http-nio-8080-exec-3] DEBUG com.perfstore.aspect.LoggingAspect - Enter: com.perfstore.service.ProductService.getAllProducts() with argument[s] = []
2025-12-28 00:39:31.373 [http-nio-8080-exec-3] DEBUG com.perfstore.aspect.LoggingAspect - Exit: com.perfstore.service.ProductService.getAllProducts() with result = [com.perfstore.dto.ProductDto$Response@127aeb96, com.perfstore.dto.ProductDto$Response@5e9d749a, com.perfstore.dto.ProductDto$Response@3a09a3f3, com.perfstore.dto.ProductDto$Response@735febd8, com.perfstore.dto.ProductDto$Response@36bc987e, com.perfstore.dto.ProductDto$Response@3b01397]
2025-12-28 00:39:31.374 [http-nio-8080-exec-3] DEBUG com.perfstore.aspect.LoggingAspect - Exit: com.perfstore.controller.ProductController.getAllProducts() with result = <200 OK OK,[com.perfstore.dto.ProductDto$Response@127aeb96, com.perfstore.dto.ProductDto$Response@5e9d749a, com.perfstore.dto.ProductDto$Response@3a09a3f3, com.perfstore.dto.ProductDto$Response@735febd8, com.perfstore.dto.ProductDto$Response@36bc987e, com.perfstore.dto.ProductDto$Response@3b01397],[]>
2025-12-28 00:39:31.385 [http-nio-8080-exec-5] DEBUG com.perfstore.aspect.LoggingAspect - Enter: com.perfstore.controller.CategoryController.getAllCategories() with argument[s] = []
2025-12-28 00:39:31.385 [http-nio-8080-exec-5] DEBUG com.perfstore.aspect.LoggingAspect - Enter: com.perfstore.service.CategoryService.getAllCategories() with argument[s] = []
2025-12-28 00:39:31.392 [http-nio-8080-exec-5] DEBUG com.perfstore.aspect.LoggingAspect - Exit: com.perfstore.service.CategoryService.getAllCategories() with result = [com.perfstore.dto.CategoryDto$Response@6079b4c6, com.perfstore.dto.CategoryDto$Response@40cbbe4, com.perfstore.dto.CategoryDto$Response@606ce401, com.perfstore.dto.CategoryDto$Response@66333a8a]
2025-12-28 00:39:31.393 [http-nio-8080-exec-5] DEBUG com.perfstore.aspect.LoggingAspect - Exit: com.perfstore.controller.CategoryController.getAllCategories() with result = <200 OK OK,[com.perfstore.dto.CategoryDto$Response@6079b4c6, com.perfstore.dto.CategoryDto$Response@40cbbe4, com.perfstore.dto.CategoryDto$Response@606ce401, com.perfstore.dto.CategoryDto$Response@66333a8a],[]>
2025-12-28 00:39:37.174 [scheduling-1] DEBUG com.perfstore.aspect.LoggingAspect - Enter: com.perfstore.service.OrderCleanupScheduler.cancelUnpaidOrders() with argument[s] = []
2025-12-28 00:39:37.177 [scheduling-1] DEBUG com.perfstore.aspect.LoggingAspect - Exit: com.perfstore.service.OrderCleanupScheduler.cancelUnpaidOrders() with result = null
2025-12-28 00:40:37.173 [scheduling-1] DEBUG com.perfstore.aspect.LoggingAspect - Enter: com.perfstore.service.OrderCleanupScheduler.cancelUnpaidOrders() with argument[s] = []
2025-12-28 00:40:37.178 [scheduling-1] DEBUG com.perfstore.aspect.LoggingAspect - Exit: com.perfstore.service.OrderCleanupScheduler.cancelUnpaidOrders() with result = null
2025-12-28 00:41:37.166 [scheduling-1] DEBUG com.perfstore.aspect.LoggingAspect - Enter: com.perfstore.service.OrderCleanupScheduler.cancelUnpaidOrders() with argument[s] = []
2025-12-28 00:41:37.170 [scheduling-1] DEBUG com.perfstore.aspect.LoggingAspect - Exit: com.perfstore.service.OrderCleanupScheduler.cancelUnpaidOrders() with result = null
2025-12-28 00:42:37.174 [scheduling-1] DEBUG com.perfstore.aspect.LoggingAspect - Enter: com.perfstore.service.OrderCleanupScheduler.cancelUnpaidOrders() with argument[s] = []
2025-12-28 00:42:37.177 [scheduling-1] DEBUG com.perfstore.aspect.LoggingAspect - Exit: com.perfstore.service.OrderCleanupScheduler.cancelUnpaidOrders() with result = null
2025-12-28 00:43:37.170 [scheduling-1] DEBUG com.perfstore.aspect.LoggingAspect - Enter: com.perfstore.service.OrderCleanupScheduler.cancelUnpaidOrders() with argument[s] = []
2025-12-28 00:43:37.175 [scheduling-1] DEBUG com.perfstore.aspect.LoggingAspect - Exit: com.perfstore.service.OrderCleanupScheduler.cancelUnpaidOrders() with result = null
2025-12-28 00:44:37.178 [scheduling-1] DEBUG com.perfstore.aspect.LoggingAspect - Enter: com.perfstore.service.OrderCleanupScheduler.cancelUnpaidOrders() with argument[s] = []
2025-12-28 00:44:37.181 [scheduling-1] DEBUG com.perfstore.aspect.LoggingAspect - Exit: com.perfstore.service.OrderCleanupScheduler.cancelUnpaidOrders() with result = null
2025-12-28 00:48:04.671 [main] INFO  com.perfstore.PerfstoreApplication - Starting PerfstoreApplication using Java 21.0.9 with PID 18636 (C:\Users\Oğuzhan\Desktop\perfstore-main\target\classes started by Oğuzhan in C:\Users\Oğuzhan\Desktop\perfstore-main)
2025-12-28 00:48:04.672 [main] DEBUG com.perfstore.PerfstoreApplication - Running with Spring Boot v3.2.0, Spring v6.1.1
2025-12-28 00:48:04.672 [main] INFO  com.perfstore.PerfstoreApplication - No active profile set, falling back to 1 default profile: "default"
2025-12-28 00:48:05.208 [main] INFO  o.s.d.r.c.RepositoryConfigurationDelegate - Bootstrapping Spring Data JPA repositories in DEFAULT mode.
2025-12-28 00:48:05.265 [main] INFO  o.s.d.r.c.RepositoryConfigurationDelegate - Finished Spring Data repository scanning in 50 ms. Found 8 JPA repository interfaces.
2025-12-28 00:48:05.781 [main] INFO  o.s.b.w.e.tomcat.TomcatWebServer - Tomcat initialized with port 8080 (http)
2025-12-28 00:48:05.792 [main] INFO  o.a.catalina.core.StandardService - Starting service [Tomcat]
2025-12-28 00:48:05.793 [main] INFO  o.a.catalina.core.StandardEngine - Starting Servlet engine: [Apache Tomcat/10.1.16]
2025-12-28 00:48:05.849 [main] INFO  o.a.c.c.C.[Tomcat].[localhost].[/] - Initializing Spring embedded WebApplicationContext
2025-12-28 00:48:05.849 [main] INFO  o.s.b.w.s.c.ServletWebServerApplicationContext - Root WebApplicationContext: initialization completed in 1145 ms
2025-12-28 00:48:05.954 [main] INFO  o.h.jpa.internal.util.LogHelper - HHH000204: Processing PersistenceUnitInfo [name: default]
2025-12-28 00:48:06.015 [main] INFO  org.hibernate.Version - HHH000412: Hibernate ORM core version 6.3.1.Final
2025-12-28 00:48:06.060 [main] INFO  o.h.c.i.RegionFactoryInitiator - HHH000026: Second-level cache disabled
2025-12-28 00:48:06.233 [main] INFO  o.s.o.j.p.SpringPersistenceUnitInfo - No LoadTimeWeaver setup: ignoring JPA class transformer
2025-12-28 00:48:06.256 [main] INFO  com.zaxxer.hikari.HikariDataSource - HikariPool-1 - Starting...
2025-12-28 00:48:06.416 [main] INFO  com.zaxxer.hikari.pool.HikariPool - HikariPool-1 - Added connection com.mysql.cj.jdbc.ConnectionImpl@47797401
2025-12-28 00:48:06.417 [main] INFO  com.zaxxer.hikari.HikariDataSource - HikariPool-1 - Start completed.
2025-12-28 00:48:06.461 [main] WARN  org.hibernate.orm.deprecation - HHH90000025: MySQLDialect does not need to be specified explicitly using 'hibernate.dialect' (remove the property setting and it will be selected by default)
2025-12-28 00:48:07.237 [main] INFO  o.h.e.t.j.p.i.JtaPlatformInitiator - HHH000489: No JTA platform available (set 'hibernate.transaction.jta.platform' to enable JTA platform integration)
2025-12-28 00:48:08.034 [main] INFO  o.s.o.j.LocalContainerEntityManagerFactoryBean - Initialized JPA EntityManagerFactory for persistence unit 'default'
2025-12-28 00:48:08.316 [main] DEBUG c.p.config.TokenAuthenticationFilter - Filter 'tokenAuthenticationFilter' configured for use
2025-12-28 00:48:08.459 [main] INFO  o.s.d.j.r.query.QueryEnhancerFactory - Hibernate is in classpath; If applicable, HQL parser will be used.
2025-12-28 00:48:08.742 [main] WARN  o.s.b.a.o.j.JpaBaseConfiguration$JpaWebConfiguration - spring.jpa.open-in-view is enabled by default. Therefore, database queries may be performed during view rendering. Explicitly configure spring.jpa.open-in-view to disable this warning
2025-12-28 00:48:08.754 [main] WARN  o.s.b.a.s.s.UserDetailsServiceAutoConfiguration - 

Using generated security password: d157bcb2-dbfc-48ed-b3ab-ecae66cf9829

This generated password is for development use only. Your security configuration must be updated before running your application in production.

2025-12-28 00:48:08.807 [main] INFO  o.s.b.a.w.s.WelcomePageHandlerMapping - Adding welcome page: class path resource [static/index.html]
2025-12-28 00:48:08.901 [main] INFO  o.s.s.web.DefaultSecurityFilterChain - Will secure any request with [org.springframework.security.web.session.DisableEncodeUrlFilter@27e0906f, org.springframework.security.web.context.request.async.WebAsyncManagerIntegrationFilter@14432052, org.springframework.security.web.context.SecurityContextHolderFilter@32107bba, org.springframework.security.web.header.HeaderWriterFilter@6089c1e3, org.springframework.web.filter.CorsFilter@7f6c85c4, org.springframework.security.web.authentication.logout.LogoutFilter@5ab45d66, com.perfstore.config.TokenAuthenticationFilter@7925e772, org.springframework.security.web.savedrequest.RequestCacheAwareFilter@3759ea4d, org.springframework.security.web.servletapi.SecurityContextHolderAwareRequestFilter@7c75f3a8, org.springframework.security.web.authentication.AnonymousAuthenticationFilter@319c77de, org.springframework.security.web.session.SessionManagementFilter@7acb0a44, org.springframework.security.web.access.ExceptionTranslationFilter@6c366d3, org.springframework.security.web.access.intercept.AuthorizationFilter@bf70ce5]
2025-12-28 00:48:09.036 [main] INFO  o.s.b.w.e.tomcat.TomcatWebServer - Tomcat started on port 8080 (http) with context path ''
2025-12-28 00:48:09.042 [main] INFO  com.perfstore.PerfstoreApplication - Started PerfstoreApplication in 4.798 seconds (process running for 5.051)
2025-12-28 00:48:09.054 [scheduling-1] DEBUG com.perfstore.aspect.LoggingAspect - Enter: com.perfstore.service.OrderCleanupScheduler.cancelUnpaidOrders() with argument[s] = []
2025-12-28 00:48:09.114 [scheduling-1] DEBUG com.perfstore.aspect.LoggingAspect - Exit: com.perfstore.service.OrderCleanupScheduler.cancelUnpaidOrders() with result = null
2025-12-28 00:49:09.058 [scheduling-1] DEBUG com.perfstore.aspect.LoggingAspect - Enter: com.perfstore.service.OrderCleanupScheduler.cancelUnpaidOrders() with argument[s] = []
2025-12-28 00:49:09.063 [scheduling-1] DEBUG com.perfstore.aspect.LoggingAspect - Exit: com.perfstore.service.OrderCleanupScheduler.cancelUnpaidOrders() with result = null
2025-12-28 00:49:30.294 [http-nio-8080-exec-1] INFO  o.a.c.c.C.[Tomcat].[localhost].[/] - Initializing Spring DispatcherServlet 'dispatcherServlet'
2025-12-28 00:49:30.294 [http-nio-8080-exec-1] INFO  o.s.web.servlet.DispatcherServlet - Initializing Servlet 'dispatcherServlet'
2025-12-28 00:49:30.295 [http-nio-8080-exec-1] INFO  o.s.web.servlet.DispatcherServlet - Completed initialization in 1 ms
2025-12-28 00:49:30.302 [http-nio-8080-exec-1] WARN  o.s.w.s.h.HandlerMappingIntrospector - Cache miss for REQUEST dispatch to '/api/products' (previous null). Performing CorsConfiguration lookup. This is logged once only at WARN level, and every time at TRACE.
2025-12-28 00:49:30.310 [http-nio-8080-exec-1] WARN  o.s.w.s.h.HandlerMappingIntrospector - Cache miss for REQUEST dispatch to '/api/products' (previous null). Performing MatchableHandlerMapping lookup. This is logged once only at WARN level, and every time at TRACE.
2025-12-28 00:49:30.321 [http-nio-8080-exec-1] DEBUG com.perfstore.aspect.LoggingAspect - Enter: com.perfstore.controller.ProductController.getAllProducts() with argument[s] = []
2025-12-28 00:49:30.322 [http-nio-8080-exec-1] DEBUG com.perfstore.aspect.LoggingAspect - Enter: com.perfstore.service.ProductService.getAllProducts() with argument[s] = []
2025-12-28 00:49:30.342 [http-nio-8080-exec-1] DEBUG com.perfstore.aspect.LoggingAspect - Exit: com.perfstore.service.ProductService.getAllProducts() with result = [com.perfstore.dto.ProductDto$Response@4a8012a4, com.perfstore.dto.ProductDto$Response@62308cd7, com.perfstore.dto.ProductDto$Response@2380e8c2, com.perfstore.dto.ProductDto$Response@188cbd9f, com.perfstore.dto.ProductDto$Response@52539918, com.perfstore.dto.ProductDto$Response@3463e1b1]
2025-12-28 00:49:30.349 [http-nio-8080-exec-1] DEBUG com.perfstore.aspect.LoggingAspect - Exit: com.perfstore.controller.ProductController.getAllProducts() with result = <200 OK OK,[com.perfstore.dto.ProductDto$Response@4a8012a4, com.perfstore.dto.ProductDto$Response@62308cd7, com.perfstore.dto.ProductDto$Response@2380e8c2, com.perfstore.dto.ProductDto$Response@188cbd9f, com.perfstore.dto.ProductDto$Response@52539918, com.perfstore.dto.ProductDto$Response@3463e1b1],[]>
2025-12-28 00:49:30.412 [http-nio-8080-exec-2] DEBUG com.perfstore.aspect.LoggingAspect - Enter: com.perfstore.controller.CategoryController.getAllCategories() with argument[s] = []
2025-12-28 00:49:30.413 [http-nio-8080-exec-2] DEBUG com.perfstore.aspect.LoggingAspect - Enter: com.perfstore.service.CategoryService.getAllCategories() with argument[s] = []
2025-12-28 00:49:30.419 [http-nio-8080-exec-2] DEBUG com.perfstore.aspect.LoggingAspect - Exit: com.perfstore.service.CategoryService.getAllCategories() with result = [com.perfstore.dto.CategoryDto$Response@4240e428, com.perfstore.dto.CategoryDto$Response@57d4ea40, com.perfstore.dto.CategoryDto$Response@6d0c05c5, com.perfstore.dto.CategoryDto$Response@6f827111]
2025-12-28 00:49:30.419 [http-nio-8080-exec-2] DEBUG com.perfstore.aspect.LoggingAspect - Exit: com.perfstore.controller.CategoryController.getAllCategories() with result = <200 OK OK,[com.perfstore.dto.CategoryDto$Response@4240e428, com.perfstore.dto.CategoryDto$Response@57d4ea40, com.perfstore.dto.CategoryDto$Response@6d0c05c5, com.perfstore.dto.CategoryDto$Response@6f827111],[]>
2025-12-28 00:50:09.047 [scheduling-1] DEBUG com.perfstore.aspect.LoggingAspect - Enter: com.perfstore.service.OrderCleanupScheduler.cancelUnpaidOrders() with argument[s] = []
2025-12-28 00:50:09.050 [scheduling-1] DEBUG com.perfstore.aspect.LoggingAspect - Exit: com.perfstore.service.OrderCleanupScheduler.cancelUnpaidOrders() with result = null
2025-12-28 00:51:09.049 [scheduling-1] DEBUG com.perfstore.aspect.LoggingAspect - Enter: com.perfstore.service.OrderCleanupScheduler.cancelUnpaidOrders() with argument[s] = []
2025-12-28 00:51:09.054 [scheduling-1] DEBUG com.perfstore.aspect.LoggingAspect - Exit: com.perfstore.service.OrderCleanupScheduler.cancelUnpaidOrders() with result = null
2025-12-28 00:52:09.049 [scheduling-1] DEBUG com.perfstore.aspect.LoggingAspect - Enter: com.perfstore.service.OrderCleanupScheduler.cancelUnpaidOrders() with argument[s] = []
2025-12-28 00:52:09.054 [scheduling-1] DEBUG com.perfstore.aspect.LoggingAspect - Exit: com.perfstore.service.OrderCleanupScheduler.cancelUnpaidOrders() with result = null
2025-12-28 00:53:09.047 [scheduling-1] DEBUG com.perfstore.aspect.LoggingAspect - Enter: com.perfstore.service.OrderCleanupScheduler.cancelUnpaidOrders() with argument[s] = []
2025-12-28 00:53:09.051 [scheduling-1] DEBUG com.perfstore.aspect.LoggingAspect - Exit: com.perfstore.service.OrderCleanupScheduler.cancelUnpaidOrders() with result = null
2025-12-28 00:54:09.053 [scheduling-1] DEBUG com.perfstore.aspect.LoggingAspect - Enter: com.perfstore.service.OrderCleanupScheduler.cancelUnpaidOrders() with argument[s] = []
2025-12-28 00:54:09.056 [scheduling-1] DEBUG com.perfstore.aspect.LoggingAspect - Exit: com.perfstore.service.OrderCleanupScheduler.cancelUnpaidOrders() with result = null
2025-12-28 00:55:09.057 [scheduling-1] DEBUG com.perfstore.aspect.LoggingAspect - Enter: com.perfstore.service.OrderCleanupScheduler.cancelUnpaidOrders() with argument[s] = []
2025-12-28 00:55:09.061 [scheduling-1] DEBUG com.perfstore.aspect.LoggingAspect - Exit: com.perfstore.service.OrderCleanupScheduler.cancelUnpaidOrders() with result = null
2025-12-28 00:56:09.050 [scheduling-1] DEBUG com.perfstore.aspect.LoggingAspect - Enter: com.perfstore.service.OrderCleanupScheduler.cancelUnpaidOrders() with argument[s] = []
2025-12-28 00:56:09.056 [scheduling-1] DEBUG com.perfstore.aspect.LoggingAspect - Exit: com.perfstore.service.OrderCleanupScheduler.cancelUnpaidOrders() with result = null
2025-12-28 00:57:09.048 [scheduling-1] DEBUG com.perfstore.aspect.LoggingAspect - Enter: com.perfstore.service.OrderCleanupScheduler.cancelUnpaidOrders() with argument[s] = []
2025-12-28 00:57:09.052 [scheduling-1] DEBUG com.perfstore.aspect.LoggingAspect - Exit: com.perfstore.service.OrderCleanupScheduler.cancelUnpaidOrders() with result = null
2025-12-28 00:58:09.057 [scheduling-1] DEBUG com.perfstore.aspect.LoggingAspect - Enter: com.perfstore.service.OrderCleanupScheduler.cancelUnpaidOrders() with argument[s] = []
2025-12-28 00:58:09.060 [scheduling-1] DEBUG com.perfstore.aspect.LoggingAspect - Exit: com.perfstore.service.OrderCleanupScheduler.cancelUnpaidOrders() with result = null
2025-12-28 00:59:09.055 [scheduling-1] DEBUG com.perfstore.aspect.LoggingAspect - Enter: com.perfstore.service.OrderCleanupScheduler.cancelUnpaidOrders() with argument[s] = []
2025-12-28 00:59:09.058 [scheduling-1] DEBUG com.perfstore.aspect.LoggingAspect - Exit: com.perfstore.service.OrderCleanupScheduler.cancelUnpaidOrders() with result = null
2025-12-28 01:00:09.055 [scheduling-1] DEBUG com.perfstore.aspect.LoggingAspect - Enter: com.perfstore.service.OrderCleanupScheduler.cancelUnpaidOrders() with argument[s] = []
2025-12-28 01:00:09.058 [scheduling-1] DEBUG com.perfstore.aspect.LoggingAspect - Exit: com.perfstore.service.OrderCleanupScheduler.cancelUnpaidOrders() with result = null
2025-12-28 01:01:09.051 [scheduling-1] DEBUG com.perfstore.aspect.LoggingAspect - Enter: com.perfstore.service.OrderCleanupScheduler.cancelUnpaidOrders() with argument[s] = []
2025-12-28 01:01:09.056 [scheduling-1] DEBUG com.perfstore.aspect.LoggingAspect - Exit: com.perfstore.service.OrderCleanupScheduler.cancelUnpaidOrders() with result = null
2025-12-28 01:02:09.046 [scheduling-1] DEBUG com.perfstore.aspect.LoggingAspect - Enter: com.perfstore.service.OrderCleanupScheduler.cancelUnpaidOrders() with argument[s] = []
2025-12-28 01:02:09.049 [scheduling-1] DEBUG com.perfstore.aspect.LoggingAspect - Exit: com.perfstore.service.OrderCleanupScheduler.cancelUnpaidOrders() with result = null
2025-12-28 01:03:09.052 [scheduling-1] DEBUG com.perfstore.aspect.LoggingAspect - Enter: com.perfstore.service.OrderCleanupScheduler.cancelUnpaidOrders() with argument[s] = []
2025-12-28 01:03:09.056 [scheduling-1] DEBUG com.perfstore.aspect.LoggingAspect - Exit: com.perfstore.service.OrderCleanupScheduler.cancelUnpaidOrders() with result = null
2025-12-28 01:04:09.047 [scheduling-1] DEBUG com.perfstore.aspect.LoggingAspect - Enter: com.perfstore.service.OrderCleanupScheduler.cancelUnpaidOrders() with argument[s] = []
2025-12-28 01:04:09.053 [scheduling-1] DEBUG com.perfstore.aspect.LoggingAspect - Exit: com.perfstore.service.OrderCleanupScheduler.cancelUnpaidOrders() with result = null
2025-12-28 01:05:09.045 [scheduling-1] DEBUG com.perfstore.aspect.LoggingAspect - Enter: com.perfstore.service.OrderCleanupScheduler.cancelUnpaidOrders() with argument[s] = []
2025-12-28 01:05:09.050 [scheduling-1] DEBUG com.perfstore.aspect.LoggingAspect - Exit: com.perfstore.service.OrderCleanupScheduler.cancelUnpaidOrders() with result = null
2025-12-28 01:06:36.441 [main] INFO  com.perfstore.PerfstoreApplication - Starting PerfstoreApplication using Java 21.0.9 with PID 9708 (C:\Users\Oğuzhan\Desktop\perfstore-main\target\classes started by Oğuzhan in C:\Users\Oğuzhan\Desktop\perfstore-main)
2025-12-28 01:06:36.442 [main] DEBUG com.perfstore.PerfstoreApplication - Running with Spring Boot v3.2.0, Spring v6.1.1
2025-12-28 01:06:36.442 [main] INFO  com.perfstore.PerfstoreApplication - No active profile set, falling back to 1 default profile: "default"
2025-12-28 01:06:36.830 [main] INFO  o.s.d.r.c.RepositoryConfigurationDelegate - Bootstrapping Spring Data JPA repositories in DEFAULT mode.
2025-12-28 01:06:36.874 [main] INFO  o.s.d.r.c.RepositoryConfigurationDelegate - Finished Spring Data repository scanning in 38 ms. Found 8 JPA repository interfaces.
2025-12-28 01:06:37.230 [main] INFO  o.s.b.w.e.tomcat.TomcatWebServer - Tomcat initialized with port 8080 (http)
2025-12-28 01:06:37.237 [main] INFO  o.a.catalina.core.StandardService - Starting service [Tomcat]
2025-12-28 01:06:37.237 [main] INFO  o.a.catalina.core.StandardEngine - Starting Servlet engine: [Apache Tomcat/10.1.16]
2025-12-28 01:06:37.274 [main] INFO  o.a.c.c.C.[Tomcat].[localhost].[/] - Initializing Spring embedded WebApplicationContext
2025-12-28 01:06:37.275 [main] INFO  o.s.b.w.s.c.ServletWebServerApplicationContext - Root WebApplicationContext: initialization completed in 808 ms
2025-12-28 01:06:37.350 [main] INFO  o.h.jpa.internal.util.LogHelper - HHH000204: Processing PersistenceUnitInfo [name: default]
2025-12-28 01:06:37.381 [main] INFO  org.hibernate.Version - HHH000412: Hibernate ORM core version 6.3.1.Final
2025-12-28 01:06:37.406 [main] INFO  o.h.c.i.RegionFactoryInitiator - HHH000026: Second-level cache disabled
2025-12-28 01:06:37.530 [main] INFO  o.s.o.j.p.SpringPersistenceUnitInfo - No LoadTimeWeaver setup: ignoring JPA class transformer
2025-12-28 01:06:37.547 [main] INFO  com.zaxxer.hikari.HikariDataSource - HikariPool-1 - Starting...
2025-12-28 01:06:37.650 [main] INFO  com.zaxxer.hikari.pool.HikariPool - HikariPool-1 - Added connection com.mysql.cj.jdbc.ConnectionImpl@3c346c45
2025-12-28 01:06:37.653 [main] INFO  com.zaxxer.hikari.HikariDataSource - HikariPool-1 - Start completed.
2025-12-28 01:06:37.682 [main] WARN  org.hibernate.orm.deprecation - HHH90000025: MySQLDialect does not need to be specified explicitly using 'hibernate.dialect' (remove the property setting and it will be selected by default)
2025-12-28 01:06:38.226 [main] INFO  o.h.e.t.j.p.i.JtaPlatformInitiator - HHH000489: No JTA platform available (set 'hibernate.transaction.jta.platform' to enable JTA platform integration)
2025-12-28 01:06:38.293 [main] INFO  o.s.o.j.LocalContainerEntityManagerFactoryBean - Initialized JPA EntityManagerFactory for persistence unit 'default'
2025-12-28 01:06:38.529 [main] DEBUG c.p.config.TokenAuthenticationFilter - Filter 'tokenAuthenticationFilter' configured for use
2025-12-28 01:06:38.670 [main] INFO  o.s.d.j.r.query.QueryEnhancerFactory - Hibernate is in classpath; If applicable, HQL parser will be used.
2025-12-28 01:06:38.939 [main] WARN  o.s.b.a.o.j.JpaBaseConfiguration$JpaWebConfiguration - spring.jpa.open-in-view is enabled by default. Therefore, database queries may be performed during view rendering. Explicitly configure spring.jpa.open-in-view to disable this warning
2025-12-28 01:06:38.951 [main] WARN  o.s.b.a.s.s.UserDetailsServiceAutoConfiguration - 

Using generated security password: b5be1888-177f-41d5-a4f3-237220e960ac

This generated password is for development use only. Your security configuration must be updated before running your application in production.

2025-12-28 01:06:39.005 [main] INFO  o.s.b.a.w.s.WelcomePageHandlerMapping - Adding welcome page: class path resource [static/index.html]
2025-12-28 01:06:39.094 [main] INFO  o.s.s.web.DefaultSecurityFilterChain - Will secure any request with [org.springframework.security.web.session.DisableEncodeUrlFilter@1dade178, org.springframework.security.web.context.request.async.WebAsyncManagerIntegrationFilter@561494af, org.springframework.security.web.context.SecurityContextHolderFilter@36117f63, org.springframework.security.web.header.HeaderWriterFilter@547d3e8e, org.springframework.web.filter.CorsFilter@362ad436, org.springframework.security.web.authentication.logout.LogoutFilter@7acb0a44, com.perfstore.config.TokenAuthenticationFilter@16eb01d4, org.springframework.security.web.savedrequest.RequestCacheAwareFilter@55ed76e6, org.springframework.security.web.servletapi.SecurityContextHolderAwareRequestFilter@943184c, org.springframework.security.web.authentication.AnonymousAuthenticationFilter@79beb8a0, org.springframework.security.web.session.SessionManagementFilter@4afdcdf6, org.springframework.security.web.access.ExceptionTranslationFilter@25e01756, org.springframework.security.web.access.intercept.AuthorizationFilter@6655b4e6]
2025-12-28 01:06:39.216 [main] INFO  o.s.b.w.e.tomcat.TomcatWebServer - Tomcat started on port 8080 (http) with context path ''
2025-12-28 01:06:39.223 [main] INFO  com.perfstore.PerfstoreApplication - Started PerfstoreApplication in 3.08 seconds (process running for 3.3)
2025-12-28 01:06:39.232 [scheduling-1] DEBUG com.perfstore.aspect.LoggingAspect - Enter: com.perfstore.service.OrderCleanupScheduler.cancelUnpaidOrders() with argument[s] = []
2025-12-28 01:06:39.279 [scheduling-1] DEBUG com.perfstore.aspect.LoggingAspect - Exit: com.perfstore.service.OrderCleanupScheduler.cancelUnpaidOrders() with result = null
2025-12-28 01:06:50.897 [http-nio-8080-exec-1] INFO  o.a.c.c.C.[Tomcat].[localhost].[/] - Initializing Spring DispatcherServlet 'dispatcherServlet'
2025-12-28 01:06:50.897 [http-nio-8080-exec-1] INFO  o.s.web.servlet.DispatcherServlet - Initializing Servlet 'dispatcherServlet'
2025-12-28 01:06:50.897 [http-nio-8080-exec-1] INFO  o.s.web.servlet.DispatcherServlet - Completed initialization in 0 ms
2025-12-28 01:06:50.907 [http-nio-8080-exec-1] WARN  o.s.w.s.h.HandlerMappingIntrospector - Cache miss for REQUEST dispatch to '/api/categories' (previous null). Performing CorsConfiguration lookup. This is logged once only at WARN level, and every time at TRACE.
2025-12-28 01:06:50.931 [http-nio-8080-exec-2] WARN  o.s.w.s.h.HandlerMappingIntrospector - Cache miss for REQUEST dispatch to '/api/categories' (previous null). Performing MatchableHandlerMapping lookup. This is logged once only at WARN level, and every time at TRACE.
2025-12-28 01:06:50.941 [http-nio-8080-exec-2] DEBUG com.perfstore.aspect.LoggingAspect - Enter: com.perfstore.controller.CategoryController.getAllCategories() with argument[s] = []
2025-12-28 01:06:50.942 [http-nio-8080-exec-2] DEBUG com.perfstore.aspect.LoggingAspect - Enter: com.perfstore.service.CategoryService.getAllCategories() with argument[s] = []
2025-12-28 01:06:50.949 [http-nio-8080-exec-2] DEBUG com.perfstore.aspect.LoggingAspect - Exit: com.perfstore.service.CategoryService.getAllCategories() with result = [com.perfstore.dto.CategoryDto$Response@2365dd33, com.perfstore.dto.CategoryDto$Response@4ed4b5ee, com.perfstore.dto.CategoryDto$Response@6d4637b2, com.perfstore.dto.CategoryDto$Response@58a8c4e7]
2025-12-28 01:06:50.951 [http-nio-8080-exec-2] DEBUG com.perfstore.aspect.LoggingAspect - Exit: com.perfstore.controller.CategoryController.getAllCategories() with result = <200 OK OK,[com.perfstore.dto.CategoryDto$Response@2365dd33, com.perfstore.dto.CategoryDto$Response@4ed4b5ee, com.perfstore.dto.CategoryDto$Response@6d4637b2, com.perfstore.dto.CategoryDto$Response@58a8c4e7],[]>
2025-12-28 01:06:51.592 [http-nio-8080-exec-3] DEBUG com.perfstore.aspect.LoggingAspect - Enter: com.perfstore.controller.CategoryController.getAllCategories() with argument[s] = []
2025-12-28 01:06:51.592 [http-nio-8080-exec-3] DEBUG com.perfstore.aspect.LoggingAspect - Enter: com.perfstore.service.CategoryService.getAllCategories() with argument[s] = []
2025-12-28 01:06:51.600 [http-nio-8080-exec-3] DEBUG com.perfstore.aspect.LoggingAspect - Exit: com.perfstore.service.CategoryService.getAllCategories() with result = [com.perfstore.dto.CategoryDto$Response@17c05716, com.perfstore.dto.CategoryDto$Response@9d13c25, com.perfstore.dto.CategoryDto$Response@78238dc4, com.perfstore.dto.CategoryDto$Response@2b5ddb5e]
2025-12-28 01:06:51.601 [http-nio-8080-exec-3] DEBUG com.perfstore.aspect.LoggingAspect - Exit: com.perfstore.controller.CategoryController.getAllCategories() with result = <200 OK OK,[com.perfstore.dto.CategoryDto$Response@17c05716, com.perfstore.dto.CategoryDto$Response@9d13c25, com.perfstore.dto.CategoryDto$Response@78238dc4, com.perfstore.dto.CategoryDto$Response@2b5ddb5e],[]>
2025-12-28 01:07:13.724 [http-nio-8080-exec-6] DEBUG com.perfstore.aspect.LoggingAspect - Enter: com.perfstore.controller.ProductController.createProduct() with argument[s] = [com.perfstore.dto.ProductDto$CreateRequest@6263c895, null]
2025-12-28 01:07:13.725 [http-nio-8080-exec-6] DEBUG com.perfstore.aspect.LoggingAspect - Enter: com.perfstore.service.ProductService.createProduct() with argument[s] = [com.perfstore.dto.ProductDto$CreateRequest@6263c895]
2025-12-28 01:07:13.782 [http-nio-8080-exec-6] DEBUG com.perfstore.aspect.LoggingAspect - Exit: com.perfstore.service.ProductService.createProduct() with result = com.perfstore.dto.ProductDto$Response@33a6e5ee
2025-12-28 01:07:13.782 [http-nio-8080-exec-6] DEBUG com.perfstore.aspect.LoggingAspect - Exit: com.perfstore.controller.ProductController.createProduct() with result = <200 OK OK,com.perfstore.dto.ProductDto$Response@33a6e5ee,[]>
2025-12-28 01:07:17.963 [http-nio-8080-exec-7] DEBUG com.perfstore.aspect.LoggingAspect - Enter: com.perfstore.controller.CategoryController.getAllCategories() with argument[s] = []
2025-12-28 01:07:17.963 [http-nio-8080-exec-7] DEBUG com.perfstore.aspect.LoggingAspect - Enter: com.perfstore.service.CategoryService.getAllCategories() with argument[s] = []
2025-12-28 01:07:17.969 [http-nio-8080-exec-7] DEBUG com.perfstore.aspect.LoggingAspect - Exit: com.perfstore.service.CategoryService.getAllCategories() with result = [com.perfstore.dto.CategoryDto$Response@32e71179, com.perfstore.dto.CategoryDto$Response@351acdee, com.perfstore.dto.CategoryDto$Response@17524829, com.perfstore.dto.CategoryDto$Response@17853517]
2025-12-28 01:07:17.969 [http-nio-8080-exec-7] DEBUG com.perfstore.aspect.LoggingAspect - Exit: com.perfstore.controller.CategoryController.getAllCategories() with result = <200 OK OK,[com.perfstore.dto.CategoryDto$Response@32e71179, com.perfstore.dto.CategoryDto$Response@351acdee, com.perfstore.dto.CategoryDto$Response@17524829, com.perfstore.dto.CategoryDto$Response@17853517],[]>
2025-12-28 01:07:24.881 [http-nio-8080-exec-5] DEBUG com.perfstore.aspect.LoggingAspect - Enter: com.perfstore.controller.ProductController.createProduct() with argument[s] = [com.perfstore.dto.ProductDto$CreateRequest@46f558fa, org.springframework.web.multipart.support.StandardMultipartHttpServletRequest$StandardMultipartFile@476b343b]
2025-12-28 01:07:24.881 [http-nio-8080-exec-5] DEBUG com.perfstore.aspect.LoggingAspect - Enter: com.perfstore.service.FileStorageService.saveFile() with argument[s] = [org.springframework.web.multipart.support.StandardMultipartHttpServletRequest$StandardMultipartFile@476b343b]
2025-12-28 01:07:26.321 [http-nio-8080-exec-5] DEBUG com.perfstore.aspect.LoggingAspect - Exit: com.perfstore.service.FileStorageService.saveFile() with result = https://res.cloudinary.com/dndh6pkxm/image/upload/v1766873247/rwjbvnz644k9lqzske2o.webp
2025-12-28 01:07:26.321 [http-nio-8080-exec-5] DEBUG com.perfstore.aspect.LoggingAspect - Enter: com.perfstore.service.ProductService.createProduct() with argument[s] = [com.perfstore.dto.ProductDto$CreateRequest@46f558fa]
2025-12-28 01:07:26.362 [http-nio-8080-exec-5] WARN  o.h.e.jdbc.spi.SqlExceptionHelper - SQL Error: 1062, SQLState: 23000
2025-12-28 01:07:26.364 [http-nio-8080-exec-5] ERROR o.h.e.jdbc.spi.SqlExceptionHelper - Duplicate entry 'IPHONEX' for key 'products.UK_fhmd06dsmj6k0n90swsh8ie9g'
2025-12-28 01:07:26.373 [http-nio-8080-exec-5] ERROR com.perfstore.aspect.LoggingAspect - Exception in com.perfstore.service.ProductService.createProduct() with cause = {}
org.hibernate.exception.ConstraintViolationException: could not execute statement [Duplicate entry 'IPHONEX' for key 'products.UK_fhmd06dsmj6k0n90swsh8ie9g'] [insert into products (category_id,description,image_url,name,price,sku,stock_quantity,id) values (?,?,?,?,?,?,?,?)]
	at org.hibernate.exception.internal.SQLExceptionTypeDelegate.convert(SQLExceptionTypeDelegate.java:62)
	at org.hibernate.exception.internal.StandardSQLExceptionConverter.convert(StandardSQLExceptionConverter.java:58)
	at org.hibernate.engine.jdbc.spi.SqlExceptionHelper.convert(SqlExceptionHelper.java:108)
	at org.hibernate.engine.jdbc.internal.ResultSetReturnImpl.executeUpdate(ResultSetReturnImpl.java:283)
	at org.hibernate.engine.jdbc.mutation.internal.AbstractMutationExecutor.performNonBatchedMutation(AbstractMutationExecutor.java:107)
	at org.hibernate.engine.jdbc.mutation.internal.MutationExecutorSingleNonBatched.performNonBatchedOperations(MutationExecutorSingleNonBatched.java:40)
	at org.hibernate.engine.jdbc.mutation.internal.AbstractMutationExecutor.execute(AbstractMutationExecutor.java:52)
	at org.hibernate.persister.entity.mutation.InsertCoordinator.doStaticInserts(InsertCoordinator.java:171)
	at org.hibernate.persister.entity.mutation.InsertCoordinator.coordinateInsert(InsertCoordinator.java:112)
	at org.hibernate.persister.entity.AbstractEntityPersister.insert(AbstractEntityPersister.java:2865)
	at org.hibernate.action.internal.EntityInsertAction.execute(EntityInsertAction.java:102)
	at org.hibernate.engine.spi.ActionQueue.executeActions(ActionQueue.java:631)
	at org.hibernate.engine.spi.ActionQueue.executeActions(ActionQueue.java:498)
	at org.hibernate.event.internal.AbstractFlushingEventListener.performExecutions(AbstractFlushingEventListener.java:363)
	at org.hibernate.event.internal.DefaultFlushEventListener.onFlush(DefaultFlushEventListener.java:39)
	at org.hibernate.event.service.internal.EventListenerGroupImpl.fireEventOnEachListener(EventListenerGroupImpl.java:127)
	at org.hibernate.internal.SessionImpl.doFlush(SessionImpl.java:1415)
	at org.hibernate.internal.SessionImpl.managedFlush(SessionImpl.java:496)
	at org.hibernate.internal.SessionImpl.flushBeforeTransactionCompletion(SessionImpl.java:2325)
	at org.hibernate.internal.SessionImpl.beforeTransactionCompletion(SessionImpl.java:1988)
	at org.hibernate.engine.jdbc.internal.JdbcCoordinatorImpl.beforeTransactionCompletion(JdbcCoordinatorImpl.java:439)
	at org.hibernate.resource.transaction.backend.jdbc.internal.JdbcResourceLocalTransactionCoordinatorImpl.beforeCompletionCallback(JdbcResourceLocalTransactionCoordinatorImpl.java:169)
	at org.hibernate.resource.transaction.backend.jdbc.internal.JdbcResourceLocalTransactionCoordinatorImpl$TransactionDriverControlImpl.commit(JdbcResourceLocalTransactionCoordinatorImpl.java:267)
	at org.hibernate.engine.transaction.internal.TransactionImpl.commit(TransactionImpl.java:101)
	at org.springframework.orm.jpa.JpaTransactionManager.doCommit(JpaTransactionManager.java:561)
	at org.springframework.transaction.support.AbstractPlatformTransactionManager.processCommit(AbstractPlatformTransactionManager.java:794)
	at org.springframework.transaction.support.AbstractPlatformTransactionManager.commit(AbstractPlatformTransactionManager.java:757)
	at org.springframework.transaction.interceptor.TransactionAspectSupport.commitTransactionAfterReturning(TransactionAspectSupport.java:669)
	at org.springframework.transaction.interceptor.TransactionAspectSupport.invokeWithinTransaction(TransactionAspectSupport.java:419)
	at org.springframework.transaction.interceptor.TransactionInterceptor.invoke(TransactionInterceptor.java:119)
	at org.springframework.aop.framework.ReflectiveMethodInvocation.proceed(ReflectiveMethodInvocation.java:184)
	at org.springframework.dao.support.PersistenceExceptionTranslationInterceptor.invoke(PersistenceExceptionTranslationInterceptor.java:137)
	at org.springframework.aop.framework.ReflectiveMethodInvocation.proceed(ReflectiveMethodInvocation.java:184)
	at org.springframework.data.jpa.repository.support.CrudMethodMetadataPostProcessor$CrudMethodMetadataPopulatingMethodInterceptor.invoke(CrudMethodMetadataPostProcessor.java:164)
	at org.springframework.aop.framework.ReflectiveMethodInvocation.proceed(ReflectiveMethodInvocation.java:184)
	at org.springframework.aop.interceptor.ExposeInvocationInterceptor.invoke(ExposeInvocationInterceptor.java:97)
	at org.springframework.aop.framework.ReflectiveMethodInvocation.proceed(ReflectiveMethodInvocation.java:184)
	at org.springframework.aop.framework.JdkDynamicAopProxy.invoke(JdkDynamicAopProxy.java:249)
	at jdk.proxy2/jdk.proxy2.$Proxy145.save(Unknown Source)
	at com.perfstore.service.ProductService.createProduct(ProductService.java:51)
	at java.base/jdk.internal.reflect.DirectMethodHandleAccessor.invoke(DirectMethodHandleAccessor.java:103)
	at java.base/java.lang.reflect.Method.invoke(Method.java:580)
	at org.springframework.aop.support.AopUtils.invokeJoinpointUsingReflection(AopUtils.java:352)
	at org.springframework.aop.framework.ReflectiveMethodInvocation.invokeJoinpoint(ReflectiveMethodInvocation.java:196)
	at org.springframework.aop.framework.ReflectiveMethodInvocation.proceed(ReflectiveMethodInvocation.java:163)
	at org.springframework.aop.framework.CglibAopProxy$CglibMethodInvocation.proceed(CglibAopProxy.java:765)
	at org.springframework.aop.aspectj.AspectJAfterThrowingAdvice.invoke(AspectJAfterThrowingAdvice.java:64)
	at org.springframework.aop.framework.ReflectiveMethodInvocation.proceed(ReflectiveMethodInvocation.java:184)
	at org.springframework.aop.framework.CglibAopProxy$CglibMethodInvocation.proceed(CglibAopProxy.java:765)
	at org.springframework.aop.aspectj.MethodInvocationProceedingJoinPoint.proceed(MethodInvocationProceedingJoinPoint.java:89)
	at com.perfstore.aspect.LoggingAspect.logAround(LoggingAspect.java:67)
	at java.base/jdk.internal.reflect.DirectMethodHandleAccessor.invoke(DirectMethodHandleAccessor.java:103)
	at java.base/java.lang.reflect.Method.invoke(Method.java:580)
	at org.springframework.aop.aspectj.AbstractAspectJAdvice.invokeAdviceMethodWithGivenArgs(AbstractAspectJAdvice.java:637)
	at org.springframework.aop.aspectj.AbstractAspectJAdvice.invokeAdviceMethod(AbstractAspectJAdvice.java:627)
	at org.springframework.aop.aspectj.AspectJAroundAdvice.invoke(AspectJAroundAdvice.java:71)
	at org.springframework.aop.framework.ReflectiveMethodInvocation.proceed(ReflectiveMethodInvocation.java:184)
	at org.springframework.aop.framework.CglibAopProxy$CglibMethodInvocation.proceed(CglibAopProxy.java:765)
	at org.springframework.aop.interceptor.ExposeInvocationInterceptor.invoke(ExposeInvocationInterceptor.java:97)
	at org.springframework.aop.framework.ReflectiveMethodInvocation.proceed(ReflectiveMethodInvocation.java:184)
	at org.springframework.aop.framework.CglibAopProxy$CglibMethodInvocation.proceed(CglibAopProxy.java:765)
	at org.springframework.aop.framework.CglibAopProxy$DynamicAdvisedInterceptor.intercept(CglibAopProxy.java:717)
	at com.perfstore.service.ProductService$$SpringCGLIB$$0.createProduct(<generated>)
	at com.perfstore.controller.ProductController.createProduct(ProductController.java:50)
	at java.base/jdk.internal.reflect.DirectMethodHandleAccessor.invoke(DirectMethodHandleAccessor.java:103)
	at java.base/java.lang.reflect.Method.invoke(Method.java:580)
	at org.springframework.aop.support.AopUtils.invokeJoinpointUsingReflection(AopUtils.java:352)
	at org.springframework.aop.framework.ReflectiveMethodInvocation.invokeJoinpoint(ReflectiveMethodInvocation.java:196)
	at org.springframework.aop.framework.ReflectiveMethodInvocation.proceed(ReflectiveMethodInvocation.java:163)
	at org.springframework.aop.framework.CglibAopProxy$CglibMethodInvocation.proceed(CglibAopProxy.java:765)
	at org.springframework.aop.aspectj.AspectJAfterThrowingAdvice.invoke(AspectJAfterThrowingAdvice.java:64)
	at org.springframework.aop.framework.ReflectiveMethodInvocation.proceed(ReflectiveMethodInvocation.java:184)
	at org.springframework.aop.framework.CglibAopProxy$CglibMethodInvocation.proceed(CglibAopProxy.java:765)
	at org.springframework.aop.aspectj.MethodInvocationProceedingJoinPoint.proceed(MethodInvocationProceedingJoinPoint.java:89)
	at com.perfstore.aspect.LoggingAspect.logAround(LoggingAspect.java:67)
	at java.base/jdk.internal.reflect.DirectMethodHandleAccessor.invoke(DirectMethodHandleAccessor.java:103)
	at java.base/java.lang.reflect.Method.invoke(Method.java:580)
	at org.springframework.aop.aspectj.AbstractAspectJAdvice.invokeAdviceMethodWithGivenArgs(AbstractAspectJAdvice.java:637)
	at org.springframework.aop.aspectj.AbstractAspectJAdvice.invokeAdviceMethod(AbstractAspectJAdvice.java:627)
	at org.springframework.aop.aspectj.AspectJAroundAdvice.invoke(AspectJAroundAdvice.java:71)
	at org.springframework.aop.framework.ReflectiveMethodInvocation.proceed(ReflectiveMethodInvocation.java:184)
	at org.springframework.aop.framework.CglibAopProxy$CglibMethodInvocation.proceed(CglibAopProxy.java:765)
	at org.springframework.aop.interceptor.ExposeInvocationInterceptor.invoke(ExposeInvocationInterceptor.java:97)
	at org.springframework.aop.framework.ReflectiveMethodInvocation.proceed(ReflectiveMethodInvocation.java:184)
	at org.springframework.aop.framework.CglibAopProxy$CglibMethodInvocation.proceed(CglibAopProxy.java:765)
	at org.springframework.aop.framework.CglibAopProxy$DynamicAdvisedInterceptor.intercept(CglibAopProxy.java:717)
	at com.perfstore.controller.ProductController$$SpringCGLIB$$0.createProduct(<generated>)
	at java.base/jdk.internal.reflect.DirectMethodHandleAccessor.invoke(DirectMethodHandleAccessor.java:103)
	at java.base/java.lang.reflect.Method.invoke(Method.java:580)
	at org.springframework.web.method.support.InvocableHandlerMethod.doInvoke(InvocableHandlerMethod.java:254)
	at org.springframework.web.method.support.InvocableHandlerMethod.invokeForRequest(InvocableHandlerMethod.java:182)
	at org.springframework.web.servlet.mvc.method.annotation.ServletInvocableHandlerMethod.invokeAndHandle(ServletInvocableHandlerMethod.java:118)
	at org.springframework.web.servlet.mvc.method.annotation.RequestMappingHandlerAdapter.invokeHandlerMethod(RequestMappingHandlerAdapter.java:917)
	at org.springframework.web.servlet.mvc.method.annotation.RequestMappingHandlerAdapter.handleInternal(RequestMappingHandlerAdapter.java:829)
	at org.springframework.web.servlet.mvc.method.AbstractHandlerMethodAdapter.handle(AbstractHandlerMethodAdapter.java:87)
	at org.springframework.web.servlet.DispatcherServlet.doDispatch(DispatcherServlet.java:1089)
	at org.springframework.web.servlet.DispatcherServlet.doService(DispatcherServlet.java:979)
	at org.springframework.web.servlet.FrameworkServlet.processRequest(FrameworkServlet.java:1014)
	at org.springframework.web.servlet.FrameworkServlet.doPost(FrameworkServlet.java:914)
	at jakarta.servlet.http.HttpServlet.service(HttpServlet.java:590)
	at org.springframework.web.servlet.FrameworkServlet.service(FrameworkServlet.java:885)
	at jakarta.servlet.http.HttpServlet.service(HttpServlet.java:658)
	at org.apache.catalina.core.ApplicationFilterChain.internalDoFilter(ApplicationFilterChain.java:205)
	at org.apache.catalina.core.ApplicationFilterChain.doFilter(ApplicationFilterChain.java:149)
	at org.apache.tomcat.websocket.server.WsFilter.doFilter(WsFilter.java:51)
	at org.apache.catalina.core.ApplicationFilterChain.internalDoFilter(ApplicationFilterChain.java:174)
	at org.apache.catalina.core.ApplicationFilterChain.doFilter(ApplicationFilterChain.java:149)
	at org.springframework.web.filter.OncePerRequestFilter.doFilter(OncePerRequestFilter.java:110)
	at org.apache.catalina.core.ApplicationFilterChain.internalDoFilter(ApplicationFilterChain.java:174)
	at org.apache.catalina.core.ApplicationFilterChain.doFilter(ApplicationFilterChain.java:149)
	at org.springframework.security.web.FilterChainProxy.lambda$doFilterInternal$3(FilterChainProxy.java:231)
	at org.springframework.security.web.FilterChainProxy$VirtualFilterChain.doFilter(FilterChainProxy.java:365)
	at org.springframework.security.web.access.intercept.AuthorizationFilter.doFilter(AuthorizationFilter.java:100)
	at org.springframework.security.web.FilterChainProxy$VirtualFilterChain.doFilter(FilterChainProxy.java:374)
	at org.springframework.security.web.access.ExceptionTranslationFilter.doFilter(ExceptionTranslationFilter.java:126)
	at org.springframework.security.web.access.ExceptionTranslationFilter.doFilter(ExceptionTranslationFilter.java:120)
	at org.springframework.security.web.FilterChainProxy$VirtualFilterChain.doFilter(FilterChainProxy.java:374)
	at org.springframework.security.web.session.SessionManagementFilter.doFilter(SessionManagementFilter.java:131)
	at org.springframework.security.web.session.SessionManagementFilter.doFilter(SessionManagementFilter.java:85)
	at org.springframework.security.web.FilterChainProxy$VirtualFilterChain.doFilter(FilterChainProxy.java:374)
	at org.springframework.security.web.authentication.AnonymousAuthenticationFilter.doFilter(AnonymousAuthenticationFilter.java:100)
	at org.springframework.security.web.FilterChainProxy$VirtualFilterChain.doFilter(FilterChainProxy.java:374)
	at org.springframework.security.web.servletapi.SecurityContextHolderAwareRequestFilter.doFilter(SecurityContextHolderAwareRequestFilter.java:179)
	at org.springframework.security.web.FilterChainProxy$VirtualFilterChain.doFilter(FilterChainProxy.java:374)
	at org.springframework.security.web.savedrequest.RequestCacheAwareFilter.doFilter(RequestCacheAwareFilter.java:63)
	at org.springframework.security.web.FilterChainProxy$VirtualFilterChain.doFilter(FilterChainProxy.java:374)
	at com.perfstore.config.TokenAuthenticationFilter.doFilterInternal(TokenAuthenticationFilter.java:59)
	at org.springframework.web.filter.OncePerRequestFilter.doFilter(OncePerRequestFilter.java:116)
	at org.springframework.security.web.FilterChainProxy$VirtualFilterChain.doFilter(FilterChainProxy.java:374)
	at org.springframework.security.web.authentication.logout.LogoutFilter.doFilter(LogoutFilter.java:107)
	at org.springframework.security.web.authentication.logout.LogoutFilter.doFilter(LogoutFilter.java:93)
	at org.springframework.security.web.FilterChainProxy$VirtualFilterChain.doFilter(FilterChainProxy.java:374)
	at org.springframework.web.filter.CorsFilter.doFilterInternal(CorsFilter.java:91)
	at org.springframework.web.filter.OncePerRequestFilter.doFilter(OncePerRequestFilter.java:116)
	at org.springframework.security.web.FilterChainProxy$VirtualFilterChain.doFilter(FilterChainProxy.java:374)
	at org.springframework.security.web.header.HeaderWriterFilter.doHeadersAfter(HeaderWriterFilter.java:90)
	at org.springframework.security.web.header.HeaderWriterFilter.doFilterInternal(HeaderWriterFilter.java:75)
	at org.springframework.web.filter.OncePerRequestFilter.doFilter(OncePerRequestFilter.java:116)
	at org.springframework.security.web.FilterChainProxy$VirtualFilterChain.doFilter(FilterChainProxy.java:374)
	at org.springframework.security.web.context.SecurityContextHolderFilter.doFilter(SecurityContextHolderFilter.java:82)
	at org.springframework.security.web.context.SecurityContextHolderFilter.doFilter(SecurityContextHolderFilter.java:69)
	at org.springframework.security.web.FilterChainProxy$VirtualFilterChain.doFilter(FilterChainProxy.java:374)
	at org.springframework.security.web.context.request.async.WebAsyncManagerIntegrationFilter.doFilterInternal(WebAsyncManagerIntegrationFilter.java:62)
	at org.springframework.web.filter.OncePerRequestFilter.doFilter(OncePerRequestFilter.java:116)
	at org.springframework.security.web.FilterChainProxy$VirtualFilterChain.doFilter(FilterChainProxy.java:374)
	at org.springframework.security.web.session.DisableEncodeUrlFilter.doFilterInternal(DisableEncodeUrlFilter.java:42)
	at org.springframework.web.filter.OncePerRequestFilter.doFilter(OncePerRequestFilter.java:116)
	at org.springframework.security.web.FilterChainProxy$VirtualFilterChain.doFilter(FilterChainProxy.java:374)
	at org.springframework.security.web.FilterChainProxy.doFilterInternal(FilterChainProxy.java:233)
	at org.springframework.security.web.FilterChainProxy.doFilter(FilterChainProxy.java:191)
	at org.springframework.web.filter.DelegatingFilterProxy.invokeDelegate(DelegatingFilterProxy.java:352)
	at org.springframework.web.filter.DelegatingFilterProxy.doFilter(DelegatingFilterProxy.java:268)
	at org.apache.catalina.core.ApplicationFilterChain.internalDoFilter(ApplicationFilterChain.java:174)
	at org.apache.catalina.core.ApplicationFilterChain.doFilter(ApplicationFilterChain.java:149)
	at org.springframework.web.filter.RequestContextFilter.doFilterInternal(RequestContextFilter.java:100)
	at org.springframework.web.filter.OncePerRequestFilter.doFilter(OncePerRequestFilter.java:116)
	at org.apache.catalina.core.ApplicationFilterChain.internalDoFilter(ApplicationFilterChain.java:174)
	at org.apache.catalina.core.ApplicationFilterChain.doFilter(ApplicationFilterChain.java:149)
	at org.springframework.web.filter.FormContentFilter.doFilterInternal(FormContentFilter.java:93)
	at org.springframework.web.filter.OncePerRequestFilter.doFilter(OncePerRequestFilter.java:116)
	at org.apache.catalina.core.ApplicationFilterChain.internalDoFilter(ApplicationFilterChain.java:174)
	at org.apache.catalina.core.ApplicationFilterChain.doFilter(ApplicationFilterChain.java:149)
	at org.springframework.web.filter.CharacterEncodingFilter.doFilterInternal(CharacterEncodingFilter.java:201)
	at org.springframework.web.filter.OncePerRequestFilter.doFilter(OncePerRequestFilter.java:116)
	at org.apache.catalina.core.ApplicationFilterChain.internalDoFilter(ApplicationFilterChain.java:174)
	at org.apache.catalina.core.ApplicationFilterChain.doFilter(ApplicationFilterChain.java:149)
	at org.apache.catalina.core.StandardWrapperValve.invoke(StandardWrapperValve.java:167)
	at org.apache.catalina.core.StandardContextValve.invoke(StandardContextValve.java:90)
	at org.apache.catalina.authenticator.AuthenticatorBase.invoke(AuthenticatorBase.java:482)
	at org.apache.catalina.core.StandardHostValve.invoke(StandardHostValve.java:115)
	at org.apache.catalina.valves.ErrorReportValve.invoke(ErrorReportValve.java:93)
	at org.apache.catalina.core.StandardEngineValve.invoke(StandardEngineValve.java:74)
	at org.apache.catalina.connector.CoyoteAdapter.service(CoyoteAdapter.java:340)
	at org.apache.coyote.http11.Http11Processor.service(Http11Processor.java:391)
	at org.apache.coyote.AbstractProcessorLight.process(AbstractProcessorLight.java:63)
	at org.apache.coyote.AbstractProtocol$ConnectionHandler.process(AbstractProtocol.java:896)
	at org.apache.tomcat.util.net.NioEndpoint$SocketProcessor.doRun(NioEndpoint.java:1744)
	at org.apache.tomcat.util.net.SocketProcessorBase.run(SocketProcessorBase.java:52)
	at org.apache.tomcat.util.threads.ThreadPoolExecutor.runWorker(ThreadPoolExecutor.java:1191)
	at org.apache.tomcat.util.threads.ThreadPoolExecutor$Worker.run(ThreadPoolExecutor.java:659)
	at org.apache.tomcat.util.threads.TaskThread$WrappingRunnable.run(TaskThread.java:61)
	at java.base/java.lang.Thread.run(Thread.java:1583)
Caused by: java.sql.SQLIntegrityConstraintViolationException: Duplicate entry 'IPHONEX' for key 'products.UK_fhmd06dsmj6k0n90swsh8ie9g'
	at com.mysql.cj.jdbc.exceptions.SQLError.createSQLException(SQLError.java:118)
	at com.mysql.cj.jdbc.exceptions.SQLExceptionsMapping.translateException(SQLExceptionsMapping.java:122)
	at com.mysql.cj.jdbc.ClientPreparedStatement.executeInternal(ClientPreparedStatement.java:916)
	at com.mysql.cj.jdbc.ClientPreparedStatement.executeUpdateInternal(ClientPreparedStatement.java:1061)
	at com.mysql.cj.jdbc.ClientPreparedStatement.executeUpdateInternal(ClientPreparedStatement.java:1009)
	at com.mysql.cj.jdbc.ClientPreparedStatement.executeLargeUpdate(ClientPreparedStatement.java:1320)
	at com.mysql.cj.jdbc.ClientPreparedStatement.executeUpdate(ClientPreparedStatement.java:994)
	at com.zaxxer.hikari.pool.ProxyPreparedStatement.executeUpdate(ProxyPreparedStatement.java:61)
	at com.zaxxer.hikari.pool.HikariProxyPreparedStatement.executeUpdate(HikariProxyPreparedStatement.java)
	at org.hibernate.engine.jdbc.internal.ResultSetReturnImpl.executeUpdate(ResultSetReturnImpl.java:280)
	... 178 common frames omitted
2025-12-28 01:07:26.376 [http-nio-8080-exec-5] ERROR com.perfstore.aspect.LoggingAspect - Exception in com.perfstore.controller.ProductController.createProduct() with cause = {}
org.hibernate.exception.ConstraintViolationException: could not execute statement [Duplicate entry 'IPHONEX' for key 'products.UK_fhmd06dsmj6k0n90swsh8ie9g'] [insert into products (category_id,description,image_url,name,price,sku,stock_quantity,id) values (?,?,?,?,?,?,?,?)]
	at org.hibernate.exception.internal.SQLExceptionTypeDelegate.convert(SQLExceptionTypeDelegate.java:62)
	at org.hibernate.exception.internal.StandardSQLExceptionConverter.convert(StandardSQLExceptionConverter.java:58)
	at org.hibernate.engine.jdbc.spi.SqlExceptionHelper.convert(SqlExceptionHelper.java:108)
	at org.hibernate.engine.jdbc.internal.ResultSetReturnImpl.executeUpdate(ResultSetReturnImpl.java:283)
	at org.hibernate.engine.jdbc.mutation.internal.AbstractMutationExecutor.performNonBatchedMutation(AbstractMutationExecutor.java:107)
	at org.hibernate.engine.jdbc.mutation.internal.MutationExecutorSingleNonBatched.performNonBatchedOperations(MutationExecutorSingleNonBatched.java:40)
	at org.hibernate.engine.jdbc.mutation.internal.AbstractMutationExecutor.execute(AbstractMutationExecutor.java:52)
	at org.hibernate.persister.entity.mutation.InsertCoordinator.doStaticInserts(InsertCoordinator.java:171)
	at org.hibernate.persister.entity.mutation.InsertCoordinator.coordinateInsert(InsertCoordinator.java:112)
	at org.hibernate.persister.entity.AbstractEntityPersister.insert(AbstractEntityPersister.java:2865)
	at org.hibernate.action.internal.EntityInsertAction.execute(EntityInsertAction.java:102)
	at org.hibernate.engine.spi.ActionQueue.executeActions(ActionQueue.java:631)
	at org.hibernate.engine.spi.ActionQueue.executeActions(ActionQueue.java:498)
	at org.hibernate.event.internal.AbstractFlushingEventListener.performExecutions(AbstractFlushingEventListener.java:363)
	at org.hibernate.event.internal.DefaultFlushEventListener.onFlush(DefaultFlushEventListener.java:39)
	at org.hibernate.event.service.internal.EventListenerGroupImpl.fireEventOnEachListener(EventListenerGroupImpl.java:127)
	at org.hibernate.internal.SessionImpl.doFlush(SessionImpl.java:1415)
	at org.hibernate.internal.SessionImpl.managedFlush(SessionImpl.java:496)
	at org.hibernate.internal.SessionImpl.flushBeforeTransactionCompletion(SessionImpl.java:2325)
	at org.hibernate.internal.SessionImpl.beforeTransactionCompletion(SessionImpl.java:1988)
	at org.hibernate.engine.jdbc.internal.JdbcCoordinatorImpl.beforeTransactionCompletion(JdbcCoordinatorImpl.java:439)
	at org.hibernate.resource.transaction.backend.jdbc.internal.JdbcResourceLocalTransactionCoordinatorImpl.beforeCompletionCallback(JdbcResourceLocalTransactionCoordinatorImpl.java:169)
	at org.hibernate.resource.transaction.backend.jdbc.internal.JdbcResourceLocalTransactionCoordinatorImpl$TransactionDriverControlImpl.commit(JdbcResourceLocalTransactionCoordinatorImpl.java:267)
	at org.hibernate.engine.transaction.internal.TransactionImpl.commit(TransactionImpl.java:101)
	at org.springframework.orm.jpa.JpaTransactionManager.doCommit(JpaTransactionManager.java:561)
	at org.springframework.transaction.support.AbstractPlatformTransactionManager.processCommit(AbstractPlatformTransactionManager.java:794)
	at org.springframework.transaction.support.AbstractPlatformTransactionManager.commit(AbstractPlatformTransactionManager.java:757)
	at org.springframework.transaction.interceptor.TransactionAspectSupport.commitTransactionAfterReturning(TransactionAspectSupport.java:669)
	at org.springframework.transaction.interceptor.TransactionAspectSupport.invokeWithinTransaction(TransactionAspectSupport.java:419)
	at org.springframework.transaction.interceptor.TransactionInterceptor.invoke(TransactionInterceptor.java:119)
	at org.springframework.aop.framework.ReflectiveMethodInvocation.proceed(ReflectiveMethodInvocation.java:184)
	at org.springframework.dao.support.PersistenceExceptionTranslationInterceptor.invoke(PersistenceExceptionTranslationInterceptor.java:137)
	at org.springframework.aop.framework.ReflectiveMethodInvocation.proceed(ReflectiveMethodInvocation.java:184)
	at org.springframework.data.jpa.repository.support.CrudMethodMetadataPostProcessor$CrudMethodMetadataPopulatingMethodInterceptor.invoke(CrudMethodMetadataPostProcessor.java:164)
	at org.springframework.aop.framework.ReflectiveMethodInvocation.proceed(ReflectiveMethodInvocation.java:184)
	at org.springframework.aop.interceptor.ExposeInvocationInterceptor.invoke(ExposeInvocationInterceptor.java:97)
	at org.springframework.aop.framework.ReflectiveMethodInvocation.proceed(ReflectiveMethodInvocation.java:184)
	at org.springframework.aop.framework.JdkDynamicAopProxy.invoke(JdkDynamicAopProxy.java:249)
	at jdk.proxy2/jdk.proxy2.$Proxy145.save(Unknown Source)
	at com.perfstore.service.ProductService.createProduct(ProductService.java:51)
	at java.base/jdk.internal.reflect.DirectMethodHandleAccessor.invoke(DirectMethodHandleAccessor.java:103)
	at java.base/java.lang.reflect.Method.invoke(Method.java:580)
	at org.springframework.aop.support.AopUtils.invokeJoinpointUsingReflection(AopUtils.java:352)
	at org.springframework.aop.framework.ReflectiveMethodInvocation.invokeJoinpoint(ReflectiveMethodInvocation.java:196)
	at org.springframework.aop.framework.ReflectiveMethodInvocation.proceed(ReflectiveMethodInvocation.java:163)
	at org.springframework.aop.framework.CglibAopProxy$CglibMethodInvocation.proceed(CglibAopProxy.java:765)
	at org.springframework.aop.aspectj.AspectJAfterThrowingAdvice.invoke(AspectJAfterThrowingAdvice.java:64)
	at org.springframework.aop.framework.ReflectiveMethodInvocation.proceed(ReflectiveMethodInvocation.java:184)
	at org.springframework.aop.framework.CglibAopProxy$CglibMethodInvocation.proceed(CglibAopProxy.java:765)
	at org.springframework.aop.aspectj.MethodInvocationProceedingJoinPoint.proceed(MethodInvocationProceedingJoinPoint.java:89)
	at com.perfstore.aspect.LoggingAspect.logAround(LoggingAspect.java:67)
	at java.base/jdk.internal.reflect.DirectMethodHandleAccessor.invoke(DirectMethodHandleAccessor.java:103)
	at java.base/java.lang.reflect.Method.invoke(Method.java:580)
	at org.springframework.aop.aspectj.AbstractAspectJAdvice.invokeAdviceMethodWithGivenArgs(AbstractAspectJAdvice.java:637)
	at org.springframework.aop.aspectj.AbstractAspectJAdvice.invokeAdviceMethod(AbstractAspectJAdvice.java:627)
	at org.springframework.aop.aspectj.AspectJAroundAdvice.invoke(AspectJAroundAdvice.java:71)
	at org.springframework.aop.framework.ReflectiveMethodInvocation.proceed(ReflectiveMethodInvocation.java:184)
	at org.springframework.aop.framework.CglibAopProxy$CglibMethodInvocation.proceed(CglibAopProxy.java:765)
	at org.springframework.aop.interceptor.ExposeInvocationInterceptor.invoke(ExposeInvocationInterceptor.java:97)
	at org.springframework.aop.framework.ReflectiveMethodInvocation.proceed(ReflectiveMethodInvocation.java:184)
	at org.springframework.aop.framework.CglibAopProxy$CglibMethodInvocation.proceed(CglibAopProxy.java:765)
	at org.springframework.aop.framework.CglibAopProxy$DynamicAdvisedInterceptor.intercept(CglibAopProxy.java:717)
	at com.perfstore.service.ProductService$$SpringCGLIB$$0.createProduct(<generated>)
	at com.perfstore.controller.ProductController.createProduct(ProductController.java:50)
	at java.base/jdk.internal.reflect.DirectMethodHandleAccessor.invoke(DirectMethodHandleAccessor.java:103)
	at java.base/java.lang.reflect.Method.invoke(Method.java:580)
	at org.springframework.aop.support.AopUtils.invokeJoinpointUsingReflection(AopUtils.java:352)
	at org.springframework.aop.framework.ReflectiveMethodInvocation.invokeJoinpoint(ReflectiveMethodInvocation.java:196)
	at org.springframework.aop.framework.ReflectiveMethodInvocation.proceed(ReflectiveMethodInvocation.java:163)
	at org.springframework.aop.framework.CglibAopProxy$CglibMethodInvocation.proceed(CglibAopProxy.java:765)
	at org.springframework.aop.aspectj.AspectJAfterThrowingAdvice.invoke(AspectJAfterThrowingAdvice.java:64)
	at org.springframework.aop.framework.ReflectiveMethodInvocation.proceed(ReflectiveMethodInvocation.java:184)
	at org.springframework.aop.framework.CglibAopProxy$CglibMethodInvocation.proceed(CglibAopProxy.java:765)
	at org.springframework.aop.aspectj.MethodInvocationProceedingJoinPoint.proceed(MethodInvocationProceedingJoinPoint.java:89)
	at com.perfstore.aspect.LoggingAspect.logAround(LoggingAspect.java:67)
	at java.base/jdk.internal.reflect.DirectMethodHandleAccessor.invoke(DirectMethodHandleAccessor.java:103)
	at java.base/java.lang.reflect.Method.invoke(Method.java:580)
	at org.springframework.aop.aspectj.AbstractAspectJAdvice.invokeAdviceMethodWithGivenArgs(AbstractAspectJAdvice.java:637)
	at org.springframework.aop.aspectj.AbstractAspectJAdvice.invokeAdviceMethod(AbstractAspectJAdvice.java:627)
	at org.springframework.aop.aspectj.AspectJAroundAdvice.invoke(AspectJAroundAdvice.java:71)
	at org.springframework.aop.framework.ReflectiveMethodInvocation.proceed(ReflectiveMethodInvocation.java:184)
	at org.springframework.aop.framework.CglibAopProxy$CglibMethodInvocation.proceed(CglibAopProxy.java:765)
	at org.springframework.aop.interceptor.ExposeInvocationInterceptor.invoke(ExposeInvocationInterceptor.java:97)
	at org.springframework.aop.framework.ReflectiveMethodInvocation.proceed(ReflectiveMethodInvocation.java:184)
	at org.springframework.aop.framework.CglibAopProxy$CglibMethodInvocation.proceed(CglibAopProxy.java:765)
	at org.springframework.aop.framework.CglibAopProxy$DynamicAdvisedInterceptor.intercept(CglibAopProxy.java:717)
	at com.perfstore.controller.ProductController$$SpringCGLIB$$0.createProduct(<generated>)
	at java.base/jdk.internal.reflect.DirectMethodHandleAccessor.invoke(DirectMethodHandleAccessor.java:103)
	at java.base/java.lang.reflect.Method.invoke(Method.java:580)
	at org.springframework.web.method.support.InvocableHandlerMethod.doInvoke(InvocableHandlerMethod.java:254)
	at org.springframework.web.method.support.InvocableHandlerMethod.invokeForRequest(InvocableHandlerMethod.java:182)
	at org.springframework.web.servlet.mvc.method.annotation.ServletInvocableHandlerMethod.invokeAndHandle(ServletInvocableHandlerMethod.java:118)
	at org.springframework.web.servlet.mvc.method.annotation.RequestMappingHandlerAdapter.invokeHandlerMethod(RequestMappingHandlerAdapter.java:917)
	at org.springframework.web.servlet.mvc.method.annotation.RequestMappingHandlerAdapter.handleInternal(RequestMappingHandlerAdapter.java:829)
	at org.springframework.web.servlet.mvc.method.AbstractHandlerMethodAdapter.handle(AbstractHandlerMethodAdapter.java:87)
	at org.springframework.web.servlet.DispatcherServlet.doDispatch(DispatcherServlet.java:1089)
	at org.springframework.web.servlet.DispatcherServlet.doService(DispatcherServlet.java:979)
	at org.springframework.web.servlet.FrameworkServlet.processRequest(FrameworkServlet.java:1014)
	at org.springframework.web.servlet.FrameworkServlet.doPost(FrameworkServlet.java:914)
	at jakarta.servlet.http.HttpServlet.service(HttpServlet.java:590)
	at org.springframework.web.servlet.FrameworkServlet.service(FrameworkServlet.java:885)
	at jakarta.servlet.http.HttpServlet.service(HttpServlet.java:658)
	at org.apache.catalina.core.ApplicationFilterChain.internalDoFilter(ApplicationFilterChain.java:205)
	at org.apache.catalina.core.ApplicationFilterChain.doFilter(ApplicationFilterChain.java:149)
	at org.apache.tomcat.websocket.server.WsFilter.doFilter(WsFilter.java:51)
	at org.apache.catalina.core.ApplicationFilterChain.internalDoFilter(ApplicationFilterChain.java:174)
	at org.apache.catalina.core.ApplicationFilterChain.doFilter(ApplicationFilterChain.java:149)
	at org.springframework.web.filter.OncePerRequestFilter.doFilter(OncePerRequestFilter.java:110)
	at org.apache.catalina.core.ApplicationFilterChain.internalDoFilter(ApplicationFilterChain.java:174)
	at org.apache.catalina.core.ApplicationFilterChain.doFilter(ApplicationFilterChain.java:149)
	at org.springframework.security.web.FilterChainProxy.lambda$doFilterInternal$3(FilterChainProxy.java:231)
	at org.springframework.security.web.FilterChainProxy$VirtualFilterChain.doFilter(FilterChainProxy.java:365)
	at org.springframework.security.web.access.intercept.AuthorizationFilter.doFilter(AuthorizationFilter.java:100)
	at org.springframework.security.web.FilterChainProxy$VirtualFilterChain.doFilter(FilterChainProxy.java:374)
	at org.springframework.security.web.access.ExceptionTranslationFilter.doFilter(ExceptionTranslationFilter.java:126)
	at org.springframework.security.web.access.ExceptionTranslationFilter.doFilter(ExceptionTranslationFilter.java:120)
	at org.springframework.security.web.FilterChainProxy$VirtualFilterChain.doFilter(FilterChainProxy.java:374)
	at org.springframework.security.web.session.SessionManagementFilter.doFilter(SessionManagementFilter.java:131)
	at org.springframework.security.web.session.SessionManagementFilter.doFilter(SessionManagementFilter.java:85)
	at org.springframework.security.web.FilterChainProxy$VirtualFilterChain.doFilter(FilterChainProxy.java:374)
	at org.springframework.security.web.authentication.AnonymousAuthenticationFilter.doFilter(AnonymousAuthenticationFilter.java:100)
	at org.springframework.security.web.FilterChainProxy$VirtualFilterChain.doFilter(FilterChainProxy.java:374)
	at org.springframework.security.web.servletapi.SecurityContextHolderAwareRequestFilter.doFilter(SecurityContextHolderAwareRequestFilter.java:179)
	at org.springframework.security.web.FilterChainProxy$VirtualFilterChain.doFilter(FilterChainProxy.java:374)
	at org.springframework.security.web.savedrequest.RequestCacheAwareFilter.doFilter(RequestCacheAwareFilter.java:63)
	at org.springframework.security.web.FilterChainProxy$VirtualFilterChain.doFilter(FilterChainProxy.java:374)
	at com.perfstore.config.TokenAuthenticationFilter.doFilterInternal(TokenAuthenticationFilter.java:59)
	at org.springframework.web.filter.OncePerRequestFilter.doFilter(OncePerRequestFilter.java:116)
	at org.springframework.security.web.FilterChainProxy$VirtualFilterChain.doFilter(FilterChainProxy.java:374)
	at org.springframework.security.web.authentication.logout.LogoutFilter.doFilter(LogoutFilter.java:107)
	at org.springframework.security.web.authentication.logout.LogoutFilter.doFilter(LogoutFilter.java:93)
	at org.springframework.security.web.FilterChainProxy$VirtualFilterChain.doFilter(FilterChainProxy.java:374)
	at org.springframework.web.filter.CorsFilter.doFilterInternal(CorsFilter.java:91)
	at org.springframework.web.filter.OncePerRequestFilter.doFilter(OncePerRequestFilter.java:116)
	at org.springframework.security.web.FilterChainProxy$VirtualFilterChain.doFilter(FilterChainProxy.java:374)
	at org.springframework.security.web.header.HeaderWriterFilter.doHeadersAfter(HeaderWriterFilter.java:90)
	at org.springframework.security.web.header.HeaderWriterFilter.doFilterInternal(HeaderWriterFilter.java:75)
	at org.springframework.web.filter.OncePerRequestFilter.doFilter(OncePerRequestFilter.java:116)
	at org.springframework.security.web.FilterChainProxy$VirtualFilterChain.doFilter(FilterChainProxy.java:374)
	at org.springframework.security.web.context.SecurityContextHolderFilter.doFilter(SecurityContextHolderFilter.java:82)
	at org.springframework.security.web.context.SecurityContextHolderFilter.doFilter(SecurityContextHolderFilter.java:69)
	at org.springframework.security.web.FilterChainProxy$VirtualFilterChain.doFilter(FilterChainProxy.java:374)
	at org.springframework.security.web.context.request.async.WebAsyncManagerIntegrationFilter.doFilterInternal(WebAsyncManagerIntegrationFilter.java:62)
	at org.springframework.web.filter.OncePerRequestFilter.doFilter(OncePerRequestFilter.java:116)
	at org.springframework.security.web.FilterChainProxy$VirtualFilterChain.doFilter(FilterChainProxy.java:374)
	at org.springframework.security.web.session.DisableEncodeUrlFilter.doFilterInternal(DisableEncodeUrlFilter.java:42)
	at org.springframework.web.filter.OncePerRequestFilter.doFilter(OncePerRequestFilter.java:116)
	at org.springframework.security.web.FilterChainProxy$VirtualFilterChain.doFilter(FilterChainProxy.java:374)
	at org.springframework.security.web.FilterChainProxy.doFilterInternal(FilterChainProxy.java:233)
	at org.springframework.security.web.FilterChainProxy.doFilter(FilterChainProxy.java:191)
	at org.springframework.web.filter.DelegatingFilterProxy.invokeDelegate(DelegatingFilterProxy.java:352)
	at org.springframework.web.filter.DelegatingFilterProxy.doFilter(DelegatingFilterProxy.java:268)
	at org.apache.catalina.core.ApplicationFilterChain.internalDoFilter(ApplicationFilterChain.java:174)
	at org.apache.catalina.core.ApplicationFilterChain.doFilter(ApplicationFilterChain.java:149)
	at org.springframework.web.filter.RequestContextFilter.doFilterInternal(RequestContextFilter.java:100)
	at org.springframework.web.filter.OncePerRequestFilter.doFilter(OncePerRequestFilter.java:116)
	at org.apache.catalina.core.ApplicationFilterChain.internalDoFilter(ApplicationFilterChain.java:174)
	at org.apache.catalina.core.ApplicationFilterChain.doFilter(ApplicationFilterChain.java:149)
	at org.springframework.web.filter.FormContentFilter.doFilterInternal(FormContentFilter.java:93)
	at org.springframework.web.filter.OncePerRequestFilter.doFilter(OncePerRequestFilter.java:116)
	at org.apache.catalina.core.ApplicationFilterChain.internalDoFilter(ApplicationFilterChain.java:174)
	at org.apache.catalina.core.ApplicationFilterChain.doFilter(ApplicationFilterChain.java:149)
	at org.springframework.web.filter.CharacterEncodingFilter.doFilterInternal(CharacterEncodingFilter.java:201)
	at org.springframework.web.filter.OncePerRequestFilter.doFilter(OncePerRequestFilter.java:116)
	at org.apache.catalina.core.ApplicationFilterChain.internalDoFilter(ApplicationFilterChain.java:174)
	at org.apache.catalina.core.ApplicationFilterChain.doFilter(ApplicationFilterChain.java:149)
	at org.apache.catalina.core.StandardWrapperValve.invoke(StandardWrapperValve.java:167)
	at org.apache.catalina.core.StandardContextValve.invoke(StandardContextValve.java:90)
	at org.apache.catalina.authenticator.AuthenticatorBase.invoke(AuthenticatorBase.java:482)
	at org.apache.catalina.core.StandardHostValve.invoke(StandardHostValve.java:115)
	at org.apache.catalina.valves.ErrorReportValve.invoke(ErrorReportValve.java:93)
	at org.apache.catalina.core.StandardEngineValve.invoke(StandardEngineValve.java:74)
	at org.apache.catalina.connector.CoyoteAdapter.service(CoyoteAdapter.java:340)
	at org.apache.coyote.http11.Http11Processor.service(Http11Processor.java:391)
	at org.apache.coyote.AbstractProcessorLight.process(AbstractProcessorLight.java:63)
	at org.apache.coyote.AbstractProtocol$ConnectionHandler.process(AbstractProtocol.java:896)
	at org.apache.tomcat.util.net.NioEndpoint$SocketProcessor.doRun(NioEndpoint.java:1744)
	at org.apache.tomcat.util.net.SocketProcessorBase.run(SocketProcessorBase.java:52)
	at org.apache.tomcat.util.threads.ThreadPoolExecutor.runWorker(ThreadPoolExecutor.java:1191)
	at org.apache.tomcat.util.threads.ThreadPoolExecutor$Worker.run(ThreadPoolExecutor.java:659)
	at org.apache.tomcat.util.threads.TaskThread$WrappingRunnable.run(TaskThread.java:61)
	at java.base/java.lang.Thread.run(Thread.java:1583)
Caused by: java.sql.SQLIntegrityConstraintViolationException: Duplicate entry 'IPHONEX' for key 'products.UK_fhmd06dsmj6k0n90swsh8ie9g'
	at com.mysql.cj.jdbc.exceptions.SQLError.createSQLException(SQLError.java:118)
	at com.mysql.cj.jdbc.exceptions.SQLExceptionsMapping.translateException(SQLExceptionsMapping.java:122)
	at com.mysql.cj.jdbc.ClientPreparedStatement.executeInternal(ClientPreparedStatement.java:916)
	at com.mysql.cj.jdbc.ClientPreparedStatement.executeUpdateInternal(ClientPreparedStatement.java:1061)
	at com.mysql.cj.jdbc.ClientPreparedStatement.executeUpdateInternal(ClientPreparedStatement.java:1009)
	at com.mysql.cj.jdbc.ClientPreparedStatement.executeLargeUpdate(ClientPreparedStatement.java:1320)
	at com.mysql.cj.jdbc.ClientPreparedStatement.executeUpdate(ClientPreparedStatement.java:994)
	at com.zaxxer.hikari.pool.ProxyPreparedStatement.executeUpdate(ProxyPreparedStatement.java:61)
	at com.zaxxer.hikari.pool.HikariProxyPreparedStatement.executeUpdate(HikariProxyPreparedStatement.java)
	at org.hibernate.engine.jdbc.internal.ResultSetReturnImpl.executeUpdate(ResultSetReturnImpl.java:280)
	... 178 common frames omitted
2025-12-28 01:07:37.731 [http-nio-8080-exec-9] DEBUG com.perfstore.aspect.LoggingAspect - Enter: com.perfstore.controller.ProductController.createProduct() with argument[s] = [com.perfstore.dto.ProductDto$CreateRequest@505a5a5f, org.springframework.web.multipart.support.StandardMultipartHttpServletRequest$StandardMultipartFile@7c49e46f]
2025-12-28 01:07:37.731 [http-nio-8080-exec-9] DEBUG com.perfstore.aspect.LoggingAspect - Enter: com.perfstore.service.FileStorageService.saveFile() with argument[s] = [org.springframework.web.multipart.support.StandardMultipartHttpServletRequest$StandardMultipartFile@7c49e46f]
2025-12-28 01:07:39.235 [scheduling-1] DEBUG com.perfstore.aspect.LoggingAspect - Enter: com.perfstore.service.OrderCleanupScheduler.cancelUnpaidOrders() with argument[s] = []
2025-12-28 01:07:39.240 [scheduling-1] DEBUG com.perfstore.aspect.LoggingAspect - Exit: com.perfstore.service.OrderCleanupScheduler.cancelUnpaidOrders() with result = null
2025-12-28 01:07:39.327 [http-nio-8080-exec-9] DEBUG com.perfstore.aspect.LoggingAspect - Exit: com.perfstore.service.FileStorageService.saveFile() with result = https://res.cloudinary.com/dndh6pkxm/image/upload/v1766873260/uww1lsat4siwv2szye2s.webp
2025-12-28 01:07:39.327 [http-nio-8080-exec-9] DEBUG com.perfstore.aspect.LoggingAspect - Enter: com.perfstore.service.ProductService.createProduct() with argument[s] = [com.perfstore.dto.ProductDto$CreateRequest@505a5a5f]
2025-12-28 01:07:39.343 [http-nio-8080-exec-9] DEBUG com.perfstore.aspect.LoggingAspect - Exit: com.perfstore.service.ProductService.createProduct() with result = com.perfstore.dto.ProductDto$Response@78b9c8c1
2025-12-28 01:07:39.343 [http-nio-8080-exec-9] DEBUG com.perfstore.aspect.LoggingAspect - Exit: com.perfstore.controller.ProductController.createProduct() with result = <200 OK OK,com.perfstore.dto.ProductDto$Response@78b9c8c1,[]>
2025-12-28 01:07:44.953 [http-nio-8080-exec-8] DEBUG com.perfstore.aspect.LoggingAspect - Enter: com.perfstore.controller.ProductController.getAllProducts() with argument[s] = []
2025-12-28 01:07:44.953 [http-nio-8080-exec-8] DEBUG com.perfstore.aspect.LoggingAspect - Enter: com.perfstore.service.ProductService.getAllProducts() with argument[s] = []
2025-12-28 01:07:44.967 [http-nio-8080-exec-8] DEBUG com.perfstore.aspect.LoggingAspect - Exit: com.perfstore.service.ProductService.getAllProducts() with result = [com.perfstore.dto.ProductDto$Response@782df69f, com.perfstore.dto.ProductDto$Response@289b7747, com.perfstore.dto.ProductDto$Response@1baa1c98, com.perfstore.dto.ProductDto$Response@630e71bc, com.perfstore.dto.ProductDto$Response@7400ea4c, com.perfstore.dto.ProductDto$Response@7529ac4, com.perfstore.dto.ProductDto$Response@4cd7186a, com.perfstore.dto.ProductDto$Response@5c4403dd]
2025-12-28 01:07:44.968 [http-nio-8080-exec-8] DEBUG com.perfstore.aspect.LoggingAspect - Exit: com.perfstore.controller.ProductController.getAllProducts() with result = <200 OK OK,[com.perfstore.dto.ProductDto$Response@782df69f, com.perfstore.dto.ProductDto$Response@289b7747, com.perfstore.dto.ProductDto$Response@1baa1c98, com.perfstore.dto.ProductDto$Response@630e71bc, com.perfstore.dto.ProductDto$Response@7400ea4c, com.perfstore.dto.ProductDto$Response@7529ac4, com.perfstore.dto.ProductDto$Response@4cd7186a, com.perfstore.dto.ProductDto$Response@5c4403dd],[]>
2025-12-28 01:07:44.982 [http-nio-8080-exec-10] DEBUG com.perfstore.aspect.LoggingAspect - Enter: com.perfstore.controller.CategoryController.getAllCategories() with argument[s] = []
2025-12-28 01:07:44.982 [http-nio-8080-exec-10] DEBUG com.perfstore.aspect.LoggingAspect - Enter: com.perfstore.service.CategoryService.getAllCategories() with argument[s] = []
2025-12-28 01:07:44.989 [http-nio-8080-exec-10] DEBUG com.perfstore.aspect.LoggingAspect - Exit: com.perfstore.service.CategoryService.getAllCategories() with result = [com.perfstore.dto.CategoryDto$Response@487f59d9, com.perfstore.dto.CategoryDto$Response@597cfd14, com.perfstore.dto.CategoryDto$Response@6a23adc5, com.perfstore.dto.CategoryDto$Response@5943e102]
2025-12-28 01:07:44.989 [http-nio-8080-exec-10] DEBUG com.perfstore.aspect.LoggingAspect - Exit: com.perfstore.controller.CategoryController.getAllCategories() with result = <200 OK OK,[com.perfstore.dto.CategoryDto$Response@487f59d9, com.perfstore.dto.CategoryDto$Response@597cfd14, com.perfstore.dto.CategoryDto$Response@6a23adc5, com.perfstore.dto.CategoryDto$Response@5943e102],[]>
2025-12-28 01:08:39.224 [scheduling-1] DEBUG com.perfstore.aspect.LoggingAspect - Enter: com.perfstore.service.OrderCleanupScheduler.cancelUnpaidOrders() with argument[s] = []
2025-12-28 01:08:39.228 [scheduling-1] DEBUG com.perfstore.aspect.LoggingAspect - Exit: com.perfstore.service.OrderCleanupScheduler.cancelUnpaidOrders() with result = null
2025-12-28 01:09:39.238 [scheduling-1] DEBUG com.perfstore.aspect.LoggingAspect - Enter: com.perfstore.service.OrderCleanupScheduler.cancelUnpaidOrders() with argument[s] = []
2025-12-28 01:09:39.242 [scheduling-1] DEBUG com.perfstore.aspect.LoggingAspect - Exit: com.perfstore.service.OrderCleanupScheduler.cancelUnpaidOrders() with result = null
2025-12-28 01:12:15.056 [main] INFO  com.perfstore.PerfstoreApplication - Starting PerfstoreApplication using Java 21.0.9 with PID 20028 (C:\Users\Oğuzhan\Desktop\perfstore-main\target\classes started by Oğuzhan in C:\Users\Oğuzhan\Desktop\perfstore-main)
2025-12-28 01:12:15.056 [main] DEBUG com.perfstore.PerfstoreApplication - Running with Spring Boot v3.2.0, Spring v6.1.1
2025-12-28 01:12:15.057 [main] INFO  com.perfstore.PerfstoreApplication - No active profile set, falling back to 1 default profile: "default"
2025-12-28 01:12:15.474 [main] INFO  o.s.d.r.c.RepositoryConfigurationDelegate - Bootstrapping Spring Data JPA repositories in DEFAULT mode.
2025-12-28 01:12:15.519 [main] INFO  o.s.d.r.c.RepositoryConfigurationDelegate - Finished Spring Data repository scanning in 39 ms. Found 8 JPA repository interfaces.
2025-12-28 01:12:15.932 [main] INFO  o.s.b.w.e.tomcat.TomcatWebServer - Tomcat initialized with port 8080 (http)
2025-12-28 01:12:15.940 [main] INFO  o.a.catalina.core.StandardService - Starting service [Tomcat]
2025-12-28 01:12:15.940 [main] INFO  o.a.catalina.core.StandardEngine - Starting Servlet engine: [Apache Tomcat/10.1.16]
2025-12-28 01:12:15.978 [main] INFO  o.a.c.c.C.[Tomcat].[localhost].[/] - Initializing Spring embedded WebApplicationContext
2025-12-28 01:12:15.978 [main] INFO  o.s.b.w.s.c.ServletWebServerApplicationContext - Root WebApplicationContext: initialization completed in 897 ms
2025-12-28 01:12:16.073 [main] INFO  o.h.jpa.internal.util.LogHelper - HHH000204: Processing PersistenceUnitInfo [name: default]
2025-12-28 01:12:16.105 [main] INFO  org.hibernate.Version - HHH000412: Hibernate ORM core version 6.3.1.Final
2025-12-28 01:12:16.138 [main] INFO  o.h.c.i.RegionFactoryInitiator - HHH000026: Second-level cache disabled
2025-12-28 01:12:16.264 [main] INFO  o.s.o.j.p.SpringPersistenceUnitInfo - No LoadTimeWeaver setup: ignoring JPA class transformer
2025-12-28 01:12:16.280 [main] INFO  com.zaxxer.hikari.HikariDataSource - HikariPool-1 - Starting...
2025-12-28 01:12:16.384 [main] INFO  com.zaxxer.hikari.pool.HikariPool - HikariPool-1 - Added connection com.mysql.cj.jdbc.ConnectionImpl@269308cc
2025-12-28 01:12:16.385 [main] INFO  com.zaxxer.hikari.HikariDataSource - HikariPool-1 - Start completed.
2025-12-28 01:12:16.416 [main] WARN  org.hibernate.orm.deprecation - HHH90000025: MySQLDialect does not need to be specified explicitly using 'hibernate.dialect' (remove the property setting and it will be selected by default)
2025-12-28 01:12:16.995 [main] INFO  o.h.e.t.j.p.i.JtaPlatformInitiator - HHH000489: No JTA platform available (set 'hibernate.transaction.jta.platform' to enable JTA platform integration)
2025-12-28 01:12:17.066 [main] INFO  o.s.o.j.LocalContainerEntityManagerFactoryBean - Initialized JPA EntityManagerFactory for persistence unit 'default'
2025-12-28 01:12:17.318 [main] DEBUG c.p.config.TokenAuthenticationFilter - Filter 'tokenAuthenticationFilter' configured for use
2025-12-28 01:12:17.471 [main] INFO  o.s.d.j.r.query.QueryEnhancerFactory - Hibernate is in classpath; If applicable, HQL parser will be used.
2025-12-28 01:12:17.751 [main] WARN  o.s.b.a.o.j.JpaBaseConfiguration$JpaWebConfiguration - spring.jpa.open-in-view is enabled by default. Therefore, database queries may be performed during view rendering. Explicitly configure spring.jpa.open-in-view to disable this warning
2025-12-28 01:12:17.762 [main] WARN  o.s.b.a.s.s.UserDetailsServiceAutoConfiguration - 

Using generated security password: 359fbea9-305a-4664-908c-a54981a16655

This generated password is for development use only. Your security configuration must be updated before running your application in production.

2025-12-28 01:12:17.819 [main] INFO  o.s.b.a.w.s.WelcomePageHandlerMapping - Adding welcome page: class path resource [static/index.html]
2025-12-28 01:12:17.930 [main] INFO  o.s.s.web.DefaultSecurityFilterChain - Will secure any request with [org.springframework.security.web.session.DisableEncodeUrlFilter@79296ce0, org.springframework.security.web.context.request.async.WebAsyncManagerIntegrationFilter@19c28c97, org.springframework.security.web.context.SecurityContextHolderFilter@1aac520e, org.springframework.security.web.header.HeaderWriterFilter@36117f63, org.springframework.web.filter.CorsFilter@15b54cb7, org.springframework.security.web.authentication.logout.LogoutFilter@3759ea4d, com.perfstore.config.TokenAuthenticationFilter@4a5c6b30, org.springframework.security.web.savedrequest.RequestCacheAwareFilter@35d8a046, org.springframework.security.web.servletapi.SecurityContextHolderAwareRequestFilter@257f1509, org.springframework.security.web.authentication.AnonymousAuthenticationFilter@4f03729f, org.springframework.security.web.session.SessionManagementFilter@55ed76e6, org.springframework.security.web.access.ExceptionTranslationFilter@75364777, org.springframework.security.web.access.intercept.AuthorizationFilter@362ad436]
2025-12-28 01:12:18.063 [main] INFO  o.s.b.w.e.tomcat.TomcatWebServer - Tomcat started on port 8080 (http) with context path ''
2025-12-28 01:12:18.069 [main] INFO  com.perfstore.PerfstoreApplication - Started PerfstoreApplication in 3.34 seconds (process running for 3.577)
2025-12-28 01:12:18.079 [scheduling-1] DEBUG com.perfstore.aspect.LoggingAspect - Enter: com.perfstore.service.OrderCleanupScheduler.cancelUnpaidOrders() with argument[s] = []
2025-12-28 01:12:18.125 [scheduling-1] DEBUG com.perfstore.aspect.LoggingAspect - Exit: com.perfstore.service.OrderCleanupScheduler.cancelUnpaidOrders() with result = null
2025-12-28 01:13:04.918 [http-nio-8080-exec-1] INFO  o.a.c.c.C.[Tomcat].[localhost].[/] - Initializing Spring DispatcherServlet 'dispatcherServlet'
2025-12-28 01:13:04.918 [http-nio-8080-exec-1] INFO  o.s.web.servlet.DispatcherServlet - Initializing Servlet 'dispatcherServlet'
2025-12-28 01:13:04.919 [http-nio-8080-exec-1] INFO  o.s.web.servlet.DispatcherServlet - Completed initialization in 0 ms
2025-12-28 01:13:04.929 [http-nio-8080-exec-1] WARN  o.s.w.s.h.HandlerMappingIntrospector - Cache miss for REQUEST dispatch to '/api/products' (previous null). Performing CorsConfiguration lookup. This is logged once only at WARN level, and every time at TRACE.
2025-12-28 01:13:04.937 [http-nio-8080-exec-1] WARN  o.s.w.s.h.HandlerMappingIntrospector - Cache miss for REQUEST dispatch to '/api/products' (previous null). Performing MatchableHandlerMapping lookup. This is logged once only at WARN level, and every time at TRACE.
2025-12-28 01:13:04.948 [http-nio-8080-exec-1] DEBUG com.perfstore.aspect.LoggingAspect - Enter: com.perfstore.controller.ProductController.getAllProducts() with argument[s] = []
2025-12-28 01:13:04.948 [http-nio-8080-exec-1] DEBUG com.perfstore.aspect.LoggingAspect - Enter: com.perfstore.service.ProductService.getAllProducts() with argument[s] = []
2025-12-28 01:13:04.970 [http-nio-8080-exec-1] DEBUG com.perfstore.aspect.LoggingAspect - Exit: com.perfstore.service.ProductService.getAllProducts() with result = [com.perfstore.dto.ProductDto$Response@139cd13b, com.perfstore.dto.ProductDto$Response@5e9f6f2e, com.perfstore.dto.ProductDto$Response@73d91843, com.perfstore.dto.ProductDto$Response@6455e333, com.perfstore.dto.ProductDto$Response@11b5f38b, com.perfstore.dto.ProductDto$Response@34f6188c, com.perfstore.dto.ProductDto$Response@fd60551, com.perfstore.dto.ProductDto$Response@445133e3]
2025-12-28 01:13:04.973 [http-nio-8080-exec-1] DEBUG com.perfstore.aspect.LoggingAspect - Exit: com.perfstore.controller.ProductController.getAllProducts() with result = <200 OK OK,[com.perfstore.dto.ProductDto$Response@139cd13b, com.perfstore.dto.ProductDto$Response@5e9f6f2e, com.perfstore.dto.ProductDto$Response@73d91843, com.perfstore.dto.ProductDto$Response@6455e333, com.perfstore.dto.ProductDto$Response@11b5f38b, com.perfstore.dto.ProductDto$Response@34f6188c, com.perfstore.dto.ProductDto$Response@fd60551, com.perfstore.dto.ProductDto$Response@445133e3],[]>
2025-12-28 01:13:05.037 [http-nio-8080-exec-2] DEBUG com.perfstore.aspect.LoggingAspect - Enter: com.perfstore.controller.CategoryController.getAllCategories() with argument[s] = []
2025-12-28 01:13:05.037 [http-nio-8080-exec-2] DEBUG com.perfstore.aspect.LoggingAspect - Enter: com.perfstore.service.CategoryService.getAllCategories() with argument[s] = []
2025-12-28 01:13:05.045 [http-nio-8080-exec-2] DEBUG com.perfstore.aspect.LoggingAspect - Exit: com.perfstore.service.CategoryService.getAllCategories() with result = [com.perfstore.dto.CategoryDto$Response@7153da73, com.perfstore.dto.CategoryDto$Response@489a075, com.perfstore.dto.CategoryDto$Response@667b710d, com.perfstore.dto.CategoryDto$Response@3ac830e2]
2025-12-28 01:13:05.045 [http-nio-8080-exec-2] DEBUG com.perfstore.aspect.LoggingAspect - Exit: com.perfstore.controller.CategoryController.getAllCategories() with result = <200 OK OK,[com.perfstore.dto.CategoryDto$Response@7153da73, com.perfstore.dto.CategoryDto$Response@489a075, com.perfstore.dto.CategoryDto$Response@667b710d, com.perfstore.dto.CategoryDto$Response@3ac830e2],[]>
2025-12-28 01:13:16.065 [http-nio-8080-exec-5] DEBUG com.perfstore.aspect.LoggingAspect - Enter: com.perfstore.controller.CategoryController.getAllCategories() with argument[s] = []
2025-12-28 01:13:16.065 [http-nio-8080-exec-5] DEBUG com.perfstore.aspect.LoggingAspect - Enter: com.perfstore.service.CategoryService.getAllCategories() with argument[s] = []
2025-12-28 01:13:16.073 [http-nio-8080-exec-5] DEBUG com.perfstore.aspect.LoggingAspect - Exit: com.perfstore.service.CategoryService.getAllCategories() with result = [com.perfstore.dto.CategoryDto$Response@7eda9fce, com.perfstore.dto.CategoryDto$Response@7650ba46, com.perfstore.dto.CategoryDto$Response@13d72483, com.perfstore.dto.CategoryDto$Response@3282e12c]
2025-12-28 01:13:16.073 [http-nio-8080-exec-5] DEBUG com.perfstore.aspect.LoggingAspect - Exit: com.perfstore.controller.CategoryController.getAllCategories() with result = <200 OK OK,[com.perfstore.dto.CategoryDto$Response@7eda9fce, com.perfstore.dto.CategoryDto$Response@7650ba46, com.perfstore.dto.CategoryDto$Response@13d72483, com.perfstore.dto.CategoryDto$Response@3282e12c],[]>
2025-12-28 01:13:16.080 [http-nio-8080-exec-6] DEBUG com.perfstore.aspect.LoggingAspect - Enter: com.perfstore.controller.CategoryController.getAllCategories() with argument[s] = []
2025-12-28 01:13:16.080 [http-nio-8080-exec-6] DEBUG com.perfstore.aspect.LoggingAspect - Enter: com.perfstore.service.CategoryService.getAllCategories() with argument[s] = []
2025-12-28 01:13:16.088 [http-nio-8080-exec-6] DEBUG com.perfstore.aspect.LoggingAspect - Exit: com.perfstore.service.CategoryService.getAllCategories() with result = [com.perfstore.dto.CategoryDto$Response@4b2bcc, com.perfstore.dto.CategoryDto$Response@11aafd6a, com.perfstore.dto.CategoryDto$Response@6155ec41, com.perfstore.dto.CategoryDto$Response@295706fb]
2025-12-28 01:13:16.089 [http-nio-8080-exec-6] DEBUG com.perfstore.aspect.LoggingAspect - Exit: com.perfstore.controller.CategoryController.getAllCategories() with result = <200 OK OK,[com.perfstore.dto.CategoryDto$Response@4b2bcc, com.perfstore.dto.CategoryDto$Response@11aafd6a, com.perfstore.dto.CategoryDto$Response@6155ec41, com.perfstore.dto.CategoryDto$Response@295706fb],[]>
2025-12-28 01:13:18.077 [scheduling-1] DEBUG com.perfstore.aspect.LoggingAspect - Enter: com.perfstore.service.OrderCleanupScheduler.cancelUnpaidOrders() with argument[s] = []
2025-12-28 01:13:18.080 [scheduling-1] DEBUG com.perfstore.aspect.LoggingAspect - Exit: com.perfstore.service.OrderCleanupScheduler.cancelUnpaidOrders() with result = null
2025-12-28 01:13:24.030 [http-nio-8080-exec-7] DEBUG com.perfstore.aspect.LoggingAspect - Enter: com.perfstore.controller.CategoryController.getAllCategories() with argument[s] = []
2025-12-28 01:13:24.030 [http-nio-8080-exec-7] DEBUG com.perfstore.aspect.LoggingAspect - Enter: com.perfstore.service.CategoryService.getAllCategories() with argument[s] = []
2025-12-28 01:13:24.042 [http-nio-8080-exec-7] DEBUG com.perfstore.aspect.LoggingAspect - Exit: com.perfstore.service.CategoryService.getAllCategories() with result = [com.perfstore.dto.CategoryDto$Response@1fc4bccf, com.perfstore.dto.CategoryDto$Response@c838efe, com.perfstore.dto.CategoryDto$Response@5e7214e8, com.perfstore.dto.CategoryDto$Response@6d1f5541]
2025-12-28 01:13:24.042 [http-nio-8080-exec-7] DEBUG com.perfstore.aspect.LoggingAspect - Exit: com.perfstore.controller.CategoryController.getAllCategories() with result = <200 OK OK,[com.perfstore.dto.CategoryDto$Response@1fc4bccf, com.perfstore.dto.CategoryDto$Response@c838efe, com.perfstore.dto.CategoryDto$Response@5e7214e8, com.perfstore.dto.CategoryDto$Response@6d1f5541],[]>
2025-12-28 01:13:24.051 [http-nio-8080-exec-8] DEBUG com.perfstore.aspect.LoggingAspect - Enter: com.perfstore.controller.CategoryController.getAllCategories() with argument[s] = []
2025-12-28 01:13:24.051 [http-nio-8080-exec-8] DEBUG com.perfstore.aspect.LoggingAspect - Enter: com.perfstore.service.CategoryService.getAllCategories() with argument[s] = []
2025-12-28 01:13:24.061 [http-nio-8080-exec-8] DEBUG com.perfstore.aspect.LoggingAspect - Exit: com.perfstore.service.CategoryService.getAllCategories() with result = [com.perfstore.dto.CategoryDto$Response@55e60655, com.perfstore.dto.CategoryDto$Response@4dbd2b3e, com.perfstore.dto.CategoryDto$Response@14407c47, com.perfstore.dto.CategoryDto$Response@681bc93c]
2025-12-28 01:13:24.062 [http-nio-8080-exec-8] DEBUG com.perfstore.aspect.LoggingAspect - Exit: com.perfstore.controller.CategoryController.getAllCategories() with result = <200 OK OK,[com.perfstore.dto.CategoryDto$Response@55e60655, com.perfstore.dto.CategoryDto$Response@4dbd2b3e, com.perfstore.dto.CategoryDto$Response@14407c47, com.perfstore.dto.CategoryDto$Response@681bc93c],[]>
2025-12-28 01:14:18.071 [scheduling-1] DEBUG com.perfstore.aspect.LoggingAspect - Enter: com.perfstore.service.OrderCleanupScheduler.cancelUnpaidOrders() with argument[s] = []
2025-12-28 01:14:18.075 [scheduling-1] DEBUG com.perfstore.aspect.LoggingAspect - Exit: com.perfstore.service.OrderCleanupScheduler.cancelUnpaidOrders() with result = null
2025-12-28 01:15:07.048 [http-nio-8080-exec-4] DEBUG com.perfstore.aspect.LoggingAspect - Enter: com.perfstore.controller.CategoryController.getAllCategories() with argument[s] = []
2025-12-28 01:15:07.049 [http-nio-8080-exec-4] DEBUG com.perfstore.aspect.LoggingAspect - Enter: com.perfstore.service.CategoryService.getAllCategories() with argument[s] = []
2025-12-28 01:15:07.057 [http-nio-8080-exec-4] DEBUG com.perfstore.aspect.LoggingAspect - Exit: com.perfstore.service.CategoryService.getAllCategories() with result = [com.perfstore.dto.CategoryDto$Response@579311aa, com.perfstore.dto.CategoryDto$Response@309465fd, com.perfstore.dto.CategoryDto$Response@7f0146ed, com.perfstore.dto.CategoryDto$Response@64b0750c]
2025-12-28 01:15:07.057 [http-nio-8080-exec-4] DEBUG com.perfstore.aspect.LoggingAspect - Exit: com.perfstore.controller.CategoryController.getAllCategories() with result = <200 OK OK,[com.perfstore.dto.CategoryDto$Response@579311aa, com.perfstore.dto.CategoryDto$Response@309465fd, com.perfstore.dto.CategoryDto$Response@7f0146ed, com.perfstore.dto.CategoryDto$Response@64b0750c],[]>
2025-12-28 01:15:11.531 [http-nio-8080-exec-3] DEBUG com.perfstore.aspect.LoggingAspect - Enter: com.perfstore.controller.ProductController.getAllProducts() with argument[s] = []
2025-12-28 01:15:11.532 [http-nio-8080-exec-3] DEBUG com.perfstore.aspect.LoggingAspect - Enter: com.perfstore.service.ProductService.getAllProducts() with argument[s] = []
2025-12-28 01:15:11.548 [http-nio-8080-exec-3] DEBUG com.perfstore.aspect.LoggingAspect - Exit: com.perfstore.service.ProductService.getAllProducts() with result = [com.perfstore.dto.ProductDto$Response@5cb42034, com.perfstore.dto.ProductDto$Response@34f2c9d3, com.perfstore.dto.ProductDto$Response@4233a5ee, com.perfstore.dto.ProductDto$Response@1e070ad1, com.perfstore.dto.ProductDto$Response@634f2ca5, com.perfstore.dto.ProductDto$Response@4151cd4e, com.perfstore.dto.ProductDto$Response@1e121c5f, com.perfstore.dto.ProductDto$Response@38e5dcce]
2025-12-28 01:15:11.548 [http-nio-8080-exec-3] DEBUG com.perfstore.aspect.LoggingAspect - Exit: com.perfstore.controller.ProductController.getAllProducts() with result = <200 OK OK,[com.perfstore.dto.ProductDto$Response@5cb42034, com.perfstore.dto.ProductDto$Response@34f2c9d3, com.perfstore.dto.ProductDto$Response@4233a5ee, com.perfstore.dto.ProductDto$Response@1e070ad1, com.perfstore.dto.ProductDto$Response@634f2ca5, com.perfstore.dto.ProductDto$Response@4151cd4e, com.perfstore.dto.ProductDto$Response@1e121c5f, com.perfstore.dto.ProductDto$Response@38e5dcce],[]>
2025-12-28 01:15:11.561 [http-nio-8080-exec-5] DEBUG com.perfstore.aspect.LoggingAspect - Enter: com.perfstore.controller.CategoryController.getAllCategories() with argument[s] = []
2025-12-28 01:15:11.561 [http-nio-8080-exec-5] DEBUG com.perfstore.aspect.LoggingAspect - Enter: com.perfstore.service.CategoryService.getAllCategories() with argument[s] = []
2025-12-28 01:15:11.568 [http-nio-8080-exec-5] DEBUG com.perfstore.aspect.LoggingAspect - Exit: com.perfstore.service.CategoryService.getAllCategories() with result = [com.perfstore.dto.CategoryDto$Response@5c695041, com.perfstore.dto.CategoryDto$Response@49f1e57a, com.perfstore.dto.CategoryDto$Response@25b9146e, com.perfstore.dto.CategoryDto$Response@482a42e4]
2025-12-28 01:15:11.569 [http-nio-8080-exec-5] DEBUG com.perfstore.aspect.LoggingAspect - Exit: com.perfstore.controller.CategoryController.getAllCategories() with result = <200 OK OK,[com.perfstore.dto.CategoryDto$Response@5c695041, com.perfstore.dto.CategoryDto$Response@49f1e57a, com.perfstore.dto.CategoryDto$Response@25b9146e, com.perfstore.dto.CategoryDto$Response@482a42e4],[]>
2025-12-28 01:15:18.083 [scheduling-1] DEBUG com.perfstore.aspect.LoggingAspect - Enter: com.perfstore.service.OrderCleanupScheduler.cancelUnpaidOrders() with argument[s] = []
2025-12-28 01:15:18.088 [scheduling-1] DEBUG com.perfstore.aspect.LoggingAspect - Exit: com.perfstore.service.OrderCleanupScheduler.cancelUnpaidOrders() with result = null
2025-12-28 01:16:18.086 [scheduling-1] DEBUG com.perfstore.aspect.LoggingAspect - Enter: com.perfstore.service.OrderCleanupScheduler.cancelUnpaidOrders() with argument[s] = []
2025-12-28 01:16:18.089 [scheduling-1] DEBUG com.perfstore.aspect.LoggingAspect - Exit: com.perfstore.service.OrderCleanupScheduler.cancelUnpaidOrders() with result = null
2025-12-28 01:16:19.922 [http-nio-8080-exec-2] DEBUG com.perfstore.aspect.LoggingAspect - Enter: com.perfstore.controller.AuthController.login() with argument[s] = [AuthDto.LoginRequest(username=yozgatli, password=1234)]
2025-12-28 01:16:19.927 [http-nio-8080-exec-2] DEBUG com.perfstore.aspect.LoggingAspect - Exit: com.perfstore.controller.AuthController.login() with result = <401 UNAUTHORIZED Unauthorized,AuthDto.AuthResponse(token=null, username=null, message=Invalid credentials, trustLevel=null, status=null, challengeId=null),[]>
2025-12-28 01:16:32.127 [http-nio-8080-exec-4] DEBUG com.perfstore.aspect.LoggingAspect - Enter: com.perfstore.controller.ProductController.getAllProducts() with argument[s] = []
2025-12-28 01:16:32.127 [http-nio-8080-exec-4] DEBUG com.perfstore.aspect.LoggingAspect - Enter: com.perfstore.service.ProductService.getAllProducts() with argument[s] = []
2025-12-28 01:16:32.141 [http-nio-8080-exec-4] DEBUG com.perfstore.aspect.LoggingAspect - Exit: com.perfstore.service.ProductService.getAllProducts() with result = [com.perfstore.dto.ProductDto$Response@1df0ca70, com.perfstore.dto.ProductDto$Response@3761ba19, com.perfstore.dto.ProductDto$Response@24d3fdb8, com.perfstore.dto.ProductDto$Response@2abac66a, com.perfstore.dto.ProductDto$Response@31023a07, com.perfstore.dto.ProductDto$Response@b89ef4c, com.perfstore.dto.ProductDto$Response@300cfdb8, com.perfstore.dto.ProductDto$Response@4cf9e445]
2025-12-28 01:16:32.141 [http-nio-8080-exec-4] DEBUG com.perfstore.aspect.LoggingAspect - Exit: com.perfstore.controller.ProductController.getAllProducts() with result = <200 OK OK,[com.perfstore.dto.ProductDto$Response@1df0ca70, com.perfstore.dto.ProductDto$Response@3761ba19, com.perfstore.dto.ProductDto$Response@24d3fdb8, com.perfstore.dto.ProductDto$Response@2abac66a, com.perfstore.dto.ProductDto$Response@31023a07, com.perfstore.dto.ProductDto$Response@b89ef4c, com.perfstore.dto.ProductDto$Response@300cfdb8, com.perfstore.dto.ProductDto$Response@4cf9e445],[]>
2025-12-28 01:17:18.076 [scheduling-1] DEBUG com.perfstore.aspect.LoggingAspect - Enter: com.perfstore.service.OrderCleanupScheduler.cancelUnpaidOrders() with argument[s] = []
2025-12-28 01:17:18.080 [scheduling-1] DEBUG com.perfstore.aspect.LoggingAspect - Exit: com.perfstore.service.OrderCleanupScheduler.cancelUnpaidOrders() with result = null
2025-12-28 01:18:18.083 [scheduling-1] DEBUG com.perfstore.aspect.LoggingAspect - Enter: com.perfstore.service.OrderCleanupScheduler.cancelUnpaidOrders() with argument[s] = []
2025-12-28 01:18:18.086 [scheduling-1] DEBUG com.perfstore.aspect.LoggingAspect - Exit: com.perfstore.service.OrderCleanupScheduler.cancelUnpaidOrders() with result = null
2025-12-28 01:18:47.166 [http-nio-8080-exec-8] DEBUG com.perfstore.aspect.LoggingAspect - Enter: com.perfstore.controller.CategoryController.getAllCategories() with argument[s] = []
2025-12-28 01:18:47.166 [http-nio-8080-exec-8] DEBUG com.perfstore.aspect.LoggingAspect - Enter: com.perfstore.service.CategoryService.getAllCategories() with argument[s] = []
2025-12-28 01:18:47.176 [http-nio-8080-exec-8] DEBUG com.perfstore.aspect.LoggingAspect - Exit: com.perfstore.service.CategoryService.getAllCategories() with result = [com.perfstore.dto.CategoryDto$Response@313fd0c, com.perfstore.dto.CategoryDto$Response@5a08f6f4, com.perfstore.dto.CategoryDto$Response@68aab08b, com.perfstore.dto.CategoryDto$Response@1c7f35bf]
2025-12-28 01:18:47.177 [http-nio-8080-exec-8] DEBUG com.perfstore.aspect.LoggingAspect - Exit: com.perfstore.controller.CategoryController.getAllCategories() with result = <200 OK OK,[com.perfstore.dto.CategoryDto$Response@313fd0c, com.perfstore.dto.CategoryDto$Response@5a08f6f4, com.perfstore.dto.CategoryDto$Response@68aab08b, com.perfstore.dto.CategoryDto$Response@1c7f35bf],[]>
2025-12-28 01:18:47.186 [http-nio-8080-exec-9] DEBUG com.perfstore.aspect.LoggingAspect - Enter: com.perfstore.controller.CategoryController.getAllCategories() with argument[s] = []
2025-12-28 01:18:47.188 [http-nio-8080-exec-9] DEBUG com.perfstore.aspect.LoggingAspect - Enter: com.perfstore.service.CategoryService.getAllCategories() with argument[s] = []
2025-12-28 01:18:47.194 [http-nio-8080-exec-9] DEBUG com.perfstore.aspect.LoggingAspect - Exit: com.perfstore.service.CategoryService.getAllCategories() with result = [com.perfstore.dto.CategoryDto$Response@75349a41, com.perfstore.dto.CategoryDto$Response@40076005, com.perfstore.dto.CategoryDto$Response@7e431cda, com.perfstore.dto.CategoryDto$Response@67c07ac3]
2025-12-28 01:18:47.195 [http-nio-8080-exec-9] DEBUG com.perfstore.aspect.LoggingAspect - Exit: com.perfstore.controller.CategoryController.getAllCategories() with result = <200 OK OK,[com.perfstore.dto.CategoryDto$Response@75349a41, com.perfstore.dto.CategoryDto$Response@40076005, com.perfstore.dto.CategoryDto$Response@7e431cda, com.perfstore.dto.CategoryDto$Response@67c07ac3],[]>
2025-12-28 01:19:18.079 [scheduling-1] DEBUG com.perfstore.aspect.LoggingAspect - Enter: com.perfstore.service.OrderCleanupScheduler.cancelUnpaidOrders() with argument[s] = []
2025-12-28 01:19:18.084 [scheduling-1] DEBUG com.perfstore.aspect.LoggingAspect - Exit: com.perfstore.service.OrderCleanupScheduler.cancelUnpaidOrders() with result = null
2025-12-28 01:20:14.761 [http-nio-8080-exec-5] DEBUG com.perfstore.aspect.LoggingAspect - Enter: com.perfstore.controller.ProductController.createProduct() with argument[s] = [com.perfstore.dto.ProductDto$CreateRequest@725e83eb, org.springframework.web.multipart.support.StandardMultipartHttpServletRequest$StandardMultipartFile@63893de4]
2025-12-28 01:20:14.761 [http-nio-8080-exec-5] DEBUG com.perfstore.aspect.LoggingAspect - Enter: com.perfstore.service.FileStorageService.saveFile() with argument[s] = [org.springframework.web.multipart.support.StandardMultipartHttpServletRequest$StandardMultipartFile@63893de4]
2025-12-28 01:20:16.000 [http-nio-8080-exec-5] DEBUG com.perfstore.aspect.LoggingAspect - Exit: com.perfstore.service.FileStorageService.saveFile() with result = https://res.cloudinary.com/dndh6pkxm/image/upload/v1766874016/mugihlonvuqlk3rbesec.jpg
2025-12-28 01:20:16.001 [http-nio-8080-exec-5] DEBUG com.perfstore.aspect.LoggingAspect - Enter: com.perfstore.service.ProductService.createProduct() with argument[s] = [com.perfstore.dto.ProductDto$CreateRequest@725e83eb]
2025-12-28 01:20:16.055 [http-nio-8080-exec-5] DEBUG com.perfstore.aspect.LoggingAspect - Exit: com.perfstore.service.ProductService.createProduct() with result = com.perfstore.dto.ProductDto$Response@4458789c
2025-12-28 01:20:16.055 [http-nio-8080-exec-5] DEBUG com.perfstore.aspect.LoggingAspect - Exit: com.perfstore.controller.ProductController.createProduct() with result = <200 OK OK,com.perfstore.dto.ProductDto$Response@4458789c,[]>
2025-12-28 01:20:18.077 [scheduling-1] DEBUG com.perfstore.aspect.LoggingAspect - Enter: com.perfstore.service.OrderCleanupScheduler.cancelUnpaidOrders() with argument[s] = []
2025-12-28 01:20:18.081 [scheduling-1] DEBUG com.perfstore.aspect.LoggingAspect - Exit: com.perfstore.service.OrderCleanupScheduler.cancelUnpaidOrders() with result = null
2025-12-28 01:20:18.670 [http-nio-8080-exec-7] DEBUG com.perfstore.aspect.LoggingAspect - Enter: com.perfstore.controller.ProductController.getAllProducts() with argument[s] = []
2025-12-28 01:20:18.670 [http-nio-8080-exec-6] DEBUG com.perfstore.aspect.LoggingAspect - Enter: com.perfstore.controller.ProductController.getAllProducts() with argument[s] = []
2025-12-28 01:20:18.670 [http-nio-8080-exec-7] DEBUG com.perfstore.aspect.LoggingAspect - Enter: com.perfstore.service.ProductService.getAllProducts() with argument[s] = []
2025-12-28 01:20:18.670 [http-nio-8080-exec-6] DEBUG com.perfstore.aspect.LoggingAspect - Enter: com.perfstore.service.ProductService.getAllProducts() with argument[s] = []
2025-12-28 01:20:18.688 [http-nio-8080-exec-6] DEBUG com.perfstore.aspect.LoggingAspect - Exit: com.perfstore.service.ProductService.getAllProducts() with result = [com.perfstore.dto.ProductDto$Response@7ff482aa, com.perfstore.dto.ProductDto$Response@7e311b6e, com.perfstore.dto.ProductDto$Response@77f08a3a, com.perfstore.dto.ProductDto$Response@3e9e2ed, com.perfstore.dto.ProductDto$Response@5853d1e8, com.perfstore.dto.ProductDto$Response@2e4f5be7, com.perfstore.dto.ProductDto$Response@5d9db54e, com.perfstore.dto.ProductDto$Response@112fda9a, com.perfstore.dto.ProductDto$Response@573585c6]
2025-12-28 01:20:18.688 [http-nio-8080-exec-7] DEBUG com.perfstore.aspect.LoggingAspect - Exit: com.perfstore.service.ProductService.getAllProducts() with result = [com.perfstore.dto.ProductDto$Response@3c263255, com.perfstore.dto.ProductDto$Response@3f6a15be, com.perfstore.dto.ProductDto$Response@38f4cb05, com.perfstore.dto.ProductDto$Response@7135b364, com.perfstore.dto.ProductDto$Response@7c8c938d, com.perfstore.dto.ProductDto$Response@1324be47, com.perfstore.dto.ProductDto$Response@d96f3c5, com.perfstore.dto.ProductDto$Response@51e4cf80, com.perfstore.dto.ProductDto$Response@49ec3eca]
2025-12-28 01:20:18.688 [http-nio-8080-exec-6] DEBUG com.perfstore.aspect.LoggingAspect - Exit: com.perfstore.controller.ProductController.getAllProducts() with result = <200 OK OK,[com.perfstore.dto.ProductDto$Response@7ff482aa, com.perfstore.dto.ProductDto$Response@7e311b6e, com.perfstore.dto.ProductDto$Response@77f08a3a, com.perfstore.dto.ProductDto$Response@3e9e2ed, com.perfstore.dto.ProductDto$Response@5853d1e8, com.perfstore.dto.ProductDto$Response@2e4f5be7, com.perfstore.dto.ProductDto$Response@5d9db54e, com.perfstore.dto.ProductDto$Response@112fda9a, com.perfstore.dto.ProductDto$Response@573585c6],[]>
2025-12-28 01:20:18.688 [http-nio-8080-exec-7] DEBUG com.perfstore.aspect.LoggingAspect - Exit: com.perfstore.controller.ProductController.getAllProducts() with result = <200 OK OK,[com.perfstore.dto.ProductDto$Response@3c263255, com.perfstore.dto.ProductDto$Response@3f6a15be, com.perfstore.dto.ProductDto$Response@38f4cb05, com.perfstore.dto.ProductDto$Response@7135b364, com.perfstore.dto.ProductDto$Response@7c8c938d, com.perfstore.dto.ProductDto$Response@1324be47, com.perfstore.dto.ProductDto$Response@d96f3c5, com.perfstore.dto.ProductDto$Response@51e4cf80, com.perfstore.dto.ProductDto$Response@49ec3eca],[]>
2025-12-28 01:20:30.492 [http-nio-8080-exec-10] DEBUG com.perfstore.aspect.LoggingAspect - Enter: com.perfstore.controller.ProductController.getAllProducts() with argument[s] = []
2025-12-28 01:20:30.492 [http-nio-8080-exec-10] DEBUG com.perfstore.aspect.LoggingAspect - Enter: com.perfstore.service.ProductService.getAllProducts() with argument[s] = []
2025-12-28 01:20:30.508 [http-nio-8080-exec-10] DEBUG com.perfstore.aspect.LoggingAspect - Exit: com.perfstore.service.ProductService.getAllProducts() with result = [com.perfstore.dto.ProductDto$Response@475b9728, com.perfstore.dto.ProductDto$Response@aa8300b, com.perfstore.dto.ProductDto$Response@573e58d8, com.perfstore.dto.ProductDto$Response@1f5eebbd, com.perfstore.dto.ProductDto$Response@427cda9, com.perfstore.dto.ProductDto$Response@4fc48d4e, com.perfstore.dto.ProductDto$Response@6a99f4f6, com.perfstore.dto.ProductDto$Response@2f2f91b, com.perfstore.dto.ProductDto$Response@38823669]
2025-12-28 01:20:30.508 [http-nio-8080-exec-10] DEBUG com.perfstore.aspect.LoggingAspect - Exit: com.perfstore.controller.ProductController.getAllProducts() with result = <200 OK OK,[com.perfstore.dto.ProductDto$Response@475b9728, com.perfstore.dto.ProductDto$Response@aa8300b, com.perfstore.dto.ProductDto$Response@573e58d8, com.perfstore.dto.ProductDto$Response@1f5eebbd, com.perfstore.dto.ProductDto$Response@427cda9, com.perfstore.dto.ProductDto$Response@4fc48d4e, com.perfstore.dto.ProductDto$Response@6a99f4f6, com.perfstore.dto.ProductDto$Response@2f2f91b, com.perfstore.dto.ProductDto$Response@38823669],[]>
2025-12-28 01:20:40.144 [http-nio-8080-exec-3] DEBUG com.perfstore.aspect.LoggingAspect - Enter: com.perfstore.controller.ProductController.getAllProducts() with argument[s] = []
2025-12-28 01:20:40.144 [http-nio-8080-exec-3] DEBUG com.perfstore.aspect.LoggingAspect - Enter: com.perfstore.service.ProductService.getAllProducts() with argument[s] = []
2025-12-28 01:20:40.146 [http-nio-8080-exec-5] DEBUG com.perfstore.aspect.LoggingAspect - Enter: com.perfstore.controller.ProductController.getAllProducts() with argument[s] = []
2025-12-28 01:20:40.146 [http-nio-8080-exec-5] DEBUG com.perfstore.aspect.LoggingAspect - Enter: com.perfstore.service.ProductService.getAllProducts() with argument[s] = []
2025-12-28 01:20:40.163 [http-nio-8080-exec-5] DEBUG com.perfstore.aspect.LoggingAspect - Exit: com.perfstore.service.ProductService.getAllProducts() with result = [com.perfstore.dto.ProductDto$Response@6e37c3d5, com.perfstore.dto.ProductDto$Response@12fe1245, com.perfstore.dto.ProductDto$Response@2dfc0123, com.perfstore.dto.ProductDto$Response@715f9431, com.perfstore.dto.ProductDto$Response@21a6d8a4, com.perfstore.dto.ProductDto$Response@43289aef, com.perfstore.dto.ProductDto$Response@e907eb0, com.perfstore.dto.ProductDto$Response@3e39d4f, com.perfstore.dto.ProductDto$Response@1417166f]
2025-12-28 01:20:40.163 [http-nio-8080-exec-3] DEBUG com.perfstore.aspect.LoggingAspect - Exit: com.perfstore.service.ProductService.getAllProducts() with result = [com.perfstore.dto.ProductDto$Response@25f4728e, com.perfstore.dto.ProductDto$Response@38ace1a0, com.perfstore.dto.ProductDto$Response@6a2e1118, com.perfstore.dto.ProductDto$Response@4b0ed2cd, com.perfstore.dto.ProductDto$Response@4d68b920, com.perfstore.dto.ProductDto$Response@1216f0cc, com.perfstore.dto.ProductDto$Response@82a9547, com.perfstore.dto.ProductDto$Response@358fb635, com.perfstore.dto.ProductDto$Response@3d26a81d]
2025-12-28 01:20:40.163 [http-nio-8080-exec-3] DEBUG com.perfstore.aspect.LoggingAspect - Exit: com.perfstore.controller.ProductController.getAllProducts() with result = <200 OK OK,[com.perfstore.dto.ProductDto$Response@25f4728e, com.perfstore.dto.ProductDto$Response@38ace1a0, com.perfstore.dto.ProductDto$Response@6a2e1118, com.perfstore.dto.ProductDto$Response@4b0ed2cd, com.perfstore.dto.ProductDto$Response@4d68b920, com.perfstore.dto.ProductDto$Response@1216f0cc, com.perfstore.dto.ProductDto$Response@82a9547, com.perfstore.dto.ProductDto$Response@358fb635, com.perfstore.dto.ProductDto$Response@3d26a81d],[]>
2025-12-28 01:20:40.163 [http-nio-8080-exec-5] DEBUG com.perfstore.aspect.LoggingAspect - Exit: com.perfstore.controller.ProductController.getAllProducts() with result = <200 OK OK,[com.perfstore.dto.ProductDto$Response@6e37c3d5, com.perfstore.dto.ProductDto$Response@12fe1245, com.perfstore.dto.ProductDto$Response@2dfc0123, com.perfstore.dto.ProductDto$Response@715f9431, com.perfstore.dto.ProductDto$Response@21a6d8a4, com.perfstore.dto.ProductDto$Response@43289aef, com.perfstore.dto.ProductDto$Response@e907eb0, com.perfstore.dto.ProductDto$Response@3e39d4f, com.perfstore.dto.ProductDto$Response@1417166f],[]>
2025-12-28 01:20:43.648 [http-nio-8080-exec-8] DEBUG com.perfstore.aspect.LoggingAspect - Enter: com.perfstore.controller.ProductController.getAllProducts() with argument[s] = []
2025-12-28 01:20:43.648 [http-nio-8080-exec-9] DEBUG com.perfstore.aspect.LoggingAspect - Enter: com.perfstore.controller.ProductController.getAllProducts() with argument[s] = []
2025-12-28 01:20:43.648 [http-nio-8080-exec-8] DEBUG com.perfstore.aspect.LoggingAspect - Enter: com.perfstore.service.ProductService.getAllProducts() with argument[s] = []
2025-12-28 01:20:43.648 [http-nio-8080-exec-9] DEBUG com.perfstore.aspect.LoggingAspect - Enter: com.perfstore.service.ProductService.getAllProducts() with argument[s] = []
2025-12-28 01:20:43.666 [http-nio-8080-exec-8] DEBUG com.perfstore.aspect.LoggingAspect - Exit: com.perfstore.service.ProductService.getAllProducts() with result = [com.perfstore.dto.ProductDto$Response@7c7745a, com.perfstore.dto.ProductDto$Response@440273b8, com.perfstore.dto.ProductDto$Response@37f0c1f9, com.perfstore.dto.ProductDto$Response@7027f9c6, com.perfstore.dto.ProductDto$Response@4cfe263c, com.perfstore.dto.ProductDto$Response@1b3603a8, com.perfstore.dto.ProductDto$Response@2af8f63e, com.perfstore.dto.ProductDto$Response@65ded36e, com.perfstore.dto.ProductDto$Response@58acc62f]
2025-12-28 01:20:43.666 [http-nio-8080-exec-9] DEBUG com.perfstore.aspect.LoggingAspect - Exit: com.perfstore.service.ProductService.getAllProducts() with result = [com.perfstore.dto.ProductDto$Response@27692dac, com.perfstore.dto.ProductDto$Response@458b5aeb, com.perfstore.dto.ProductDto$Response@62fda549, com.perfstore.dto.ProductDto$Response@2b22e5f5, com.perfstore.dto.ProductDto$Response@45c8b970, com.perfstore.dto.ProductDto$Response@5a0bef20, com.perfstore.dto.ProductDto$Response@5553cec5, com.perfstore.dto.ProductDto$Response@69e284d7, com.perfstore.dto.ProductDto$Response@69e1a3a2]
2025-12-28 01:20:43.667 [http-nio-8080-exec-8] DEBUG com.perfstore.aspect.LoggingAspect - Exit: com.perfstore.controller.ProductController.getAllProducts() with result = <200 OK OK,[com.perfstore.dto.ProductDto$Response@7c7745a, com.perfstore.dto.ProductDto$Response@440273b8, com.perfstore.dto.ProductDto$Response@37f0c1f9, com.perfstore.dto.ProductDto$Response@7027f9c6, com.perfstore.dto.ProductDto$Response@4cfe263c, com.perfstore.dto.ProductDto$Response@1b3603a8, com.perfstore.dto.ProductDto$Response@2af8f63e, com.perfstore.dto.ProductDto$Response@65ded36e, com.perfstore.dto.ProductDto$Response@58acc62f],[]>
2025-12-28 01:20:43.667 [http-nio-8080-exec-9] DEBUG com.perfstore.aspect.LoggingAspect - Exit: com.perfstore.controller.ProductController.getAllProducts() with result = <200 OK OK,[com.perfstore.dto.ProductDto$Response@27692dac, com.perfstore.dto.ProductDto$Response@458b5aeb, com.perfstore.dto.ProductDto$Response@62fda549, com.perfstore.dto.ProductDto$Response@2b22e5f5, com.perfstore.dto.ProductDto$Response@45c8b970, com.perfstore.dto.ProductDto$Response@5a0bef20, com.perfstore.dto.ProductDto$Response@5553cec5, com.perfstore.dto.ProductDto$Response@69e284d7, com.perfstore.dto.ProductDto$Response@69e1a3a2],[]>
2025-12-28 01:20:55.214 [http-nio-8080-exec-4] DEBUG com.perfstore.aspect.LoggingAspect - Enter: com.perfstore.controller.ProductController.getAllProducts() with argument[s] = []
2025-12-28 01:20:55.214 [http-nio-8080-exec-2] DEBUG com.perfstore.aspect.LoggingAspect - Enter: com.perfstore.controller.ProductController.getAllProducts() with argument[s] = []
2025-12-28 01:20:55.214 [http-nio-8080-exec-4] DEBUG com.perfstore.aspect.LoggingAspect - Enter: com.perfstore.service.ProductService.getAllProducts() with argument[s] = []
2025-12-28 01:20:55.214 [http-nio-8080-exec-2] DEBUG com.perfstore.aspect.LoggingAspect - Enter: com.perfstore.service.ProductService.getAllProducts() with argument[s] = []
2025-12-28 01:20:55.231 [http-nio-8080-exec-2] DEBUG com.perfstore.aspect.LoggingAspect - Exit: com.perfstore.service.ProductService.getAllProducts() with result = [com.perfstore.dto.ProductDto$Response@3b87fb1c, com.perfstore.dto.ProductDto$Response@7d608c40, com.perfstore.dto.ProductDto$Response@23f3b34a, com.perfstore.dto.ProductDto$Response@218362cf, com.perfstore.dto.ProductDto$Response@25d822f8, com.perfstore.dto.ProductDto$Response@5ca3a88f, com.perfstore.dto.ProductDto$Response@627429b2, com.perfstore.dto.ProductDto$Response@58dbba29, com.perfstore.dto.ProductDto$Response@3cf08c28]
2025-12-28 01:20:55.231 [http-nio-8080-exec-4] DEBUG com.perfstore.aspect.LoggingAspect - Exit: com.perfstore.service.ProductService.getAllProducts() with result = [com.perfstore.dto.ProductDto$Response@304a2586, com.perfstore.dto.ProductDto$Response@53346ea2, com.perfstore.dto.ProductDto$Response@127306bc, com.perfstore.dto.ProductDto$Response@6294a39, com.perfstore.dto.ProductDto$Response@672e396f, com.perfstore.dto.ProductDto$Response@179f0a56, com.perfstore.dto.ProductDto$Response@1dd3b8ff, com.perfstore.dto.ProductDto$Response@51e751fe, com.perfstore.dto.ProductDto$Response@4714efec]
2025-12-28 01:20:55.231 [http-nio-8080-exec-2] DEBUG com.perfstore.aspect.LoggingAspect - Exit: com.perfstore.controller.ProductController.getAllProducts() with result = <200 OK OK,[com.perfstore.dto.ProductDto$Response@3b87fb1c, com.perfstore.dto.ProductDto$Response@7d608c40, com.perfstore.dto.ProductDto$Response@23f3b34a, com.perfstore.dto.ProductDto$Response@218362cf, com.perfstore.dto.ProductDto$Response@25d822f8, com.perfstore.dto.ProductDto$Response@5ca3a88f, com.perfstore.dto.ProductDto$Response@627429b2, com.perfstore.dto.ProductDto$Response@58dbba29, com.perfstore.dto.ProductDto$Response@3cf08c28],[]>
2025-12-28 01:20:55.231 [http-nio-8080-exec-4] DEBUG com.perfstore.aspect.LoggingAspect - Exit: com.perfstore.controller.ProductController.getAllProducts() with result = <200 OK OK,[com.perfstore.dto.ProductDto$Response@304a2586, com.perfstore.dto.ProductDto$Response@53346ea2, com.perfstore.dto.ProductDto$Response@127306bc, com.perfstore.dto.ProductDto$Response@6294a39, com.perfstore.dto.ProductDto$Response@672e396f, com.perfstore.dto.ProductDto$Response@179f0a56, com.perfstore.dto.ProductDto$Response@1dd3b8ff, com.perfstore.dto.ProductDto$Response@51e751fe, com.perfstore.dto.ProductDto$Response@4714efec],[]>
2025-12-28 01:21:04.816 [http-nio-8080-exec-5] DEBUG com.perfstore.aspect.LoggingAspect - Enter: com.perfstore.controller.CategoryController.getAllCategories() with argument[s] = []
2025-12-28 01:21:04.816 [http-nio-8080-exec-5] DEBUG com.perfstore.aspect.LoggingAspect - Enter: com.perfstore.service.CategoryService.getAllCategories() with argument[s] = []
2025-12-28 01:21:04.827 [http-nio-8080-exec-5] DEBUG com.perfstore.aspect.LoggingAspect - Exit: com.perfstore.service.CategoryService.getAllCategories() with result = [com.perfstore.dto.CategoryDto$Response@7b40fdc1, com.perfstore.dto.CategoryDto$Response@13f67b6a, com.perfstore.dto.CategoryDto$Response@77805e46, com.perfstore.dto.CategoryDto$Response@21b1cd8e]
2025-12-28 01:21:04.828 [http-nio-8080-exec-5] DEBUG com.perfstore.aspect.LoggingAspect - Exit: com.perfstore.controller.CategoryController.getAllCategories() with result = <200 OK OK,[com.perfstore.dto.CategoryDto$Response@7b40fdc1, com.perfstore.dto.CategoryDto$Response@13f67b6a, com.perfstore.dto.CategoryDto$Response@77805e46, com.perfstore.dto.CategoryDto$Response@21b1cd8e],[]>
2025-12-28 01:21:04.835 [http-nio-8080-exec-3] DEBUG com.perfstore.aspect.LoggingAspect - Enter: com.perfstore.controller.CategoryController.getAllCategories() with argument[s] = []
2025-12-28 01:21:04.836 [http-nio-8080-exec-3] DEBUG com.perfstore.aspect.LoggingAspect - Enter: com.perfstore.service.CategoryService.getAllCategories() with argument[s] = []
2025-12-28 01:21:04.843 [http-nio-8080-exec-3] DEBUG com.perfstore.aspect.LoggingAspect - Exit: com.perfstore.service.CategoryService.getAllCategories() with result = [com.perfstore.dto.CategoryDto$Response@231c13ff, com.perfstore.dto.CategoryDto$Response@603722fa, com.perfstore.dto.CategoryDto$Response@4b86e25c, com.perfstore.dto.CategoryDto$Response@f85e791]
2025-12-28 01:21:04.844 [http-nio-8080-exec-3] DEBUG com.perfstore.aspect.LoggingAspect - Exit: com.perfstore.controller.CategoryController.getAllCategories() with result = <200 OK OK,[com.perfstore.dto.CategoryDto$Response@231c13ff, com.perfstore.dto.CategoryDto$Response@603722fa, com.perfstore.dto.CategoryDto$Response@4b86e25c, com.perfstore.dto.CategoryDto$Response@f85e791],[]>
2025-12-28 01:21:07.656 [http-nio-8080-exec-7] DEBUG com.perfstore.aspect.LoggingAspect - Enter: com.perfstore.controller.ProductController.getAllProducts() with argument[s] = []
2025-12-28 01:21:07.657 [http-nio-8080-exec-7] DEBUG com.perfstore.aspect.LoggingAspect - Enter: com.perfstore.service.ProductService.getAllProducts() with argument[s] = []
2025-12-28 01:21:07.670 [http-nio-8080-exec-7] DEBUG com.perfstore.aspect.LoggingAspect - Exit: com.perfstore.service.ProductService.getAllProducts() with result = [com.perfstore.dto.ProductDto$Response@217ff31d, com.perfstore.dto.ProductDto$Response@4b930902, com.perfstore.dto.ProductDto$Response@1233d1a7, com.perfstore.dto.ProductDto$Response@fd3becc, com.perfstore.dto.ProductDto$Response@51ea5330, com.perfstore.dto.ProductDto$Response@2629b16, com.perfstore.dto.ProductDto$Response@ed0cc14, com.perfstore.dto.ProductDto$Response@1ce736dc, com.perfstore.dto.ProductDto$Response@1f9795a3]
2025-12-28 01:21:07.671 [http-nio-8080-exec-7] DEBUG com.perfstore.aspect.LoggingAspect - Exit: com.perfstore.controller.ProductController.getAllProducts() with result = <200 OK OK,[com.perfstore.dto.ProductDto$Response@217ff31d, com.perfstore.dto.ProductDto$Response@4b930902, com.perfstore.dto.ProductDto$Response@1233d1a7, com.perfstore.dto.ProductDto$Response@fd3becc, com.perfstore.dto.ProductDto$Response@51ea5330, com.perfstore.dto.ProductDto$Response@2629b16, com.perfstore.dto.ProductDto$Response@ed0cc14, com.perfstore.dto.ProductDto$Response@1ce736dc, com.perfstore.dto.ProductDto$Response@1f9795a3],[]>
2025-12-28 01:21:07.680 [http-nio-8080-exec-6] DEBUG com.perfstore.aspect.LoggingAspect - Enter: com.perfstore.controller.CategoryController.getAllCategories() with argument[s] = []
2025-12-28 01:21:07.680 [http-nio-8080-exec-6] DEBUG com.perfstore.aspect.LoggingAspect - Enter: com.perfstore.service.CategoryService.getAllCategories() with argument[s] = []
2025-12-28 01:21:07.687 [http-nio-8080-exec-6] DEBUG com.perfstore.aspect.LoggingAspect - Exit: com.perfstore.service.CategoryService.getAllCategories() with result = [com.perfstore.dto.CategoryDto$Response@75e761c0, com.perfstore.dto.CategoryDto$Response@228e5b1, com.perfstore.dto.CategoryDto$Response@776fcef, com.perfstore.dto.CategoryDto$Response@52860dc]
2025-12-28 01:21:07.688 [http-nio-8080-exec-6] DEBUG com.perfstore.aspect.LoggingAspect - Exit: com.perfstore.controller.CategoryController.getAllCategories() with result = <200 OK OK,[com.perfstore.dto.CategoryDto$Response@75e761c0, com.perfstore.dto.CategoryDto$Response@228e5b1, com.perfstore.dto.CategoryDto$Response@776fcef, com.perfstore.dto.CategoryDto$Response@52860dc],[]>
2025-12-28 01:21:18.083 [scheduling-1] DEBUG com.perfstore.aspect.LoggingAspect - Enter: com.perfstore.service.OrderCleanupScheduler.cancelUnpaidOrders() with argument[s] = []
2025-12-28 01:21:18.086 [scheduling-1] DEBUG com.perfstore.aspect.LoggingAspect - Exit: com.perfstore.service.OrderCleanupScheduler.cancelUnpaidOrders() with result = null
2025-12-28 01:22:18.079 [scheduling-1] DEBUG com.perfstore.aspect.LoggingAspect - Enter: com.perfstore.service.OrderCleanupScheduler.cancelUnpaidOrders() with argument[s] = []
2025-12-28 01:22:18.083 [scheduling-1] DEBUG com.perfstore.aspect.LoggingAspect - Exit: com.perfstore.service.OrderCleanupScheduler.cancelUnpaidOrders() with result = null
2025-12-28 01:22:44.411 [http-nio-8080-exec-4] DEBUG com.perfstore.aspect.LoggingAspect - Enter: com.perfstore.controller.ProductController.getAllProducts() with argument[s] = []
2025-12-28 01:22:44.411 [http-nio-8080-exec-4] DEBUG com.perfstore.aspect.LoggingAspect - Enter: com.perfstore.service.ProductService.getAllProducts() with argument[s] = []
2025-12-28 01:22:44.425 [http-nio-8080-exec-4] DEBUG com.perfstore.aspect.LoggingAspect - Exit: com.perfstore.service.ProductService.getAllProducts() with result = [com.perfstore.dto.ProductDto$Response@3c08747f, com.perfstore.dto.ProductDto$Response@3462cb9d, com.perfstore.dto.ProductDto$Response@54e6fe3f, com.perfstore.dto.ProductDto$Response@520d5795, com.perfstore.dto.ProductDto$Response@2d596a27, com.perfstore.dto.ProductDto$Response@fc57232, com.perfstore.dto.ProductDto$Response@6c3172f3, com.perfstore.dto.ProductDto$Response@5438311f, com.perfstore.dto.ProductDto$Response@32d671ed]
2025-12-28 01:22:44.425 [http-nio-8080-exec-4] DEBUG com.perfstore.aspect.LoggingAspect - Exit: com.perfstore.controller.ProductController.getAllProducts() with result = <200 OK OK,[com.perfstore.dto.ProductDto$Response@3c08747f, com.perfstore.dto.ProductDto$Response@3462cb9d, com.perfstore.dto.ProductDto$Response@54e6fe3f, com.perfstore.dto.ProductDto$Response@520d5795, com.perfstore.dto.ProductDto$Response@2d596a27, com.perfstore.dto.ProductDto$Response@fc57232, com.perfstore.dto.ProductDto$Response@6c3172f3, com.perfstore.dto.ProductDto$Response@5438311f, com.perfstore.dto.ProductDto$Response@32d671ed],[]>
2025-12-28 01:23:18.080 [scheduling-1] DEBUG com.perfstore.aspect.LoggingAspect - Enter: com.perfstore.service.OrderCleanupScheduler.cancelUnpaidOrders() with argument[s] = []
2025-12-28 01:23:18.084 [scheduling-1] DEBUG com.perfstore.aspect.LoggingAspect - Exit: com.perfstore.service.OrderCleanupScheduler.cancelUnpaidOrders() with result = null
2025-12-28 01:24:04.689 [http-nio-8080-exec-5] DEBUG com.perfstore.aspect.LoggingAspect - Enter: com.perfstore.controller.ProductController.getAllProducts() with argument[s] = []
2025-12-28 01:24:04.689 [http-nio-8080-exec-5] DEBUG com.perfstore.aspect.LoggingAspect - Enter: com.perfstore.service.ProductService.getAllProducts() with argument[s] = []
2025-12-28 01:24:04.701 [http-nio-8080-exec-5] DEBUG com.perfstore.aspect.LoggingAspect - Exit: com.perfstore.service.ProductService.getAllProducts() with result = [com.perfstore.dto.ProductDto$Response@7af434b9, com.perfstore.dto.ProductDto$Response@50d0d47d, com.perfstore.dto.ProductDto$Response@3c25922f, com.perfstore.dto.ProductDto$Response@10fc49d9, com.perfstore.dto.ProductDto$Response@4b76f683, com.perfstore.dto.ProductDto$Response@1d53b0ac, com.perfstore.dto.ProductDto$Response@df7edc3, com.perfstore.dto.ProductDto$Response@7f37df25, com.perfstore.dto.ProductDto$Response@309fcae]
2025-12-28 01:24:04.702 [http-nio-8080-exec-5] DEBUG com.perfstore.aspect.LoggingAspect - Exit: com.perfstore.controller.ProductController.getAllProducts() with result = <200 OK OK,[com.perfstore.dto.ProductDto$Response@7af434b9, com.perfstore.dto.ProductDto$Response@50d0d47d, com.perfstore.dto.ProductDto$Response@3c25922f, com.perfstore.dto.ProductDto$Response@10fc49d9, com.perfstore.dto.ProductDto$Response@4b76f683, com.perfstore.dto.ProductDto$Response@1d53b0ac, com.perfstore.dto.ProductDto$Response@df7edc3, com.perfstore.dto.ProductDto$Response@7f37df25, com.perfstore.dto.ProductDto$Response@309fcae],[]>
2025-12-28 01:24:04.710 [http-nio-8080-exec-3] DEBUG com.perfstore.aspect.LoggingAspect - Enter: com.perfstore.controller.CategoryController.getAllCategories() with argument[s] = []
2025-12-28 01:24:04.711 [http-nio-8080-exec-3] DEBUG com.perfstore.aspect.LoggingAspect - Enter: com.perfstore.service.CategoryService.getAllCategories() with argument[s] = []
2025-12-28 01:24:04.718 [http-nio-8080-exec-3] DEBUG com.perfstore.aspect.LoggingAspect - Exit: com.perfstore.service.CategoryService.getAllCategories() with result = [com.perfstore.dto.CategoryDto$Response@13efdf4b, com.perfstore.dto.CategoryDto$Response@7cd229ef, com.perfstore.dto.CategoryDto$Response@469c1b5e, com.perfstore.dto.CategoryDto$Response@7fb6d89d]
2025-12-28 01:24:04.718 [http-nio-8080-exec-3] DEBUG com.perfstore.aspect.LoggingAspect - Exit: com.perfstore.controller.CategoryController.getAllCategories() with result = <200 OK OK,[com.perfstore.dto.CategoryDto$Response@13efdf4b, com.perfstore.dto.CategoryDto$Response@7cd229ef, com.perfstore.dto.CategoryDto$Response@469c1b5e, com.perfstore.dto.CategoryDto$Response@7fb6d89d],[]>
2025-12-28 01:24:18.081 [scheduling-1] DEBUG com.perfstore.aspect.LoggingAspect - Enter: com.perfstore.service.OrderCleanupScheduler.cancelUnpaidOrders() with argument[s] = []
2025-12-28 01:24:18.083 [scheduling-1] DEBUG com.perfstore.aspect.LoggingAspect - Exit: com.perfstore.service.OrderCleanupScheduler.cancelUnpaidOrders() with result = null
2025-12-28 01:25:18.086 [scheduling-1] DEBUG com.perfstore.aspect.LoggingAspect - Enter: com.perfstore.service.OrderCleanupScheduler.cancelUnpaidOrders() with argument[s] = []
2025-12-28 01:25:18.091 [scheduling-1] DEBUG com.perfstore.aspect.LoggingAspect - Exit: com.perfstore.service.OrderCleanupScheduler.cancelUnpaidOrders() with result = null
2025-12-28 01:26:18.077 [scheduling-1] DEBUG com.perfstore.aspect.LoggingAspect - Enter: com.perfstore.service.OrderCleanupScheduler.cancelUnpaidOrders() with argument[s] = []
2025-12-28 01:26:18.081 [scheduling-1] DEBUG com.perfstore.aspect.LoggingAspect - Exit: com.perfstore.service.OrderCleanupScheduler.cancelUnpaidOrders() with result = null
2025-12-28 23:56:44.508 [main] INFO  com.perfstore.PerfstoreApplication - Starting PerfstoreApplication using Java 21.0.9 with PID 22652 (C:\Users\Oğuzhan\Desktop\perfstore-main\target\classes started by Oğuzhan in C:\Users\Oğuzhan\Desktop\perfstore-main)
2025-12-28 23:56:44.510 [main] DEBUG com.perfstore.PerfstoreApplication - Running with Spring Boot v3.2.0, Spring v6.1.1
2025-12-28 23:56:44.511 [main] INFO  com.perfstore.PerfstoreApplication - No active profile set, falling back to 1 default profile: "default"
2025-12-28 23:56:44.919 [main] INFO  o.s.d.r.c.RepositoryConfigurationDelegate - Bootstrapping Spring Data JPA repositories in DEFAULT mode.
2025-12-28 23:56:44.965 [main] INFO  o.s.d.r.c.RepositoryConfigurationDelegate - Finished Spring Data repository scanning in 41 ms. Found 8 JPA repository interfaces.
2025-12-28 23:56:45.341 [main] INFO  o.s.b.w.e.tomcat.TomcatWebServer - Tomcat initialized with port 8080 (http)
2025-12-28 23:56:45.352 [main] INFO  o.a.catalina.core.StandardService - Starting service [Tomcat]
2025-12-28 23:56:45.352 [main] INFO  o.a.catalina.core.StandardEngine - Starting Servlet engine: [Apache Tomcat/10.1.16]
2025-12-28 23:56:45.388 [main] INFO  o.a.c.c.C.[Tomcat].[localhost].[/] - Initializing Spring embedded WebApplicationContext
2025-12-28 23:56:45.389 [main] INFO  o.s.b.w.s.c.ServletWebServerApplicationContext - Root WebApplicationContext: initialization completed in 850 ms
2025-12-28 23:56:45.463 [main] INFO  o.h.jpa.internal.util.LogHelper - HHH000204: Processing PersistenceUnitInfo [name: default]
2025-12-28 23:56:45.499 [main] INFO  org.hibernate.Version - HHH000412: Hibernate ORM core version 6.3.1.Final
2025-12-28 23:56:45.526 [main] INFO  o.h.c.i.RegionFactoryInitiator - HHH000026: Second-level cache disabled
2025-12-28 23:56:45.653 [main] INFO  o.s.o.j.p.SpringPersistenceUnitInfo - No LoadTimeWeaver setup: ignoring JPA class transformer
2025-12-28 23:56:45.672 [main] INFO  com.zaxxer.hikari.HikariDataSource - HikariPool-1 - Starting...
2025-12-28 23:56:46.755 [main] ERROR com.zaxxer.hikari.pool.HikariPool - HikariPool-1 - Exception during pool initialization.
com.mysql.cj.jdbc.exceptions.CommunicationsException: Communications link failure

The last packet sent successfully to the server was 0 milliseconds ago. The driver has not received any packets from the server.
	at com.mysql.cj.jdbc.exceptions.SQLError.createCommunicationsException(SQLError.java:175)
	at com.mysql.cj.jdbc.exceptions.SQLExceptionsMapping.translateException(SQLExceptionsMapping.java:64)
	at com.mysql.cj.jdbc.ConnectionImpl.createNewIO(ConnectionImpl.java:819)
	at com.mysql.cj.jdbc.ConnectionImpl.<init>(ConnectionImpl.java:440)
	at com.mysql.cj.jdbc.ConnectionImpl.getInstance(ConnectionImpl.java:239)
	at com.mysql.cj.jdbc.NonRegisteringDriver.connect(NonRegisteringDriver.java:188)
	at com.zaxxer.hikari.util.DriverDataSource.getConnection(DriverDataSource.java:138)
	at com.zaxxer.hikari.pool.PoolBase.newConnection(PoolBase.java:359)
	at com.zaxxer.hikari.pool.PoolBase.newPoolEntry(PoolBase.java:201)
	at com.zaxxer.hikari.pool.HikariPool.createPoolEntry(HikariPool.java:470)
	at com.zaxxer.hikari.pool.HikariPool.checkFailFast(HikariPool.java:561)
	at com.zaxxer.hikari.pool.HikariPool.<init>(HikariPool.java:100)
	at com.zaxxer.hikari.HikariDataSource.getConnection(HikariDataSource.java:112)
	at org.hibernate.engine.jdbc.connections.internal.DatasourceConnectionProviderImpl.getConnection(DatasourceConnectionProviderImpl.java:122)
	at org.hibernate.engine.jdbc.env.internal.JdbcEnvironmentInitiator$ConnectionProviderJdbcConnectionAccess.obtainConnection(JdbcEnvironmentInitiator.java:424)
	at org.hibernate.resource.transaction.backend.jdbc.internal.JdbcIsolationDelegate.delegateWork(JdbcIsolationDelegate.java:61)
	at org.hibernate.engine.jdbc.env.internal.JdbcEnvironmentInitiator.getJdbcEnvironmentUsingJdbcMetadata(JdbcEnvironmentInitiator.java:273)
	at org.hibernate.engine.jdbc.env.internal.JdbcEnvironmentInitiator.initiateService(JdbcEnvironmentInitiator.java:105)
	at org.hibernate.engine.jdbc.env.internal.JdbcEnvironmentInitiator.initiateService(JdbcEnvironmentInitiator.java:66)
	at org.hibernate.boot.registry.internal.StandardServiceRegistryImpl.initiateService(StandardServiceRegistryImpl.java:129)
	at org.hibernate.service.internal.AbstractServiceRegistryImpl.createService(AbstractServiceRegistryImpl.java:263)
	at org.hibernate.service.internal.AbstractServiceRegistryImpl.initializeService(AbstractServiceRegistryImpl.java:238)
	at org.hibernate.service.internal.AbstractServiceRegistryImpl.getService(AbstractServiceRegistryImpl.java:215)
	at org.hibernate.boot.model.relational.Database.<init>(Database.java:45)
	at org.hibernate.boot.internal.InFlightMetadataCollectorImpl.getDatabase(InFlightMetadataCollectorImpl.java:223)
	at org.hibernate.boot.internal.InFlightMetadataCollectorImpl.<init>(InFlightMetadataCollectorImpl.java:191)
	at org.hibernate.boot.model.process.spi.MetadataBuildingProcess.complete(MetadataBuildingProcess.java:169)
	at org.hibernate.jpa.boot.internal.EntityManagerFactoryBuilderImpl.metadata(EntityManagerFactoryBuilderImpl.java:1432)
	at org.hibernate.jpa.boot.internal.EntityManagerFactoryBuilderImpl.build(EntityManagerFactoryBuilderImpl.java:1503)
	at org.springframework.orm.jpa.vendor.SpringHibernateJpaPersistenceProvider.createContainerEntityManagerFactory(SpringHibernateJpaPersistenceProvider.java:75)
	at org.springframework.orm.jpa.LocalContainerEntityManagerFactoryBean.createNativeEntityManagerFactory(LocalContainerEntityManagerFactoryBean.java:376)
	at org.springframework.orm.jpa.AbstractEntityManagerFactoryBean.buildNativeEntityManagerFactory(AbstractEntityManagerFactoryBean.java:409)
	at org.springframework.orm.jpa.AbstractEntityManagerFactoryBean.afterPropertiesSet(AbstractEntityManagerFactoryBean.java:396)
	at org.springframework.orm.jpa.LocalContainerEntityManagerFactoryBean.afterPropertiesSet(LocalContainerEntityManagerFactoryBean.java:352)
	at org.springframework.beans.factory.support.AbstractAutowireCapableBeanFactory.invokeInitMethods(AbstractAutowireCapableBeanFactory.java:1822)
	at org.springframework.beans.factory.support.AbstractAutowireCapableBeanFactory.initializeBean(AbstractAutowireCapableBeanFactory.java:1771)
	at org.springframework.beans.factory.support.AbstractAutowireCapableBeanFactory.doCreateBean(AbstractAutowireCapableBeanFactory.java:601)
	at org.springframework.beans.factory.support.AbstractAutowireCapableBeanFactory.createBean(AbstractAutowireCapableBeanFactory.java:523)
	at org.springframework.beans.factory.support.AbstractBeanFactory.lambda$doGetBean$0(AbstractBeanFactory.java:325)
	at org.springframework.beans.factory.support.DefaultSingletonBeanRegistry.getSingleton(DefaultSingletonBeanRegistry.java:234)
	at org.springframework.beans.factory.support.AbstractBeanFactory.doGetBean(AbstractBeanFactory.java:323)
	at org.springframework.beans.factory.support.AbstractBeanFactory.getBean(AbstractBeanFactory.java:199)
	at org.springframework.beans.factory.support.BeanDefinitionValueResolver.resolveReference(BeanDefinitionValueResolver.java:365)
	at org.springframework.beans.factory.support.BeanDefinitionValueResolver.resolveValueIfNecessary(BeanDefinitionValueResolver.java:135)
	at org.springframework.beans.factory.support.ConstructorResolver.resolveConstructorArguments(ConstructorResolver.java:689)
	at org.springframework.beans.factory.support.ConstructorResolver.instantiateUsingFactoryMethod(ConstructorResolver.java:513)
	at org.springframework.beans.factory.support.AbstractAutowireCapableBeanFactory.instantiateUsingFactoryMethod(AbstractAutowireCapableBeanFactory.java:1336)
	at org.springframework.beans.factory.support.AbstractAutowireCapableBeanFactory.createBeanInstance(AbstractAutowireCapableBeanFactory.java:1166)
	at org.springframework.beans.factory.support.AbstractAutowireCapableBeanFactory.doCreateBean(AbstractAutowireCapableBeanFactory.java:563)
	at org.springframework.beans.factory.support.AbstractAutowireCapableBeanFactory.createBean(AbstractAutowireCapableBeanFactory.java:523)
	at org.springframework.beans.factory.support.AbstractBeanFactory.lambda$doGetBean$0(AbstractBeanFactory.java:325)
	at org.springframework.beans.factory.support.DefaultSingletonBeanRegistry.getSingleton(DefaultSingletonBeanRegistry.java:234)
	at org.springframework.beans.factory.support.AbstractBeanFactory.doGetBean(AbstractBeanFactory.java:323)
	at org.springframework.beans.factory.support.AbstractBeanFactory.getBean(AbstractBeanFactory.java:199)
	at org.springframework.beans.factory.support.BeanDefinitionValueResolver.resolveReference(BeanDefinitionValueResolver.java:365)
	at org.springframework.beans.factory.support.BeanDefinitionValueResolver.resolveValueIfNecessary(BeanDefinitionValueResolver.java:135)
	at org.springframework.beans.factory.support.AbstractAutowireCapableBeanFactory.applyPropertyValues(AbstractAutowireCapableBeanFactory.java:1686)
	at org.springframework.beans.factory.support.AbstractAutowireCapableBeanFactory.populateBean(AbstractAutowireCapableBeanFactory.java:1435)
	at org.springframework.beans.factory.support.AbstractAutowireCapableBeanFactory.doCreateBean(AbstractAutowireCapableBeanFactory.java:600)
	at org.springframework.beans.factory.support.AbstractAutowireCapableBeanFactory.createBean(AbstractAutowireCapableBeanFactory.java:523)
	at org.springframework.beans.factory.support.AbstractBeanFactory.lambda$doGetBean$0(AbstractBeanFactory.java:325)
	at org.springframework.beans.factory.support.DefaultSingletonBeanRegistry.getSingleton(DefaultSingletonBeanRegistry.java:234)
	at org.springframework.beans.factory.support.AbstractBeanFactory.doGetBean(AbstractBeanFactory.java:323)
	at org.springframework.beans.factory.support.AbstractBeanFactory.getBean(AbstractBeanFactory.java:199)
	at org.springframework.beans.factory.config.DependencyDescriptor.resolveCandidate(DependencyDescriptor.java:254)
	at org.springframework.beans.factory.support.DefaultListableBeanFactory.doResolveDependency(DefaultListableBeanFactory.java:1441)
	at org.springframework.beans.factory.support.DefaultListableBeanFactory.resolveDependency(DefaultListableBeanFactory.java:1348)
	at org.springframework.beans.factory.support.ConstructorResolver.resolveAutowiredArgument(ConstructorResolver.java:911)
	at org.springframework.beans.factory.support.ConstructorResolver.createArgumentArray(ConstructorResolver.java:789)
	at org.springframework.beans.factory.support.ConstructorResolver.autowireConstructor(ConstructorResolver.java:241)
	at org.springframework.beans.factory.support.AbstractAutowireCapableBeanFactory.autowireConstructor(AbstractAutowireCapableBeanFactory.java:1356)
	at org.springframework.beans.factory.support.AbstractAutowireCapableBeanFactory.createBeanInstance(AbstractAutowireCapableBeanFactory.java:1193)
	at org.springframework.beans.factory.support.AbstractAutowireCapableBeanFactory.doCreateBean(AbstractAutowireCapableBeanFactory.java:563)
	at org.springframework.beans.factory.support.AbstractAutowireCapableBeanFactory.createBean(AbstractAutowireCapableBeanFactory.java:523)
	at org.springframework.beans.factory.support.AbstractBeanFactory.lambda$doGetBean$0(AbstractBeanFactory.java:325)
	at org.springframework.beans.factory.support.DefaultSingletonBeanRegistry.getSingleton(DefaultSingletonBeanRegistry.java:234)
	at org.springframework.beans.factory.support.AbstractBeanFactory.doGetBean(AbstractBeanFactory.java:323)
	at org.springframework.beans.factory.support.AbstractBeanFactory.getBean(AbstractBeanFactory.java:204)
	at org.springframework.boot.web.servlet.ServletContextInitializerBeans.getOrderedBeansOfType(ServletContextInitializerBeans.java:210)
	at org.springframework.boot.web.servlet.ServletContextInitializerBeans.addAsRegistrationBean(ServletContextInitializerBeans.java:173)
	at org.springframework.boot.web.servlet.ServletContextInitializerBeans.addAsRegistrationBean(ServletContextInitializerBeans.java:168)
	at org.springframework.boot.web.servlet.ServletContextInitializerBeans.addAdaptableBeans(ServletContextInitializerBeans.java:153)
	at org.springframework.boot.web.servlet.ServletContextInitializerBeans.<init>(ServletContextInitializerBeans.java:86)
	at org.springframework.boot.web.servlet.context.ServletWebServerApplicationContext.getServletContextInitializerBeans(ServletWebServerApplicationContext.java:266)
	at org.springframework.boot.web.servlet.context.ServletWebServerApplicationContext.selfInitialize(ServletWebServerApplicationContext.java:240)
	at org.springframework.boot.web.embedded.tomcat.TomcatStarter.onStartup(TomcatStarter.java:52)
	at org.apache.catalina.core.StandardContext.startInternal(StandardContext.java:4850)
	at org.apache.catalina.util.LifecycleBase.start(LifecycleBase.java:171)
	at org.apache.catalina.core.ContainerBase$StartChild.call(ContainerBase.java:1332)
	at org.apache.catalina.core.ContainerBase$StartChild.call(ContainerBase.java:1322)
	at java.base/java.util.concurrent.FutureTask.run(FutureTask.java:317)
	at org.apache.tomcat.util.threads.InlineExecutorService.execute(InlineExecutorService.java:75)
	at java.base/java.util.concurrent.AbstractExecutorService.submit(AbstractExecutorService.java:145)
	at org.apache.catalina.core.ContainerBase.startInternal(ContainerBase.java:866)
	at org.apache.catalina.core.StandardHost.startInternal(StandardHost.java:845)
	at org.apache.catalina.util.LifecycleBase.start(LifecycleBase.java:171)
	at org.apache.catalina.core.ContainerBase$StartChild.call(ContainerBase.java:1332)
	at org.apache.catalina.core.ContainerBase$StartChild.call(ContainerBase.java:1322)
	at java.base/java.util.concurrent.FutureTask.run(FutureTask.java:317)
	at org.apache.tomcat.util.threads.InlineExecutorService.execute(InlineExecutorService.java:75)
	at java.base/java.util.concurrent.AbstractExecutorService.submit(AbstractExecutorService.java:145)
	at org.apache.catalina.core.ContainerBase.startInternal(ContainerBase.java:866)
	at org.apache.catalina.core.StandardEngine.startInternal(StandardEngine.java:240)
	at org.apache.catalina.util.LifecycleBase.start(LifecycleBase.java:171)
	at org.apache.catalina.core.StandardService.startInternal(StandardService.java:433)
	at org.apache.catalina.util.LifecycleBase.start(LifecycleBase.java:171)
	at org.apache.catalina.core.StandardServer.startInternal(StandardServer.java:917)
	at org.apache.catalina.util.LifecycleBase.start(LifecycleBase.java:171)
	at org.apache.catalina.startup.Tomcat.start(Tomcat.java:488)
	at org.springframework.boot.web.embedded.tomcat.TomcatWebServer.initialize(TomcatWebServer.java:123)
	at org.springframework.boot.web.embedded.tomcat.TomcatWebServer.<init>(TomcatWebServer.java:104)
	at org.springframework.boot.web.embedded.tomcat.TomcatServletWebServerFactory.getTomcatWebServer(TomcatServletWebServerFactory.java:501)
	at org.springframework.boot.web.embedded.tomcat.TomcatServletWebServerFactory.getWebServer(TomcatServletWebServerFactory.java:218)
	at org.springframework.boot.web.servlet.context.ServletWebServerApplicationContext.createWebServer(ServletWebServerApplicationContext.java:188)
	at org.springframework.boot.web.servlet.context.ServletWebServerApplicationContext.onRefresh(ServletWebServerApplicationContext.java:162)
	at org.springframework.context.support.AbstractApplicationContext.refresh(AbstractApplicationContext.java:610)
	at org.springframework.boot.web.servlet.context.ServletWebServerApplicationContext.refresh(ServletWebServerApplicationContext.java:146)
	at org.springframework.boot.SpringApplication.refresh(SpringApplication.java:753)
	at org.springframework.boot.SpringApplication.refreshContext(SpringApplication.java:455)
	at org.springframework.boot.SpringApplication.run(SpringApplication.java:323)
	at org.springframework.boot.SpringApplication.run(SpringApplication.java:1342)
	at org.springframework.boot.SpringApplication.run(SpringApplication.java:1331)
	at com.perfstore.PerfstoreApplication.main(PerfstoreApplication.java:25)
Caused by: com.mysql.cj.exceptions.CJCommunicationsException: Communications link failure

The last packet sent successfully to the server was 0 milliseconds ago. The driver has not received any packets from the server.
	at java.base/jdk.internal.reflect.DirectConstructorHandleAccessor.newInstance(DirectConstructorHandleAccessor.java:62)
	at java.base/java.lang.reflect.Constructor.newInstanceWithCaller(Constructor.java:502)
	at java.base/java.lang.reflect.Constructor.newInstance(Constructor.java:486)
	at com.mysql.cj.exceptions.ExceptionFactory.createException(ExceptionFactory.java:62)
	at com.mysql.cj.exceptions.ExceptionFactory.createException(ExceptionFactory.java:105)
	at com.mysql.cj.exceptions.ExceptionFactory.createException(ExceptionFactory.java:150)
	at com.mysql.cj.exceptions.ExceptionFactory.createCommunicationsException(ExceptionFactory.java:166)
	at com.mysql.cj.protocol.a.NativeSocketConnection.connect(NativeSocketConnection.java:89)
	at com.mysql.cj.NativeSession.connect(NativeSession.java:121)
	at com.mysql.cj.jdbc.ConnectionImpl.connectOneTryOnly(ConnectionImpl.java:939)
	at com.mysql.cj.jdbc.ConnectionImpl.createNewIO(ConnectionImpl.java:809)
	... 120 common frames omitted
Caused by: java.net.ConnectException: Connection refused: getsockopt
	at java.base/sun.nio.ch.Net.pollConnect(Native Method)
	at java.base/sun.nio.ch.Net.pollConnectNow(Net.java:682)
	at java.base/sun.nio.ch.NioSocketImpl.timedFinishConnect(NioSocketImpl.java:542)
	at java.base/sun.nio.ch.NioSocketImpl.connect(NioSocketImpl.java:592)
	at java.base/java.net.SocksSocketImpl.connect(SocksSocketImpl.java:327)
	at java.base/java.net.Socket.connect(Socket.java:751)
	at com.mysql.cj.protocol.StandardSocketFactory.connect(StandardSocketFactory.java:153)
	at com.mysql.cj.protocol.a.NativeSocketConnection.connect(NativeSocketConnection.java:63)
	... 123 common frames omitted
2025-12-28 23:56:46.765 [main] WARN  o.h.e.j.e.i.JdbcEnvironmentInitiator - HHH000342: Could not obtain connection to query metadata
java.lang.NullPointerException: Cannot invoke "org.hibernate.engine.jdbc.spi.SqlExceptionHelper.convert(java.sql.SQLException, String)" because the return value of "org.hibernate.resource.transaction.backend.jdbc.internal.JdbcIsolationDelegate.sqlExceptionHelper()" is null
	at org.hibernate.resource.transaction.backend.jdbc.internal.JdbcIsolationDelegate.delegateWork(JdbcIsolationDelegate.java:116)
	at org.hibernate.engine.jdbc.env.internal.JdbcEnvironmentInitiator.getJdbcEnvironmentUsingJdbcMetadata(JdbcEnvironmentInitiator.java:273)
	at org.hibernate.engine.jdbc.env.internal.JdbcEnvironmentInitiator.initiateService(JdbcEnvironmentInitiator.java:105)
	at org.hibernate.engine.jdbc.env.internal.JdbcEnvironmentInitiator.initiateService(JdbcEnvironmentInitiator.java:66)
	at org.hibernate.boot.registry.internal.StandardServiceRegistryImpl.initiateService(StandardServiceRegistryImpl.java:129)
	at org.hibernate.service.internal.AbstractServiceRegistryImpl.createService(AbstractServiceRegistryImpl.java:263)
	at org.hibernate.service.internal.AbstractServiceRegistryImpl.initializeService(AbstractServiceRegistryImpl.java:238)
	at org.hibernate.service.internal.AbstractServiceRegistryImpl.getService(AbstractServiceRegistryImpl.java:215)
	at org.hibernate.boot.model.relational.Database.<init>(Database.java:45)
	at org.hibernate.boot.internal.InFlightMetadataCollectorImpl.getDatabase(InFlightMetadataCollectorImpl.java:223)
	at org.hibernate.boot.internal.InFlightMetadataCollectorImpl.<init>(InFlightMetadataCollectorImpl.java:191)
	at org.hibernate.boot.model.process.spi.MetadataBuildingProcess.complete(MetadataBuildingProcess.java:169)
	at org.hibernate.jpa.boot.internal.EntityManagerFactoryBuilderImpl.metadata(EntityManagerFactoryBuilderImpl.java:1432)
	at org.hibernate.jpa.boot.internal.EntityManagerFactoryBuilderImpl.build(EntityManagerFactoryBuilderImpl.java:1503)
	at org.springframework.orm.jpa.vendor.SpringHibernateJpaPersistenceProvider.createContainerEntityManagerFactory(SpringHibernateJpaPersistenceProvider.java:75)
	at org.springframework.orm.jpa.LocalContainerEntityManagerFactoryBean.createNativeEntityManagerFactory(LocalContainerEntityManagerFactoryBean.java:376)
	at org.springframework.orm.jpa.AbstractEntityManagerFactoryBean.buildNativeEntityManagerFactory(AbstractEntityManagerFactoryBean.java:409)
	at org.springframework.orm.jpa.AbstractEntityManagerFactoryBean.afterPropertiesSet(AbstractEntityManagerFactoryBean.java:396)
	at org.springframework.orm.jpa.LocalContainerEntityManagerFactoryBean.afterPropertiesSet(LocalContainerEntityManagerFactoryBean.java:352)
	at org.springframework.beans.factory.support.AbstractAutowireCapableBeanFactory.invokeInitMethods(AbstractAutowireCapableBeanFactory.java:1822)
	at org.springframework.beans.factory.support.AbstractAutowireCapableBeanFactory.initializeBean(AbstractAutowireCapableBeanFactory.java:1771)
	at org.springframework.beans.factory.support.AbstractAutowireCapableBeanFactory.doCreateBean(AbstractAutowireCapableBeanFactory.java:601)
	at org.springframework.beans.factory.support.AbstractAutowireCapableBeanFactory.createBean(AbstractAutowireCapableBeanFactory.java:523)
	at org.springframework.beans.factory.support.AbstractBeanFactory.lambda$doGetBean$0(AbstractBeanFactory.java:325)
	at org.springframework.beans.factory.support.DefaultSingletonBeanRegistry.getSingleton(DefaultSingletonBeanRegistry.java:234)
	at org.springframework.beans.factory.support.AbstractBeanFactory.doGetBean(AbstractBeanFactory.java:323)
	at org.springframework.beans.factory.support.AbstractBeanFactory.getBean(AbstractBeanFactory.java:199)
	at org.springframework.beans.factory.support.BeanDefinitionValueResolver.resolveReference(BeanDefinitionValueResolver.java:365)
	at org.springframework.beans.factory.support.BeanDefinitionValueResolver.resolveValueIfNecessary(BeanDefinitionValueResolver.java:135)
	at org.springframework.beans.factory.support.ConstructorResolver.resolveConstructorArguments(ConstructorResolver.java:689)
	at org.springframework.beans.factory.support.ConstructorResolver.instantiateUsingFactoryMethod(ConstructorResolver.java:513)
	at org.springframework.beans.factory.support.AbstractAutowireCapableBeanFactory.instantiateUsingFactoryMethod(AbstractAutowireCapableBeanFactory.java:1336)
	at org.springframework.beans.factory.support.AbstractAutowireCapableBeanFactory.createBeanInstance(AbstractAutowireCapableBeanFactory.java:1166)
	at org.springframework.beans.factory.support.AbstractAutowireCapableBeanFactory.doCreateBean(AbstractAutowireCapableBeanFactory.java:563)
	at org.springframework.beans.factory.support.AbstractAutowireCapableBeanFactory.createBean(AbstractAutowireCapableBeanFactory.java:523)
	at org.springframework.beans.factory.support.AbstractBeanFactory.lambda$doGetBean$0(AbstractBeanFactory.java:325)
	at org.springframework.beans.factory.support.DefaultSingletonBeanRegistry.getSingleton(DefaultSingletonBeanRegistry.java:234)
	at org.springframework.beans.factory.support.AbstractBeanFactory.doGetBean(AbstractBeanFactory.java:323)
	at org.springframework.beans.factory.support.AbstractBeanFactory.getBean(AbstractBeanFactory.java:199)
	at org.springframework.beans.factory.support.BeanDefinitionValueResolver.resolveReference(BeanDefinitionValueResolver.java:365)
	at org.springframework.beans.factory.support.BeanDefinitionValueResolver.resolveValueIfNecessary(BeanDefinitionValueResolver.java:135)
	at org.springframework.beans.factory.support.AbstractAutowireCapableBeanFactory.applyPropertyValues(AbstractAutowireCapableBeanFactory.java:1686)
	at org.springframework.beans.factory.support.AbstractAutowireCapableBeanFactory.populateBean(AbstractAutowireCapableBeanFactory.java:1435)
	at org.springframework.beans.factory.support.AbstractAutowireCapableBeanFactory.doCreateBean(AbstractAutowireCapableBeanFactory.java:600)
	at org.springframework.beans.factory.support.AbstractAutowireCapableBeanFactory.createBean(AbstractAutowireCapableBeanFactory.java:523)
	at org.springframework.beans.factory.support.AbstractBeanFactory.lambda$doGetBean$0(AbstractBeanFactory.java:325)
	at org.springframework.beans.factory.support.DefaultSingletonBeanRegistry.getSingleton(DefaultSingletonBeanRegistry.java:234)
	at org.springframework.beans.factory.support.AbstractBeanFactory.doGetBean(AbstractBeanFactory.java:323)
	at org.springframework.beans.factory.support.AbstractBeanFactory.getBean(AbstractBeanFactory.java:199)
	at org.springframework.beans.factory.config.DependencyDescriptor.resolveCandidate(DependencyDescriptor.java:254)
	at org.springframework.beans.factory.support.DefaultListableBeanFactory.doResolveDependency(DefaultListableBeanFactory.java:1441)
	at org.springframework.beans.factory.support.DefaultListableBeanFactory.resolveDependency(DefaultListableBeanFactory.java:1348)
	at org.springframework.beans.factory.support.ConstructorResolver.resolveAutowiredArgument(ConstructorResolver.java:911)
	at org.springframework.beans.factory.support.ConstructorResolver.createArgumentArray(ConstructorResolver.java:789)
	at org.springframework.beans.factory.support.ConstructorResolver.autowireConstructor(ConstructorResolver.java:241)
	at org.springframework.beans.factory.support.AbstractAutowireCapableBeanFactory.autowireConstructor(AbstractAutowireCapableBeanFactory.java:1356)
	at org.springframework.beans.factory.support.AbstractAutowireCapableBeanFactory.createBeanInstance(AbstractAutowireCapableBeanFactory.java:1193)
	at org.springframework.beans.factory.support.AbstractAutowireCapableBeanFactory.doCreateBean(AbstractAutowireCapableBeanFactory.java:563)
	at org.springframework.beans.factory.support.AbstractAutowireCapableBeanFactory.createBean(AbstractAutowireCapableBeanFactory.java:523)
	at org.springframework.beans.factory.support.AbstractBeanFactory.lambda$doGetBean$0(AbstractBeanFactory.java:325)
	at org.springframework.beans.factory.support.DefaultSingletonBeanRegistry.getSingleton(DefaultSingletonBeanRegistry.java:234)
	at org.springframework.beans.factory.support.AbstractBeanFactory.doGetBean(AbstractBeanFactory.java:323)
	at org.springframework.beans.factory.support.AbstractBeanFactory.getBean(AbstractBeanFactory.java:204)
	at org.springframework.boot.web.servlet.ServletContextInitializerBeans.getOrderedBeansOfType(ServletContextInitializerBeans.java:210)
	at org.springframework.boot.web.servlet.ServletContextInitializerBeans.addAsRegistrationBean(ServletContextInitializerBeans.java:173)
	at org.springframework.boot.web.servlet.ServletContextInitializerBeans.addAsRegistrationBean(ServletContextInitializerBeans.java:168)
	at org.springframework.boot.web.servlet.ServletContextInitializerBeans.addAdaptableBeans(ServletContextInitializerBeans.java:153)
	at org.springframework.boot.web.servlet.ServletContextInitializerBeans.<init>(ServletContextInitializerBeans.java:86)
	at org.springframework.boot.web.servlet.context.ServletWebServerApplicationContext.getServletContextInitializerBeans(ServletWebServerApplicationContext.java:266)
	at org.springframework.boot.web.servlet.context.ServletWebServerApplicationContext.selfInitialize(ServletWebServerApplicationContext.java:240)
	at org.springframework.boot.web.embedded.tomcat.TomcatStarter.onStartup(TomcatStarter.java:52)
	at org.apache.catalina.core.StandardContext.startInternal(StandardContext.java:4850)
	at org.apache.catalina.util.LifecycleBase.start(LifecycleBase.java:171)
	at org.apache.catalina.core.ContainerBase$StartChild.call(ContainerBase.java:1332)
	at org.apache.catalina.core.ContainerBase$StartChild.call(ContainerBase.java:1322)
	at java.base/java.util.concurrent.FutureTask.run(FutureTask.java:317)
	at org.apache.tomcat.util.threads.InlineExecutorService.execute(InlineExecutorService.java:75)
	at java.base/java.util.concurrent.AbstractExecutorService.submit(AbstractExecutorService.java:145)
	at org.apache.catalina.core.ContainerBase.startInternal(ContainerBase.java:866)
	at org.apache.catalina.core.StandardHost.startInternal(StandardHost.java:845)
	at org.apache.catalina.util.LifecycleBase.start(LifecycleBase.java:171)
	at org.apache.catalina.core.ContainerBase$StartChild.call(ContainerBase.java:1332)
	at org.apache.catalina.core.ContainerBase$StartChild.call(ContainerBase.java:1322)
	at java.base/java.util.concurrent.FutureTask.run(FutureTask.java:317)
	at org.apache.tomcat.util.threads.InlineExecutorService.execute(InlineExecutorService.java:75)
	at java.base/java.util.concurrent.AbstractExecutorService.submit(AbstractExecutorService.java:145)
	at org.apache.catalina.core.ContainerBase.startInternal(ContainerBase.java:866)
	at org.apache.catalina.core.StandardEngine.startInternal(StandardEngine.java:240)
	at org.apache.catalina.util.LifecycleBase.start(LifecycleBase.java:171)
	at org.apache.catalina.core.StandardService.startInternal(StandardService.java:433)
	at org.apache.catalina.util.LifecycleBase.start(LifecycleBase.java:171)
	at org.apache.catalina.core.StandardServer.startInternal(StandardServer.java:917)
	at org.apache.catalina.util.LifecycleBase.start(LifecycleBase.java:171)
	at org.apache.catalina.startup.Tomcat.start(Tomcat.java:488)
	at org.springframework.boot.web.embedded.tomcat.TomcatWebServer.initialize(TomcatWebServer.java:123)
	at org.springframework.boot.web.embedded.tomcat.TomcatWebServer.<init>(TomcatWebServer.java:104)
	at org.springframework.boot.web.embedded.tomcat.TomcatServletWebServerFactory.getTomcatWebServer(TomcatServletWebServerFactory.java:501)
	at org.springframework.boot.web.embedded.tomcat.TomcatServletWebServerFactory.getWebServer(TomcatServletWebServerFactory.java:218)
	at org.springframework.boot.web.servlet.context.ServletWebServerApplicationContext.createWebServer(ServletWebServerApplicationContext.java:188)
	at org.springframework.boot.web.servlet.context.ServletWebServerApplicationContext.onRefresh(ServletWebServerApplicationContext.java:162)
	at org.springframework.context.support.AbstractApplicationContext.refresh(AbstractApplicationContext.java:610)
	at org.springframework.boot.web.servlet.context.ServletWebServerApplicationContext.refresh(ServletWebServerApplicationContext.java:146)
	at org.springframework.boot.SpringApplication.refresh(SpringApplication.java:753)
	at org.springframework.boot.SpringApplication.refreshContext(SpringApplication.java:455)
	at org.springframework.boot.SpringApplication.run(SpringApplication.java:323)
	at org.springframework.boot.SpringApplication.run(SpringApplication.java:1342)
	at org.springframework.boot.SpringApplication.run(SpringApplication.java:1331)
	at com.perfstore.PerfstoreApplication.main(PerfstoreApplication.java:25)
2025-12-28 23:56:46.780 [main] WARN  org.hibernate.orm.deprecation - HHH90000025: MySQLDialect does not need to be specified explicitly using 'hibernate.dialect' (remove the property setting and it will be selected by default)
2025-12-28 23:56:47.311 [main] INFO  o.h.e.t.j.p.i.JtaPlatformInitiator - HHH000489: No JTA platform available (set 'hibernate.transaction.jta.platform' to enable JTA platform integration)
2025-12-28 23:56:47.326 [main] INFO  com.zaxxer.hikari.HikariDataSource - HikariPool-1 - Starting...
2025-12-28 23:56:48.335 [main] ERROR com.zaxxer.hikari.pool.HikariPool - HikariPool-1 - Exception during pool initialization.
com.mysql.cj.jdbc.exceptions.CommunicationsException: Communications link failure

The last packet sent successfully to the server was 0 milliseconds ago. The driver has not received any packets from the server.
	at com.mysql.cj.jdbc.exceptions.SQLError.createCommunicationsException(SQLError.java:175)
	at com.mysql.cj.jdbc.exceptions.SQLExceptionsMapping.translateException(SQLExceptionsMapping.java:64)
	at com.mysql.cj.jdbc.ConnectionImpl.createNewIO(ConnectionImpl.java:819)
	at com.mysql.cj.jdbc.ConnectionImpl.<init>(ConnectionImpl.java:440)
	at com.mysql.cj.jdbc.ConnectionImpl.getInstance(ConnectionImpl.java:239)
	at com.mysql.cj.jdbc.NonRegisteringDriver.connect(NonRegisteringDriver.java:188)
	at com.zaxxer.hikari.util.DriverDataSource.getConnection(DriverDataSource.java:138)
	at com.zaxxer.hikari.pool.PoolBase.newConnection(PoolBase.java:359)
	at com.zaxxer.hikari.pool.PoolBase.newPoolEntry(PoolBase.java:201)
	at com.zaxxer.hikari.pool.HikariPool.createPoolEntry(HikariPool.java:470)
	at com.zaxxer.hikari.pool.HikariPool.checkFailFast(HikariPool.java:561)
	at com.zaxxer.hikari.pool.HikariPool.<init>(HikariPool.java:100)
	at com.zaxxer.hikari.HikariDataSource.getConnection(HikariDataSource.java:112)
	at org.hibernate.engine.jdbc.connections.internal.DatasourceConnectionProviderImpl.getConnection(DatasourceConnectionProviderImpl.java:122)
	at org.hibernate.engine.jdbc.env.internal.JdbcEnvironmentInitiator$ConnectionProviderJdbcConnectionAccess.obtainConnection(JdbcEnvironmentInitiator.java:424)
	at org.hibernate.resource.transaction.backend.jdbc.internal.DdlTransactionIsolatorNonJtaImpl.getIsolatedConnection(DdlTransactionIsolatorNonJtaImpl.java:46)
	at org.hibernate.resource.transaction.backend.jdbc.internal.DdlTransactionIsolatorNonJtaImpl.getIsolatedConnection(DdlTransactionIsolatorNonJtaImpl.java:39)
	at org.hibernate.tool.schema.internal.exec.ImprovedExtractionContextImpl.getJdbcConnection(ImprovedExtractionContextImpl.java:63)
	at org.hibernate.tool.schema.internal.exec.ImprovedExtractionContextImpl.getJdbcDatabaseMetaData(ImprovedExtractionContextImpl.java:70)
	at org.hibernate.tool.schema.extract.internal.InformationExtractorJdbcDatabaseMetaDataImpl.processTableResultSet(InformationExtractorJdbcDatabaseMetaDataImpl.java:64)
	at org.hibernate.tool.schema.extract.internal.AbstractInformationExtractorImpl.getTables(AbstractInformationExtractorImpl.java:570)
	at org.hibernate.tool.schema.extract.internal.DatabaseInformationImpl.getTablesInformation(DatabaseInformationImpl.java:122)
	at org.hibernate.tool.schema.internal.GroupedSchemaMigratorImpl.performTablesMigration(GroupedSchemaMigratorImpl.java:72)
	at org.hibernate.tool.schema.internal.AbstractSchemaMigrator.performMigration(AbstractSchemaMigrator.java:232)
	at org.hibernate.tool.schema.internal.AbstractSchemaMigrator.doMigration(AbstractSchemaMigrator.java:117)
	at org.hibernate.tool.schema.spi.SchemaManagementToolCoordinator.performDatabaseAction(SchemaManagementToolCoordinator.java:286)
	at org.hibernate.tool.schema.spi.SchemaManagementToolCoordinator.lambda$process$5(SchemaManagementToolCoordinator.java:145)
	at java.base/java.util.HashMap.forEach(HashMap.java:1429)
	at org.hibernate.tool.schema.spi.SchemaManagementToolCoordinator.process(SchemaManagementToolCoordinator.java:142)
	at org.hibernate.boot.internal.SessionFactoryObserverForSchemaExport.sessionFactoryCreated(SessionFactoryObserverForSchemaExport.java:37)
	at org.hibernate.internal.SessionFactoryObserverChain.sessionFactoryCreated(SessionFactoryObserverChain.java:35)
	at org.hibernate.internal.SessionFactoryImpl.<init>(SessionFactoryImpl.java:295)
	at org.hibernate.boot.internal.SessionFactoryBuilderImpl.build(SessionFactoryBuilderImpl.java:450)
	at org.hibernate.jpa.boot.internal.EntityManagerFactoryBuilderImpl.build(EntityManagerFactoryBuilderImpl.java:1507)
	at org.springframework.orm.jpa.vendor.SpringHibernateJpaPersistenceProvider.createContainerEntityManagerFactory(SpringHibernateJpaPersistenceProvider.java:75)
	at org.springframework.orm.jpa.LocalContainerEntityManagerFactoryBean.createNativeEntityManagerFactory(LocalContainerEntityManagerFactoryBean.java:376)
	at org.springframework.orm.jpa.AbstractEntityManagerFactoryBean.buildNativeEntityManagerFactory(AbstractEntityManagerFactoryBean.java:409)
	at org.springframework.orm.jpa.AbstractEntityManagerFactoryBean.afterPropertiesSet(AbstractEntityManagerFactoryBean.java:396)
	at org.springframework.orm.jpa.LocalContainerEntityManagerFactoryBean.afterPropertiesSet(LocalContainerEntityManagerFactoryBean.java:352)
	at org.springframework.beans.factory.support.AbstractAutowireCapableBeanFactory.invokeInitMethods(AbstractAutowireCapableBeanFactory.java:1822)
	at org.springframework.beans.factory.support.AbstractAutowireCapableBeanFactory.initializeBean(AbstractAutowireCapableBeanFactory.java:1771)
	at org.springframework.beans.factory.support.AbstractAutowireCapableBeanFactory.doCreateBean(AbstractAutowireCapableBeanFactory.java:601)
	at org.springframework.beans.factory.support.AbstractAutowireCapableBeanFactory.createBean(AbstractAutowireCapableBeanFactory.java:523)
	at org.springframework.beans.factory.support.AbstractBeanFactory.lambda$doGetBean$0(AbstractBeanFactory.java:325)
	at org.springframework.beans.factory.support.DefaultSingletonBeanRegistry.getSingleton(DefaultSingletonBeanRegistry.java:234)
	at org.springframework.beans.factory.support.AbstractBeanFactory.doGetBean(AbstractBeanFactory.java:323)
	at org.springframework.beans.factory.support.AbstractBeanFactory.getBean(AbstractBeanFactory.java:199)
	at org.springframework.beans.factory.support.BeanDefinitionValueResolver.resolveReference(BeanDefinitionValueResolver.java:365)
	at org.springframework.beans.factory.support.BeanDefinitionValueResolver.resolveValueIfNecessary(BeanDefinitionValueResolver.java:135)
	at org.springframework.beans.factory.support.ConstructorResolver.resolveConstructorArguments(ConstructorResolver.java:689)
	at org.springframework.beans.factory.support.ConstructorResolver.instantiateUsingFactoryMethod(ConstructorResolver.java:513)
	at org.springframework.beans.factory.support.AbstractAutowireCapableBeanFactory.instantiateUsingFactoryMethod(AbstractAutowireCapableBeanFactory.java:1336)
	at org.springframework.beans.factory.support.AbstractAutowireCapableBeanFactory.createBeanInstance(AbstractAutowireCapableBeanFactory.java:1166)
	at org.springframework.beans.factory.support.AbstractAutowireCapableBeanFactory.doCreateBean(AbstractAutowireCapableBeanFactory.java:563)
	at org.springframework.beans.factory.support.AbstractAutowireCapableBeanFactory.createBean(AbstractAutowireCapableBeanFactory.java:523)
	at org.springframework.beans.factory.support.AbstractBeanFactory.lambda$doGetBean$0(AbstractBeanFactory.java:325)
	at org.springframework.beans.factory.support.DefaultSingletonBeanRegistry.getSingleton(DefaultSingletonBeanRegistry.java:234)
	at org.springframework.beans.factory.support.AbstractBeanFactory.doGetBean(AbstractBeanFactory.java:323)
	at org.springframework.beans.factory.support.AbstractBeanFactory.getBean(AbstractBeanFactory.java:199)
	at org.springframework.beans.factory.support.BeanDefinitionValueResolver.resolveReference(BeanDefinitionValueResolver.java:365)
	at org.springframework.beans.factory.support.BeanDefinitionValueResolver.resolveValueIfNecessary(BeanDefinitionValueResolver.java:135)
	at org.springframework.beans.factory.support.AbstractAutowireCapableBeanFactory.applyPropertyValues(AbstractAutowireCapableBeanFactory.java:1686)
	at org.springframework.beans.factory.support.AbstractAutowireCapableBeanFactory.populateBean(AbstractAutowireCapableBeanFactory.java:1435)
	at org.springframework.beans.factory.support.AbstractAutowireCapableBeanFactory.doCreateBean(AbstractAutowireCapableBeanFactory.java:600)
	at org.springframework.beans.factory.support.AbstractAutowireCapableBeanFactory.createBean(AbstractAutowireCapableBeanFactory.java:523)
	at org.springframework.beans.factory.support.AbstractBeanFactory.lambda$doGetBean$0(AbstractBeanFactory.java:325)
	at org.springframework.beans.factory.support.DefaultSingletonBeanRegistry.getSingleton(DefaultSingletonBeanRegistry.java:234)
	at org.springframework.beans.factory.support.AbstractBeanFactory.doGetBean(AbstractBeanFactory.java:323)
	at org.springframework.beans.factory.support.AbstractBeanFactory.getBean(AbstractBeanFactory.java:199)
	at org.springframework.beans.factory.config.DependencyDescriptor.resolveCandidate(DependencyDescriptor.java:254)
	at org.springframework.beans.factory.support.DefaultListableBeanFactory.doResolveDependency(DefaultListableBeanFactory.java:1441)
	at org.springframework.beans.factory.support.DefaultListableBeanFactory.resolveDependency(DefaultListableBeanFactory.java:1348)
	at org.springframework.beans.factory.support.ConstructorResolver.resolveAutowiredArgument(ConstructorResolver.java:911)
	at org.springframework.beans.factory.support.ConstructorResolver.createArgumentArray(ConstructorResolver.java:789)
	at org.springframework.beans.factory.support.ConstructorResolver.autowireConstructor(ConstructorResolver.java:241)
	at org.springframework.beans.factory.support.AbstractAutowireCapableBeanFactory.autowireConstructor(AbstractAutowireCapableBeanFactory.java:1356)
	at org.springframework.beans.factory.support.AbstractAutowireCapableBeanFactory.createBeanInstance(AbstractAutowireCapableBeanFactory.java:1193)
	at org.springframework.beans.factory.support.AbstractAutowireCapableBeanFactory.doCreateBean(AbstractAutowireCapableBeanFactory.java:563)
	at org.springframework.beans.factory.support.AbstractAutowireCapableBeanFactory.createBean(AbstractAutowireCapableBeanFactory.java:523)
	at org.springframework.beans.factory.support.AbstractBeanFactory.lambda$doGetBean$0(AbstractBeanFactory.java:325)
	at org.springframework.beans.factory.support.DefaultSingletonBeanRegistry.getSingleton(DefaultSingletonBeanRegistry.java:234)
	at org.springframework.beans.factory.support.AbstractBeanFactory.doGetBean(AbstractBeanFactory.java:323)
	at org.springframework.beans.factory.support.AbstractBeanFactory.getBean(AbstractBeanFactory.java:204)
	at org.springframework.boot.web.servlet.ServletContextInitializerBeans.getOrderedBeansOfType(ServletContextInitializerBeans.java:210)
	at org.springframework.boot.web.servlet.ServletContextInitializerBeans.addAsRegistrationBean(ServletContextInitializerBeans.java:173)
	at org.springframework.boot.web.servlet.ServletContextInitializerBeans.addAsRegistrationBean(ServletContextInitializerBeans.java:168)
	at org.springframework.boot.web.servlet.ServletContextInitializerBeans.addAdaptableBeans(ServletContextInitializerBeans.java:153)
	at org.springframework.boot.web.servlet.ServletContextInitializerBeans.<init>(ServletContextInitializerBeans.java:86)
	at org.springframework.boot.web.servlet.context.ServletWebServerApplicationContext.getServletContextInitializerBeans(ServletWebServerApplicationContext.java:266)
	at org.springframework.boot.web.servlet.context.ServletWebServerApplicationContext.selfInitialize(ServletWebServerApplicationContext.java:240)
	at org.springframework.boot.web.embedded.tomcat.TomcatStarter.onStartup(TomcatStarter.java:52)
	at org.apache.catalina.core.StandardContext.startInternal(StandardContext.java:4850)
	at org.apache.catalina.util.LifecycleBase.start(LifecycleBase.java:171)
	at org.apache.catalina.core.ContainerBase$StartChild.call(ContainerBase.java:1332)
	at org.apache.catalina.core.ContainerBase$StartChild.call(ContainerBase.java:1322)
	at java.base/java.util.concurrent.FutureTask.run(FutureTask.java:317)
	at org.apache.tomcat.util.threads.InlineExecutorService.execute(InlineExecutorService.java:75)
	at java.base/java.util.concurrent.AbstractExecutorService.submit(AbstractExecutorService.java:145)
	at org.apache.catalina.core.ContainerBase.startInternal(ContainerBase.java:866)
	at org.apache.catalina.core.StandardHost.startInternal(StandardHost.java:845)
	at org.apache.catalina.util.LifecycleBase.start(LifecycleBase.java:171)
	at org.apache.catalina.core.ContainerBase$StartChild.call(ContainerBase.java:1332)
	at org.apache.catalina.core.ContainerBase$StartChild.call(ContainerBase.java:1322)
	at java.base/java.util.concurrent.FutureTask.run(FutureTask.java:317)
	at org.apache.tomcat.util.threads.InlineExecutorService.execute(InlineExecutorService.java:75)
	at java.base/java.util.concurrent.AbstractExecutorService.submit(AbstractExecutorService.java:145)
	at org.apache.catalina.core.ContainerBase.startInternal(ContainerBase.java:866)
	at org.apache.catalina.core.StandardEngine.startInternal(StandardEngine.java:240)
	at org.apache.catalina.util.LifecycleBase.start(LifecycleBase.java:171)
	at org.apache.catalina.core.StandardService.startInternal(StandardService.java:433)
	at org.apache.catalina.util.LifecycleBase.start(LifecycleBase.java:171)
	at org.apache.catalina.core.StandardServer.startInternal(StandardServer.java:917)
	at org.apache.catalina.util.LifecycleBase.start(LifecycleBase.java:171)
	at org.apache.catalina.startup.Tomcat.start(Tomcat.java:488)
	at org.springframework.boot.web.embedded.tomcat.TomcatWebServer.initialize(TomcatWebServer.java:123)
	at org.springframework.boot.web.embedded.tomcat.TomcatWebServer.<init>(TomcatWebServer.java:104)
	at org.springframework.boot.web.embedded.tomcat.TomcatServletWebServerFactory.getTomcatWebServer(TomcatServletWebServerFactory.java:501)
	at org.springframework.boot.web.embedded.tomcat.TomcatServletWebServerFactory.getWebServer(TomcatServletWebServerFactory.java:218)
	at org.springframework.boot.web.servlet.context.ServletWebServerApplicationContext.createWebServer(ServletWebServerApplicationContext.java:188)
	at org.springframework.boot.web.servlet.context.ServletWebServerApplicationContext.onRefresh(ServletWebServerApplicationContext.java:162)
	at org.springframework.context.support.AbstractApplicationContext.refresh(AbstractApplicationContext.java:610)
	at org.springframework.boot.web.servlet.context.ServletWebServerApplicationContext.refresh(ServletWebServerApplicationContext.java:146)
	at org.springframework.boot.SpringApplication.refresh(SpringApplication.java:753)
	at org.springframework.boot.SpringApplication.refreshContext(SpringApplication.java:455)
	at org.springframework.boot.SpringApplication.run(SpringApplication.java:323)
	at org.springframework.boot.SpringApplication.run(SpringApplication.java:1342)
	at org.springframework.boot.SpringApplication.run(SpringApplication.java:1331)
	at com.perfstore.PerfstoreApplication.main(PerfstoreApplication.java:25)
Caused by: com.mysql.cj.exceptions.CJCommunicationsException: Communications link failure

The last packet sent successfully to the server was 0 milliseconds ago. The driver has not received any packets from the server.
	at java.base/jdk.internal.reflect.DirectConstructorHandleAccessor.newInstance(DirectConstructorHandleAccessor.java:62)
	at java.base/java.lang.reflect.Constructor.newInstanceWithCaller(Constructor.java:502)
	at java.base/java.lang.reflect.Constructor.newInstance(Constructor.java:486)
	at com.mysql.cj.exceptions.ExceptionFactory.createException(ExceptionFactory.java:62)
	at com.mysql.cj.exceptions.ExceptionFactory.createException(ExceptionFactory.java:105)
	at com.mysql.cj.exceptions.ExceptionFactory.createException(ExceptionFactory.java:150)
	at com.mysql.cj.exceptions.ExceptionFactory.createCommunicationsException(ExceptionFactory.java:166)
	at com.mysql.cj.protocol.a.NativeSocketConnection.connect(NativeSocketConnection.java:89)
	at com.mysql.cj.NativeSession.connect(NativeSession.java:121)
	at com.mysql.cj.jdbc.ConnectionImpl.connectOneTryOnly(ConnectionImpl.java:939)
	at com.mysql.cj.jdbc.ConnectionImpl.createNewIO(ConnectionImpl.java:809)
	... 125 common frames omitted
Caused by: java.net.ConnectException: Connection refused: getsockopt
	at java.base/sun.nio.ch.Net.pollConnect(Native Method)
	at java.base/sun.nio.ch.Net.pollConnectNow(Net.java:682)
	at java.base/sun.nio.ch.NioSocketImpl.timedFinishConnect(NioSocketImpl.java:542)
	at java.base/sun.nio.ch.NioSocketImpl.connect(NioSocketImpl.java:592)
	at java.base/java.net.SocksSocketImpl.connect(SocksSocketImpl.java:327)
	at java.base/java.net.Socket.connect(Socket.java:751)
	at com.mysql.cj.protocol.StandardSocketFactory.connect(StandardSocketFactory.java:153)
	at com.mysql.cj.protocol.a.NativeSocketConnection.connect(NativeSocketConnection.java:63)
	... 128 common frames omitted
2025-12-28 23:56:48.338 [main] WARN  o.h.e.jdbc.spi.SqlExceptionHelper - SQL Error: 0, SQLState: 08S01
2025-12-28 23:56:48.338 [main] ERROR o.h.e.jdbc.spi.SqlExceptionHelper - Communications link failure

The last packet sent successfully to the server was 0 milliseconds ago. The driver has not received any packets from the server.
2025-12-28 23:56:48.342 [main] ERROR o.s.o.j.LocalContainerEntityManagerFactoryBean - Failed to initialize JPA EntityManagerFactory: [PersistenceUnit: default] Unable to build Hibernate SessionFactory; nested exception is org.hibernate.exception.JDBCConnectionException: Unable to open JDBC Connection for DDL execution [Communications link failure

The last packet sent successfully to the server was 0 milliseconds ago. The driver has not received any packets from the server.] [n/a]
2025-12-28 23:56:48.343 [main] ERROR o.s.b.w.e.tomcat.TomcatStarter - Error starting Tomcat context. Exception: org.springframework.beans.factory.UnsatisfiedDependencyException. Message: Error creating bean with name 'tokenAuthenticationFilter' defined in file [C:\Users\Oğuzhan\Desktop\perfstore-main\target\classes\com\perfstore\config\TokenAuthenticationFilter.class]: Unsatisfied dependency expressed through constructor parameter 0: Error creating bean with name 'accessTokenRepository' defined in com.perfstore.repository.AccessTokenRepository defined in @EnableJpaRepositories declared on JpaRepositoriesRegistrar.EnableJpaRepositoriesConfiguration: Cannot resolve reference to bean 'jpaSharedEM_entityManagerFactory' while setting bean property 'entityManager'
2025-12-28 23:56:48.360 [main] INFO  o.a.catalina.core.StandardService - Stopping service [Tomcat]
2025-12-28 23:56:48.364 [main] WARN  o.s.b.w.s.c.AnnotationConfigServletWebServerApplicationContext - Exception encountered during context initialization - cancelling refresh attempt: org.springframework.context.ApplicationContextException: Unable to start web server
2025-12-28 23:56:48.368 [main] INFO  o.s.b.a.l.ConditionEvaluationReportLogger - 

Error starting ApplicationContext. To display the condition evaluation report re-run your application with 'debug' enabled.
2025-12-28 23:56:48.382 [main] ERROR o.s.boot.SpringApplication - Application run failed
org.springframework.context.ApplicationContextException: Unable to start web server
	at org.springframework.boot.web.servlet.context.ServletWebServerApplicationContext.onRefresh(ServletWebServerApplicationContext.java:165)
	at org.springframework.context.support.AbstractApplicationContext.refresh(AbstractApplicationContext.java:610)
	at org.springframework.boot.web.servlet.context.ServletWebServerApplicationContext.refresh(ServletWebServerApplicationContext.java:146)
	at org.springframework.boot.SpringApplication.refresh(SpringApplication.java:753)
	at org.springframework.boot.SpringApplication.refreshContext(SpringApplication.java:455)
	at org.springframework.boot.SpringApplication.run(SpringApplication.java:323)
	at org.springframework.boot.SpringApplication.run(SpringApplication.java:1342)
	at org.springframework.boot.SpringApplication.run(SpringApplication.java:1331)
	at com.perfstore.PerfstoreApplication.main(PerfstoreApplication.java:25)
Caused by: org.springframework.boot.web.server.WebServerException: Unable to start embedded Tomcat
	at org.springframework.boot.web.embedded.tomcat.TomcatWebServer.initialize(TomcatWebServer.java:142)
	at org.springframework.boot.web.embedded.tomcat.TomcatWebServer.<init>(TomcatWebServer.java:104)
	at org.springframework.boot.web.embedded.tomcat.TomcatServletWebServerFactory.getTomcatWebServer(TomcatServletWebServerFactory.java:501)
	at org.springframework.boot.web.embedded.tomcat.TomcatServletWebServerFactory.getWebServer(TomcatServletWebServerFactory.java:218)
	at org.springframework.boot.web.servlet.context.ServletWebServerApplicationContext.createWebServer(ServletWebServerApplicationContext.java:188)
	at org.springframework.boot.web.servlet.context.ServletWebServerApplicationContext.onRefresh(ServletWebServerApplicationContext.java:162)
	... 8 common frames omitted
Caused by: org.springframework.beans.factory.UnsatisfiedDependencyException: Error creating bean with name 'tokenAuthenticationFilter' defined in file [C:\Users\Oğuzhan\Desktop\perfstore-main\target\classes\com\perfstore\config\TokenAuthenticationFilter.class]: Unsatisfied dependency expressed through constructor parameter 0: Error creating bean with name 'accessTokenRepository' defined in com.perfstore.repository.AccessTokenRepository defined in @EnableJpaRepositories declared on JpaRepositoriesRegistrar.EnableJpaRepositoriesConfiguration: Cannot resolve reference to bean 'jpaSharedEM_entityManagerFactory' while setting bean property 'entityManager'
	at org.springframework.beans.factory.support.ConstructorResolver.createArgumentArray(ConstructorResolver.java:802)
	at org.springframework.beans.factory.support.ConstructorResolver.autowireConstructor(ConstructorResolver.java:241)
	at org.springframework.beans.factory.support.AbstractAutowireCapableBeanFactory.autowireConstructor(AbstractAutowireCapableBeanFactory.java:1356)
	at org.springframework.beans.factory.support.AbstractAutowireCapableBeanFactory.createBeanInstance(AbstractAutowireCapableBeanFactory.java:1193)
	at org.springframework.beans.factory.support.AbstractAutowireCapableBeanFactory.doCreateBean(AbstractAutowireCapableBeanFactory.java:563)
	at org.springframework.beans.factory.support.AbstractAutowireCapableBeanFactory.createBean(AbstractAutowireCapableBeanFactory.java:523)
	at org.springframework.beans.factory.support.AbstractBeanFactory.lambda$doGetBean$0(AbstractBeanFactory.java:325)
	at org.springframework.beans.factory.support.DefaultSingletonBeanRegistry.getSingleton(DefaultSingletonBeanRegistry.java:234)
	at org.springframework.beans.factory.support.AbstractBeanFactory.doGetBean(AbstractBeanFactory.java:323)
	at org.springframework.beans.factory.support.AbstractBeanFactory.getBean(AbstractBeanFactory.java:204)
	at org.springframework.boot.web.servlet.ServletContextInitializerBeans.getOrderedBeansOfType(ServletContextInitializerBeans.java:210)
	at org.springframework.boot.web.servlet.ServletContextInitializerBeans.addAsRegistrationBean(ServletContextInitializerBeans.java:173)
	at org.springframework.boot.web.servlet.ServletContextInitializerBeans.addAsRegistrationBean(ServletContextInitializerBeans.java:168)
	at org.springframework.boot.web.servlet.ServletContextInitializerBeans.addAdaptableBeans(ServletContextInitializerBeans.java:153)
	at org.springframework.boot.web.servlet.ServletContextInitializerBeans.<init>(ServletContextInitializerBeans.java:86)
	at org.springframework.boot.web.servlet.context.ServletWebServerApplicationContext.getServletContextInitializerBeans(ServletWebServerApplicationContext.java:266)
	at org.springframework.boot.web.servlet.context.ServletWebServerApplicationContext.selfInitialize(ServletWebServerApplicationContext.java:240)
	at org.springframework.boot.web.embedded.tomcat.TomcatStarter.onStartup(TomcatStarter.java:52)
	at org.apache.catalina.core.StandardContext.startInternal(StandardContext.java:4850)
	at org.apache.catalina.util.LifecycleBase.start(LifecycleBase.java:171)
	at org.apache.catalina.core.ContainerBase$StartChild.call(ContainerBase.java:1332)
	at org.apache.catalina.core.ContainerBase$StartChild.call(ContainerBase.java:1322)
	at java.base/java.util.concurrent.FutureTask.run(FutureTask.java:317)
	at org.apache.tomcat.util.threads.InlineExecutorService.execute(InlineExecutorService.java:75)
	at java.base/java.util.concurrent.AbstractExecutorService.submit(AbstractExecutorService.java:145)
	at org.apache.catalina.core.ContainerBase.startInternal(ContainerBase.java:866)
	at org.apache.catalina.core.StandardHost.startInternal(StandardHost.java:845)
	at org.apache.catalina.util.LifecycleBase.start(LifecycleBase.java:171)
	at org.apache.catalina.core.ContainerBase$StartChild.call(ContainerBase.java:1332)
	at org.apache.catalina.core.ContainerBase$StartChild.call(ContainerBase.java:1322)
	at java.base/java.util.concurrent.FutureTask.run(FutureTask.java:317)
	at org.apache.tomcat.util.threads.InlineExecutorService.execute(InlineExecutorService.java:75)
	at java.base/java.util.concurrent.AbstractExecutorService.submit(AbstractExecutorService.java:145)
	at org.apache.catalina.core.ContainerBase.startInternal(ContainerBase.java:866)
	at org.apache.catalina.core.StandardEngine.startInternal(StandardEngine.java:240)
	at org.apache.catalina.util.LifecycleBase.start(LifecycleBase.java:171)
	at org.apache.catalina.core.StandardService.startInternal(StandardService.java:433)
	at org.apache.catalina.util.LifecycleBase.start(LifecycleBase.java:171)
	at org.apache.catalina.core.StandardServer.startInternal(StandardServer.java:917)
	at org.apache.catalina.util.LifecycleBase.start(LifecycleBase.java:171)
	at org.apache.catalina.startup.Tomcat.start(Tomcat.java:488)
	at org.springframework.boot.web.embedded.tomcat.TomcatWebServer.initialize(TomcatWebServer.java:123)
	... 13 common frames omitted
Caused by: org.springframework.beans.factory.BeanCreationException: Error creating bean with name 'accessTokenRepository' defined in com.perfstore.repository.AccessTokenRepository defined in @EnableJpaRepositories declared on JpaRepositoriesRegistrar.EnableJpaRepositoriesConfiguration: Cannot resolve reference to bean 'jpaSharedEM_entityManagerFactory' while setting bean property 'entityManager'
	at org.springframework.beans.factory.support.BeanDefinitionValueResolver.resolveReference(BeanDefinitionValueResolver.java:377)
	at org.springframework.beans.factory.support.BeanDefinitionValueResolver.resolveValueIfNecessary(BeanDefinitionValueResolver.java:135)
	at org.springframework.beans.factory.support.AbstractAutowireCapableBeanFactory.applyPropertyValues(AbstractAutowireCapableBeanFactory.java:1686)
	at org.springframework.beans.factory.support.AbstractAutowireCapableBeanFactory.populateBean(AbstractAutowireCapableBeanFactory.java:1435)
	at org.springframework.beans.factory.support.AbstractAutowireCapableBeanFactory.doCreateBean(AbstractAutowireCapableBeanFactory.java:600)
	at org.springframework.beans.factory.support.AbstractAutowireCapableBeanFactory.createBean(AbstractAutowireCapableBeanFactory.java:523)
	at org.springframework.beans.factory.support.AbstractBeanFactory.lambda$doGetBean$0(AbstractBeanFactory.java:325)
	at org.springframework.beans.factory.support.DefaultSingletonBeanRegistry.getSingleton(DefaultSingletonBeanRegistry.java:234)
	at org.springframework.beans.factory.support.AbstractBeanFactory.doGetBean(AbstractBeanFactory.java:323)
	at org.springframework.beans.factory.support.AbstractBeanFactory.getBean(AbstractBeanFactory.java:199)
	at org.springframework.beans.factory.config.DependencyDescriptor.resolveCandidate(DependencyDescriptor.java:254)
	at org.springframework.beans.factory.support.DefaultListableBeanFactory.doResolveDependency(DefaultListableBeanFactory.java:1441)
	at org.springframework.beans.factory.support.DefaultListableBeanFactory.resolveDependency(DefaultListableBeanFactory.java:1348)
	at org.springframework.beans.factory.support.ConstructorResolver.resolveAutowiredArgument(ConstructorResolver.java:911)
	at org.springframework.beans.factory.support.ConstructorResolver.createArgumentArray(ConstructorResolver.java:789)
	... 54 common frames omitted
Caused by: org.springframework.beans.factory.BeanCreationException: Error creating bean with name 'jpaSharedEM_entityManagerFactory': Cannot resolve reference to bean 'entityManagerFactory' while setting constructor argument
	at org.springframework.beans.factory.support.BeanDefinitionValueResolver.resolveReference(BeanDefinitionValueResolver.java:377)
	at org.springframework.beans.factory.support.BeanDefinitionValueResolver.resolveValueIfNecessary(BeanDefinitionValueResolver.java:135)
	at org.springframework.beans.factory.support.ConstructorResolver.resolveConstructorArguments(ConstructorResolver.java:689)
	at org.springframework.beans.factory.support.ConstructorResolver.instantiateUsingFactoryMethod(ConstructorResolver.java:513)
	at org.springframework.beans.factory.support.AbstractAutowireCapableBeanFactory.instantiateUsingFactoryMethod(AbstractAutowireCapableBeanFactory.java:1336)
	at org.springframework.beans.factory.support.AbstractAutowireCapableBeanFactory.createBeanInstance(AbstractAutowireCapableBeanFactory.java:1166)
	at org.springframework.beans.factory.support.AbstractAutowireCapableBeanFactory.doCreateBean(AbstractAutowireCapableBeanFactory.java:563)
	at org.springframework.beans.factory.support.AbstractAutowireCapableBeanFactory.createBean(AbstractAutowireCapableBeanFactory.java:523)
	at org.springframework.beans.factory.support.AbstractBeanFactory.lambda$doGetBean$0(AbstractBeanFactory.java:325)
	at org.springframework.beans.factory.support.DefaultSingletonBeanRegistry.getSingleton(DefaultSingletonBeanRegistry.java:234)
	at org.springframework.beans.factory.support.AbstractBeanFactory.doGetBean(AbstractBeanFactory.java:323)
	at org.springframework.beans.factory.support.AbstractBeanFactory.getBean(AbstractBeanFactory.java:199)
	at org.springframework.beans.factory.support.BeanDefinitionValueResolver.resolveReference(BeanDefinitionValueResolver.java:365)
	... 68 common frames omitted
Caused by: org.springframework.beans.factory.BeanCreationException: Error creating bean with name 'entityManagerFactory' defined in class path resource [org/springframework/boot/autoconfigure/orm/jpa/HibernateJpaConfiguration.class]: [PersistenceUnit: default] Unable to build Hibernate SessionFactory; nested exception is org.hibernate.exception.JDBCConnectionException: Unable to open JDBC Connection for DDL execution [Communications link failure

The last packet sent successfully to the server was 0 milliseconds ago. The driver has not received any packets from the server.] [n/a]
	at org.springframework.beans.factory.support.AbstractAutowireCapableBeanFactory.initializeBean(AbstractAutowireCapableBeanFactory.java:1775)
	at org.springframework.beans.factory.support.AbstractAutowireCapableBeanFactory.doCreateBean(AbstractAutowireCapableBeanFactory.java:601)
	at org.springframework.beans.factory.support.AbstractAutowireCapableBeanFactory.createBean(AbstractAutowireCapableBeanFactory.java:523)
	at org.springframework.beans.factory.support.AbstractBeanFactory.lambda$doGetBean$0(AbstractBeanFactory.java:325)
	at org.springframework.beans.factory.support.DefaultSingletonBeanRegistry.getSingleton(DefaultSingletonBeanRegistry.java:234)
	at org.springframework.beans.factory.support.AbstractBeanFactory.doGetBean(AbstractBeanFactory.java:323)
	at org.springframework.beans.factory.support.AbstractBeanFactory.getBean(AbstractBeanFactory.java:199)
	at org.springframework.beans.factory.support.BeanDefinitionValueResolver.resolveReference(BeanDefinitionValueResolver.java:365)
	... 80 common frames omitted
Caused by: jakarta.persistence.PersistenceException: [PersistenceUnit: default] Unable to build Hibernate SessionFactory; nested exception is org.hibernate.exception.JDBCConnectionException: Unable to open JDBC Connection for DDL execution [Communications link failure

The last packet sent successfully to the server was 0 milliseconds ago. The driver has not received any packets from the server.] [n/a]
	at org.springframework.orm.jpa.AbstractEntityManagerFactoryBean.buildNativeEntityManagerFactory(AbstractEntityManagerFactoryBean.java:421)
	at org.springframework.orm.jpa.AbstractEntityManagerFactoryBean.afterPropertiesSet(AbstractEntityManagerFactoryBean.java:396)
	at org.springframework.orm.jpa.LocalContainerEntityManagerFactoryBean.afterPropertiesSet(LocalContainerEntityManagerFactoryBean.java:352)
	at org.springframework.beans.factory.support.AbstractAutowireCapableBeanFactory.invokeInitMethods(AbstractAutowireCapableBeanFactory.java:1822)
	at org.springframework.beans.factory.support.AbstractAutowireCapableBeanFactory.initializeBean(AbstractAutowireCapableBeanFactory.java:1771)
	... 87 common frames omitted
Caused by: org.hibernate.exception.JDBCConnectionException: Unable to open JDBC Connection for DDL execution [Communications link failure

The last packet sent successfully to the server was 0 milliseconds ago. The driver has not received any packets from the server.] [n/a]
	at org.hibernate.exception.internal.SQLStateConversionDelegate.convert(SQLStateConversionDelegate.java:100)
	at org.hibernate.exception.internal.StandardSQLExceptionConverter.convert(StandardSQLExceptionConverter.java:58)
	at org.hibernate.engine.jdbc.spi.SqlExceptionHelper.convert(SqlExceptionHelper.java:108)
	at org.hibernate.engine.jdbc.spi.SqlExceptionHelper.convert(SqlExceptionHelper.java:94)
	at org.hibernate.resource.transaction.backend.jdbc.internal.DdlTransactionIsolatorNonJtaImpl.getIsolatedConnection(DdlTransactionIsolatorNonJtaImpl.java:74)
	at org.hibernate.resource.transaction.backend.jdbc.internal.DdlTransactionIsolatorNonJtaImpl.getIsolatedConnection(DdlTransactionIsolatorNonJtaImpl.java:39)
	at org.hibernate.tool.schema.internal.exec.ImprovedExtractionContextImpl.getJdbcConnection(ImprovedExtractionContextImpl.java:63)
	at org.hibernate.tool.schema.internal.exec.ImprovedExtractionContextImpl.getJdbcDatabaseMetaData(ImprovedExtractionContextImpl.java:70)
	at org.hibernate.tool.schema.extract.internal.InformationExtractorJdbcDatabaseMetaDataImpl.processTableResultSet(InformationExtractorJdbcDatabaseMetaDataImpl.java:64)
	at org.hibernate.tool.schema.extract.internal.AbstractInformationExtractorImpl.getTables(AbstractInformationExtractorImpl.java:570)
	at org.hibernate.tool.schema.extract.internal.DatabaseInformationImpl.getTablesInformation(DatabaseInformationImpl.java:122)
	at org.hibernate.tool.schema.internal.GroupedSchemaMigratorImpl.performTablesMigration(GroupedSchemaMigratorImpl.java:72)
	at org.hibernate.tool.schema.internal.AbstractSchemaMigrator.performMigration(AbstractSchemaMigrator.java:232)
	at org.hibernate.tool.schema.internal.AbstractSchemaMigrator.doMigration(AbstractSchemaMigrator.java:117)
	at org.hibernate.tool.schema.spi.SchemaManagementToolCoordinator.performDatabaseAction(SchemaManagementToolCoordinator.java:286)
	at org.hibernate.tool.schema.spi.SchemaManagementToolCoordinator.lambda$process$5(SchemaManagementToolCoordinator.java:145)
	at java.base/java.util.HashMap.forEach(HashMap.java:1429)
	at org.hibernate.tool.schema.spi.SchemaManagementToolCoordinator.process(SchemaManagementToolCoordinator.java:142)
	at org.hibernate.boot.internal.SessionFactoryObserverForSchemaExport.sessionFactoryCreated(SessionFactoryObserverForSchemaExport.java:37)
	at org.hibernate.internal.SessionFactoryObserverChain.sessionFactoryCreated(SessionFactoryObserverChain.java:35)
	at org.hibernate.internal.SessionFactoryImpl.<init>(SessionFactoryImpl.java:295)
	at org.hibernate.boot.internal.SessionFactoryBuilderImpl.build(SessionFactoryBuilderImpl.java:450)
	at org.hibernate.jpa.boot.internal.EntityManagerFactoryBuilderImpl.build(EntityManagerFactoryBuilderImpl.java:1507)
	at org.springframework.orm.jpa.vendor.SpringHibernateJpaPersistenceProvider.createContainerEntityManagerFactory(SpringHibernateJpaPersistenceProvider.java:75)
	at org.springframework.orm.jpa.LocalContainerEntityManagerFactoryBean.createNativeEntityManagerFactory(LocalContainerEntityManagerFactoryBean.java:376)
	at org.springframework.orm.jpa.AbstractEntityManagerFactoryBean.buildNativeEntityManagerFactory(AbstractEntityManagerFactoryBean.java:409)
	... 91 common frames omitted
Caused by: com.mysql.cj.jdbc.exceptions.CommunicationsException: Communications link failure

The last packet sent successfully to the server was 0 milliseconds ago. The driver has not received any packets from the server.
	at com.mysql.cj.jdbc.exceptions.SQLError.createCommunicationsException(SQLError.java:175)
	at com.mysql.cj.jdbc.exceptions.SQLExceptionsMapping.translateException(SQLExceptionsMapping.java:64)
	at com.mysql.cj.jdbc.ConnectionImpl.createNewIO(ConnectionImpl.java:819)
	at com.mysql.cj.jdbc.ConnectionImpl.<init>(ConnectionImpl.java:440)
	at com.mysql.cj.jdbc.ConnectionImpl.getInstance(ConnectionImpl.java:239)
	at com.mysql.cj.jdbc.NonRegisteringDriver.connect(NonRegisteringDriver.java:188)
	at com.zaxxer.hikari.util.DriverDataSource.getConnection(DriverDataSource.java:138)
	at com.zaxxer.hikari.pool.PoolBase.newConnection(PoolBase.java:359)
	at com.zaxxer.hikari.pool.PoolBase.newPoolEntry(PoolBase.java:201)
	at com.zaxxer.hikari.pool.HikariPool.createPoolEntry(HikariPool.java:470)
	at com.zaxxer.hikari.pool.HikariPool.checkFailFast(HikariPool.java:561)
	at com.zaxxer.hikari.pool.HikariPool.<init>(HikariPool.java:100)
	at com.zaxxer.hikari.HikariDataSource.getConnection(HikariDataSource.java:112)
	at org.hibernate.engine.jdbc.connections.internal.DatasourceConnectionProviderImpl.getConnection(DatasourceConnectionProviderImpl.java:122)
	at org.hibernate.engine.jdbc.env.internal.JdbcEnvironmentInitiator$ConnectionProviderJdbcConnectionAccess.obtainConnection(JdbcEnvironmentInitiator.java:424)
	at org.hibernate.resource.transaction.backend.jdbc.internal.DdlTransactionIsolatorNonJtaImpl.getIsolatedConnection(DdlTransactionIsolatorNonJtaImpl.java:46)
	... 112 common frames omitted
Caused by: com.mysql.cj.exceptions.CJCommunicationsException: Communications link failure

The last packet sent successfully to the server was 0 milliseconds ago. The driver has not received any packets from the server.
	at java.base/jdk.internal.reflect.DirectConstructorHandleAccessor.newInstance(DirectConstructorHandleAccessor.java:62)
	at java.base/java.lang.reflect.Constructor.newInstanceWithCaller(Constructor.java:502)
	at java.base/java.lang.reflect.Constructor.newInstance(Constructor.java:486)
	at com.mysql.cj.exceptions.ExceptionFactory.createException(ExceptionFactory.java:62)
	at com.mysql.cj.exceptions.ExceptionFactory.createException(ExceptionFactory.java:105)
	at com.mysql.cj.exceptions.ExceptionFactory.createException(ExceptionFactory.java:150)
	at com.mysql.cj.exceptions.ExceptionFactory.createCommunicationsException(ExceptionFactory.java:166)
	at com.mysql.cj.protocol.a.NativeSocketConnection.connect(NativeSocketConnection.java:89)
	at com.mysql.cj.NativeSession.connect(NativeSession.java:121)
	at com.mysql.cj.jdbc.ConnectionImpl.connectOneTryOnly(ConnectionImpl.java:939)
	at com.mysql.cj.jdbc.ConnectionImpl.createNewIO(ConnectionImpl.java:809)
	... 125 common frames omitted
Caused by: java.net.ConnectException: Connection refused: getsockopt
	at java.base/sun.nio.ch.Net.pollConnect(Native Method)
	at java.base/sun.nio.ch.Net.pollConnectNow(Net.java:682)
	at java.base/sun.nio.ch.NioSocketImpl.timedFinishConnect(NioSocketImpl.java:542)
	at java.base/sun.nio.ch.NioSocketImpl.connect(NioSocketImpl.java:592)
	at java.base/java.net.SocksSocketImpl.connect(SocksSocketImpl.java:327)
	at java.base/java.net.Socket.connect(Socket.java:751)
	at com.mysql.cj.protocol.StandardSocketFactory.connect(StandardSocketFactory.java:153)
	at com.mysql.cj.protocol.a.NativeSocketConnection.connect(NativeSocketConnection.java:63)
	... 128 common frames omitted
2025-12-28 23:58:46.439 [main] INFO  com.perfstore.PerfstoreApplication - Starting PerfstoreApplication using Java 21.0.9 with PID 21676 (C:\Users\Oğuzhan\Desktop\perfstore-main\target\classes started by Oğuzhan in C:\Users\Oğuzhan\Desktop\perfstore-main)
2025-12-28 23:58:46.440 [main] DEBUG com.perfstore.PerfstoreApplication - Running with Spring Boot v3.2.0, Spring v6.1.1
2025-12-28 23:58:46.440 [main] INFO  com.perfstore.PerfstoreApplication - No active profile set, falling back to 1 default profile: "default"
2025-12-28 23:58:46.831 [main] INFO  o.s.d.r.c.RepositoryConfigurationDelegate - Bootstrapping Spring Data JPA repositories in DEFAULT mode.
2025-12-28 23:58:46.873 [main] INFO  o.s.d.r.c.RepositoryConfigurationDelegate - Finished Spring Data repository scanning in 38 ms. Found 8 JPA repository interfaces.
2025-12-28 23:58:47.241 [main] INFO  o.s.b.w.e.tomcat.TomcatWebServer - Tomcat initialized with port 8080 (http)
2025-12-28 23:58:47.249 [main] INFO  o.a.catalina.core.StandardService - Starting service [Tomcat]
2025-12-28 23:58:47.250 [main] INFO  o.a.catalina.core.StandardEngine - Starting Servlet engine: [Apache Tomcat/10.1.16]
2025-12-28 23:58:47.284 [main] INFO  o.a.c.c.C.[Tomcat].[localhost].[/] - Initializing Spring embedded WebApplicationContext
2025-12-28 23:58:47.285 [main] INFO  o.s.b.w.s.c.ServletWebServerApplicationContext - Root WebApplicationContext: initialization completed in 821 ms
2025-12-28 23:58:47.357 [main] INFO  o.h.jpa.internal.util.LogHelper - HHH000204: Processing PersistenceUnitInfo [name: default]
2025-12-28 23:58:47.387 [main] INFO  org.hibernate.Version - HHH000412: Hibernate ORM core version 6.3.1.Final
2025-12-28 23:58:47.419 [main] INFO  o.h.c.i.RegionFactoryInitiator - HHH000026: Second-level cache disabled
2025-12-28 23:58:47.537 [main] INFO  o.s.o.j.p.SpringPersistenceUnitInfo - No LoadTimeWeaver setup: ignoring JPA class transformer
2025-12-28 23:58:47.554 [main] INFO  com.zaxxer.hikari.HikariDataSource - HikariPool-1 - Starting...
2025-12-28 23:58:47.674 [main] INFO  com.zaxxer.hikari.pool.HikariPool - HikariPool-1 - Added connection com.mysql.cj.jdbc.ConnectionImpl@1805ec96
2025-12-28 23:58:47.675 [main] INFO  com.zaxxer.hikari.HikariDataSource - HikariPool-1 - Start completed.
2025-12-28 23:58:47.705 [main] WARN  org.hibernate.orm.deprecation - HHH90000025: MySQLDialect does not need to be specified explicitly using 'hibernate.dialect' (remove the property setting and it will be selected by default)
2025-12-28 23:58:48.237 [main] INFO  o.h.e.t.j.p.i.JtaPlatformInitiator - HHH000489: No JTA platform available (set 'hibernate.transaction.jta.platform' to enable JTA platform integration)
2025-12-28 23:58:48.317 [main] INFO  o.s.o.j.LocalContainerEntityManagerFactoryBean - Initialized JPA EntityManagerFactory for persistence unit 'default'
2025-12-28 23:58:48.562 [main] DEBUG c.p.config.TokenAuthenticationFilter - Filter 'tokenAuthenticationFilter' configured for use
2025-12-28 23:58:48.701 [main] INFO  o.s.d.j.r.query.QueryEnhancerFactory - Hibernate is in classpath; If applicable, HQL parser will be used.
2025-12-28 23:58:48.967 [main] WARN  o.s.b.a.o.j.JpaBaseConfiguration$JpaWebConfiguration - spring.jpa.open-in-view is enabled by default. Therefore, database queries may be performed during view rendering. Explicitly configure spring.jpa.open-in-view to disable this warning
2025-12-28 23:58:48.978 [main] WARN  o.s.b.a.s.s.UserDetailsServiceAutoConfiguration - 

Using generated security password: e891e8a5-a078-4f61-88cd-975e6418630b

This generated password is for development use only. Your security configuration must be updated before running your application in production.

2025-12-28 23:58:49.031 [main] INFO  o.s.b.a.w.s.WelcomePageHandlerMapping - Adding welcome page: class path resource [static/index.html]
2025-12-28 23:58:49.119 [main] INFO  o.s.s.web.DefaultSecurityFilterChain - Will secure any request with [org.springframework.security.web.session.DisableEncodeUrlFilter@7083e548, org.springframework.security.web.context.request.async.WebAsyncManagerIntegrationFilter@1f315f3d, org.springframework.security.web.context.SecurityContextHolderFilter@1bf8ea44, org.springframework.security.web.header.HeaderWriterFilter@15b54cb7, org.springframework.web.filter.CorsFilter@63f1d374, org.springframework.security.web.authentication.logout.LogoutFilter@3c82bcbd, com.perfstore.config.TokenAuthenticationFilter@2709e075, org.springframework.security.web.savedrequest.RequestCacheAwareFilter@4a6ac443, org.springframework.security.web.servletapi.SecurityContextHolderAwareRequestFilter@5ab45d66, org.springframework.security.web.authentication.AnonymousAuthenticationFilter@54ad9ff9, org.springframework.security.web.session.SessionManagementFilter@7d7f49f3, org.springframework.security.web.access.ExceptionTranslationFilter@79296ce0, org.springframework.security.web.access.intercept.AuthorizationFilter@6311898c]
2025-12-28 23:58:49.242 [main] INFO  o.s.b.w.e.tomcat.TomcatWebServer - Tomcat started on port 8080 (http) with context path ''
2025-12-28 23:58:49.248 [main] INFO  com.perfstore.PerfstoreApplication - Started PerfstoreApplication in 3.112 seconds (process running for 3.347)
2025-12-28 23:58:49.258 [scheduling-1] DEBUG com.perfstore.aspect.LoggingAspect - Enter: com.perfstore.service.OrderCleanupScheduler.cancelUnpaidOrders() with argument[s] = []
2025-12-28 23:58:49.301 [scheduling-1] DEBUG com.perfstore.aspect.LoggingAspect - Exit: com.perfstore.service.OrderCleanupScheduler.cancelUnpaidOrders() with result = null
2025-12-28 23:59:25.452 [http-nio-8080-exec-1] INFO  o.a.c.c.C.[Tomcat].[localhost].[/] - Initializing Spring DispatcherServlet 'dispatcherServlet'
2025-12-28 23:59:25.452 [http-nio-8080-exec-1] INFO  o.s.web.servlet.DispatcherServlet - Initializing Servlet 'dispatcherServlet'
2025-12-28 23:59:25.453 [http-nio-8080-exec-1] INFO  o.s.web.servlet.DispatcherServlet - Completed initialization in 1 ms
2025-12-28 23:59:25.461 [http-nio-8080-exec-1] WARN  o.s.w.s.h.HandlerMappingIntrospector - Cache miss for REQUEST dispatch to '/api/products' (previous null). Performing CorsConfiguration lookup. This is logged once only at WARN level, and every time at TRACE.
2025-12-28 23:59:25.469 [http-nio-8080-exec-1] WARN  o.s.w.s.h.HandlerMappingIntrospector - Cache miss for REQUEST dispatch to '/api/products' (previous null). Performing MatchableHandlerMapping lookup. This is logged once only at WARN level, and every time at TRACE.
2025-12-28 23:59:25.478 [http-nio-8080-exec-1] DEBUG com.perfstore.aspect.LoggingAspect - Enter: com.perfstore.controller.ProductController.getAllProducts() with argument[s] = []
2025-12-28 23:59:25.479 [http-nio-8080-exec-1] DEBUG com.perfstore.aspect.LoggingAspect - Enter: com.perfstore.service.ProductService.getAllProducts() with argument[s] = []
2025-12-28 23:59:25.499 [http-nio-8080-exec-1] DEBUG com.perfstore.aspect.LoggingAspect - Exit: com.perfstore.service.ProductService.getAllProducts() with result = [com.perfstore.dto.ProductDto$Response@22f8233d, com.perfstore.dto.ProductDto$Response@10a85be, com.perfstore.dto.ProductDto$Response@2c02a0a6, com.perfstore.dto.ProductDto$Response@2e49cb05, com.perfstore.dto.ProductDto$Response@4d4be43a, com.perfstore.dto.ProductDto$Response@18b9af58]
2025-12-28 23:59:25.502 [http-nio-8080-exec-1] DEBUG com.perfstore.aspect.LoggingAspect - Exit: com.perfstore.controller.ProductController.getAllProducts() with result = <200 OK OK,[com.perfstore.dto.ProductDto$Response@22f8233d, com.perfstore.dto.ProductDto$Response@10a85be, com.perfstore.dto.ProductDto$Response@2c02a0a6, com.perfstore.dto.ProductDto$Response@2e49cb05, com.perfstore.dto.ProductDto$Response@4d4be43a, com.perfstore.dto.ProductDto$Response@18b9af58],[]>
2025-12-28 23:59:25.563 [http-nio-8080-exec-2] DEBUG com.perfstore.aspect.LoggingAspect - Enter: com.perfstore.controller.CategoryController.getAllCategories() with argument[s] = []
2025-12-28 23:59:25.563 [http-nio-8080-exec-2] DEBUG com.perfstore.aspect.LoggingAspect - Enter: com.perfstore.service.CategoryService.getAllCategories() with argument[s] = []
2025-12-28 23:59:25.571 [http-nio-8080-exec-2] DEBUG com.perfstore.aspect.LoggingAspect - Exit: com.perfstore.service.CategoryService.getAllCategories() with result = [com.perfstore.dto.CategoryDto$Response@c65cdab, com.perfstore.dto.CategoryDto$Response@66e02a88, com.perfstore.dto.CategoryDto$Response@74680632, com.perfstore.dto.CategoryDto$Response@32ec5ef8]
2025-12-28 23:59:25.571 [http-nio-8080-exec-2] DEBUG com.perfstore.aspect.LoggingAspect - Exit: com.perfstore.controller.CategoryController.getAllCategories() with result = <200 OK OK,[com.perfstore.dto.CategoryDto$Response@c65cdab, com.perfstore.dto.CategoryDto$Response@66e02a88, com.perfstore.dto.CategoryDto$Response@74680632, com.perfstore.dto.CategoryDto$Response@32ec5ef8],[]>
2025-12-28 23:59:32.782 [http-nio-8080-exec-3] DEBUG com.perfstore.aspect.LoggingAspect - Enter: com.perfstore.controller.AuthController.login() with argument[s] = [AuthDto.LoginRequest(username=yozgatli, password=1234)]
2025-12-28 23:59:32.791 [http-nio-8080-exec-3] DEBUG com.perfstore.aspect.LoggingAspect - Exit: com.perfstore.controller.AuthController.login() with result = <401 UNAUTHORIZED Unauthorized,AuthDto.AuthResponse(token=null, username=null, message=Invalid credentials, trustLevel=null, status=null, challengeId=null),[]>
2025-12-28 23:59:37.668 [http-nio-8080-exec-4] DEBUG com.perfstore.aspect.LoggingAspect - Enter: com.perfstore.controller.ProductController.getAllProducts() with argument[s] = []
2025-12-28 23:59:37.669 [http-nio-8080-exec-4] DEBUG com.perfstore.aspect.LoggingAspect - Enter: com.perfstore.service.ProductService.getAllProducts() with argument[s] = []
2025-12-28 23:59:37.686 [http-nio-8080-exec-4] DEBUG com.perfstore.aspect.LoggingAspect - Exit: com.perfstore.service.ProductService.getAllProducts() with result = [com.perfstore.dto.ProductDto$Response@4fa088d1, com.perfstore.dto.ProductDto$Response@9edbdb0, com.perfstore.dto.ProductDto$Response@528a055, com.perfstore.dto.ProductDto$Response@65b1b430, com.perfstore.dto.ProductDto$Response@2e9c4e57, com.perfstore.dto.ProductDto$Response@4a787609]
2025-12-28 23:59:37.686 [http-nio-8080-exec-4] DEBUG com.perfstore.aspect.LoggingAspect - Exit: com.perfstore.controller.ProductController.getAllProducts() with result = <200 OK OK,[com.perfstore.dto.ProductDto$Response@4fa088d1, com.perfstore.dto.ProductDto$Response@9edbdb0, com.perfstore.dto.ProductDto$Response@528a055, com.perfstore.dto.ProductDto$Response@65b1b430, com.perfstore.dto.ProductDto$Response@2e9c4e57, com.perfstore.dto.ProductDto$Response@4a787609],[]>
2025-12-28 23:59:37.695 [http-nio-8080-exec-8] DEBUG com.perfstore.aspect.LoggingAspect - Enter: com.perfstore.controller.CategoryController.getAllCategories() with argument[s] = []
2025-12-28 23:59:37.695 [http-nio-8080-exec-8] DEBUG com.perfstore.aspect.LoggingAspect - Enter: com.perfstore.service.CategoryService.getAllCategories() with argument[s] = []
2025-12-28 23:59:37.702 [http-nio-8080-exec-8] DEBUG com.perfstore.aspect.LoggingAspect - Exit: com.perfstore.service.CategoryService.getAllCategories() with result = [com.perfstore.dto.CategoryDto$Response@2569deb2, com.perfstore.dto.CategoryDto$Response@6115b840, com.perfstore.dto.CategoryDto$Response@201bd09d, com.perfstore.dto.CategoryDto$Response@4e1a8f86]
2025-12-28 23:59:37.702 [http-nio-8080-exec-8] DEBUG com.perfstore.aspect.LoggingAspect - Exit: com.perfstore.controller.CategoryController.getAllCategories() with result = <200 OK OK,[com.perfstore.dto.CategoryDto$Response@2569deb2, com.perfstore.dto.CategoryDto$Response@6115b840, com.perfstore.dto.CategoryDto$Response@201bd09d, com.perfstore.dto.CategoryDto$Response@4e1a8f86],[]>
2025-12-28 23:59:49.264 [scheduling-1] DEBUG com.perfstore.aspect.LoggingAspect - Enter: com.perfstore.service.OrderCleanupScheduler.cancelUnpaidOrders() with argument[s] = []
2025-12-28 23:59:49.268 [scheduling-1] DEBUG com.perfstore.aspect.LoggingAspect - Exit: com.perfstore.service.OrderCleanupScheduler.cancelUnpaidOrders() with result = null
