2025-12-29 00:00:49.257 [scheduling-1] DEBUG com.perfstore.aspect.LoggingAspect - Enter: com.perfstore.service.OrderCleanupScheduler.cancelUnpaidOrders() with argument[s] = []
2025-12-29 00:00:49.262 [scheduling-1] DEBUG com.perfstore.aspect.LoggingAspect - Exit: com.perfstore.service.OrderCleanupScheduler.cancelUnpaidOrders() with result = null
2025-12-29 00:01:49.254 [scheduling-1] DEBUG com.perfstore.aspect.LoggingAspect - Enter: com.perfstore.service.OrderCleanupScheduler.cancelUnpaidOrders() with argument[s] = []
2025-12-29 00:01:49.257 [scheduling-1] DEBUG com.perfstore.aspect.LoggingAspect - Exit: com.perfstore.service.OrderCleanupScheduler.cancelUnpaidOrders() with result = null
2025-12-29 00:01:58.544 [http-nio-8080-exec-2] DEBUG com.perfstore.aspect.LoggingAspect - Enter: com.perfstore.controller.ProductController.getAllProducts() with argument[s] = []
2025-12-29 00:01:58.544 [http-nio-8080-exec-2] DEBUG com.perfstore.aspect.LoggingAspect - Enter: com.perfstore.service.ProductService.getAllProducts() with argument[s] = []
2025-12-29 00:01:58.560 [http-nio-8080-exec-2] DEBUG com.perfstore.aspect.LoggingAspect - Exit: com.perfstore.service.ProductService.getAllProducts() with result = [com.perfstore.dto.ProductDto$Response@49bf36be, com.perfstore.dto.ProductDto$Response@70897966, com.perfstore.dto.ProductDto$Response@2ccc5839, com.perfstore.dto.ProductDto$Response@2fd42f0f, com.perfstore.dto.ProductDto$Response@1feef68d, com.perfstore.dto.ProductDto$Response@2417ee5f]
2025-12-29 00:01:58.560 [http-nio-8080-exec-2] DEBUG com.perfstore.aspect.LoggingAspect - Exit: com.perfstore.controller.ProductController.getAllProducts() with result = <200 OK OK,[com.perfstore.dto.ProductDto$Response@49bf36be, com.perfstore.dto.ProductDto$Response@70897966, com.perfstore.dto.ProductDto$Response@2ccc5839, com.perfstore.dto.ProductDto$Response@2fd42f0f, com.perfstore.dto.ProductDto$Response@1feef68d, com.perfstore.dto.ProductDto$Response@2417ee5f],[]>
2025-12-29 00:01:58.570 [http-nio-8080-exec-3] DEBUG com.perfstore.aspect.LoggingAspect - Enter: com.perfstore.controller.CategoryController.getAllCategories() with argument[s] = []
2025-12-29 00:01:58.570 [http-nio-8080-exec-3] DEBUG com.perfstore.aspect.LoggingAspect - Enter: com.perfstore.service.CategoryService.getAllCategories() with argument[s] = []
2025-12-29 00:01:58.576 [http-nio-8080-exec-3] DEBUG com.perfstore.aspect.LoggingAspect - Exit: com.perfstore.service.CategoryService.getAllCategories() with result = [com.perfstore.dto.CategoryDto$Response@ea35d40, com.perfstore.dto.CategoryDto$Response@3a66903, com.perfstore.dto.CategoryDto$Response@58fcfd5d, com.perfstore.dto.CategoryDto$Response@3bbff24f]
2025-12-29 00:01:58.577 [http-nio-8080-exec-3] DEBUG com.perfstore.aspect.LoggingAspect - Exit: com.perfstore.controller.CategoryController.getAllCategories() with result = <200 OK OK,[com.perfstore.dto.CategoryDto$Response@ea35d40, com.perfstore.dto.CategoryDto$Response@3a66903, com.perfstore.dto.CategoryDto$Response@58fcfd5d, com.perfstore.dto.CategoryDto$Response@3bbff24f],[]>
2025-12-29 00:02:17.666 [http-nio-8080-exec-4] DEBUG com.perfstore.aspect.LoggingAspect - Enter: com.perfstore.controller.AuthController.register() with argument[s] = [AuthDto.RegisterRequest(username=test, password=123456, email=testtest@gmail.com, pin=1234)]
2025-12-29 00:02:17.866 [http-nio-8080-exec-4] DEBUG com.perfstore.aspect.LoggingAspect - Enter: com.perfstore.service.TrustScoreService.createProfileIfMissing() with argument[s] = [4]
2025-12-29 00:02:17.878 [http-nio-8080-exec-4] DEBUG com.perfstore.aspect.LoggingAspect - Exit: com.perfstore.service.TrustScoreService.createProfileIfMissing() with result = null
2025-12-29 00:02:17.889 [http-nio-8080-exec-4] DEBUG com.perfstore.aspect.LoggingAspect - Exit: com.perfstore.controller.AuthController.register() with result = <200 OK OK,AuthDto.AuthResponse(token=5A33A007-E15F-4142-B6AD-E97B99630B9E, username=test, message=Registration successful, trustLevel=null, status=null, challengeId=null),[]>
2025-12-29 00:02:17.898 [http-nio-8080-exec-8] DEBUG com.perfstore.aspect.LoggingAspect - Enter: com.perfstore.controller.AuthController.login() with argument[s] = [AuthDto.LoginRequest(username=test, password=123456)]
2025-12-29 00:02:17.903 [http-nio-8080-exec-8] DEBUG com.perfstore.aspect.LoggingAspect - Enter: com.perfstore.service.TrustScoreService.createProfileIfMissing() with argument[s] = [4]
2025-12-29 00:02:17.905 [http-nio-8080-exec-8] DEBUG com.perfstore.aspect.LoggingAspect - Exit: com.perfstore.service.TrustScoreService.createProfileIfMissing() with result = null
2025-12-29 00:02:17.973 [http-nio-8080-exec-8] DEBUG com.perfstore.aspect.LoggingAspect - Enter: com.perfstore.service.TrustScoreService.onLoginSuccess() with argument[s] = [4]
2025-12-29 00:02:17.976 [http-nio-8080-exec-8] DEBUG com.perfstore.aspect.LoggingAspect - Exit: com.perfstore.service.TrustScoreService.onLoginSuccess() with result = NORMAL
2025-12-29 00:02:17.990 [http-nio-8080-exec-8] DEBUG com.perfstore.aspect.LoggingAspect - Exit: com.perfstore.controller.AuthController.login() with result = <200 OK OK,AuthDto.AuthResponse(token=5A33A007-E15F-4142-B6AD-E97B99630B9E, username=test, message=Login successful, trustLevel=NORMAL, status=OK, challengeId=null),[]>
2025-12-29 00:02:18.007 [http-nio-8080-exec-9] DEBUG com.perfstore.aspect.LoggingAspect - Enter: com.perfstore.controller.ProductController.getAllProducts() with argument[s] = []
2025-12-29 00:02:18.008 [http-nio-8080-exec-9] DEBUG com.perfstore.aspect.LoggingAspect - Enter: com.perfstore.service.ProductService.getAllProducts() with argument[s] = []
2025-12-29 00:02:18.020 [http-nio-8080-exec-9] DEBUG com.perfstore.aspect.LoggingAspect - Exit: com.perfstore.service.ProductService.getAllProducts() with result = [com.perfstore.dto.ProductDto$Response@7ad7a27a, com.perfstore.dto.ProductDto$Response@3f4b75fd, com.perfstore.dto.ProductDto$Response@7ca48d6d, com.perfstore.dto.ProductDto$Response@25631ebd, com.perfstore.dto.ProductDto$Response@62e0ac19, com.perfstore.dto.ProductDto$Response@660d925]
2025-12-29 00:02:18.020 [http-nio-8080-exec-9] DEBUG com.perfstore.aspect.LoggingAspect - Exit: com.perfstore.controller.ProductController.getAllProducts() with result = <200 OK OK,[com.perfstore.dto.ProductDto$Response@7ad7a27a, com.perfstore.dto.ProductDto$Response@3f4b75fd, com.perfstore.dto.ProductDto$Response@7ca48d6d, com.perfstore.dto.ProductDto$Response@25631ebd, com.perfstore.dto.ProductDto$Response@62e0ac19, com.perfstore.dto.ProductDto$Response@660d925],[]>
2025-12-29 00:02:18.028 [http-nio-8080-exec-7] DEBUG com.perfstore.aspect.LoggingAspect - Enter: com.perfstore.controller.CategoryController.getAllCategories() with argument[s] = []
2025-12-29 00:02:18.028 [http-nio-8080-exec-7] DEBUG com.perfstore.aspect.LoggingAspect - Enter: com.perfstore.service.CategoryService.getAllCategories() with argument[s] = []
2025-12-29 00:02:18.033 [http-nio-8080-exec-7] DEBUG com.perfstore.aspect.LoggingAspect - Exit: com.perfstore.service.CategoryService.getAllCategories() with result = [com.perfstore.dto.CategoryDto$Response@4319a399, com.perfstore.dto.CategoryDto$Response@4f5885cf, com.perfstore.dto.CategoryDto$Response@2479c769, com.perfstore.dto.CategoryDto$Response@37710216]
2025-12-29 00:02:18.034 [http-nio-8080-exec-7] DEBUG com.perfstore.aspect.LoggingAspect - Exit: com.perfstore.controller.CategoryController.getAllCategories() with result = <200 OK OK,[com.perfstore.dto.CategoryDto$Response@4319a399, com.perfstore.dto.CategoryDto$Response@4f5885cf, com.perfstore.dto.CategoryDto$Response@2479c769, com.perfstore.dto.CategoryDto$Response@37710216],[]>
2025-12-29 00:02:19.915 [http-nio-8080-exec-1] DEBUG com.perfstore.aspect.LoggingAspect - Enter: com.perfstore.controller.CategoryController.getAllCategories() with argument[s] = []
2025-12-29 00:02:19.915 [http-nio-8080-exec-1] DEBUG com.perfstore.aspect.LoggingAspect - Enter: com.perfstore.service.CategoryService.getAllCategories() with argument[s] = []
2025-12-29 00:02:19.923 [http-nio-8080-exec-1] DEBUG com.perfstore.aspect.LoggingAspect - Exit: com.perfstore.service.CategoryService.getAllCategories() with result = [com.perfstore.dto.CategoryDto$Response@2e09cf34, com.perfstore.dto.CategoryDto$Response@4648c4c8, com.perfstore.dto.CategoryDto$Response@55dbfd1f, com.perfstore.dto.CategoryDto$Response@3bba542d]
2025-12-29 00:02:19.923 [http-nio-8080-exec-1] DEBUG com.perfstore.aspect.LoggingAspect - Exit: com.perfstore.controller.CategoryController.getAllCategories() with result = <200 OK OK,[com.perfstore.dto.CategoryDto$Response@2e09cf34, com.perfstore.dto.CategoryDto$Response@4648c4c8, com.perfstore.dto.CategoryDto$Response@55dbfd1f, com.perfstore.dto.CategoryDto$Response@3bba542d],[]>
2025-12-29 00:02:19.936 [http-nio-8080-exec-10] DEBUG com.perfstore.aspect.LoggingAspect - Enter: com.perfstore.controller.CategoryController.getAllCategories() with argument[s] = []
2025-12-29 00:02:19.936 [http-nio-8080-exec-10] DEBUG com.perfstore.aspect.LoggingAspect - Enter: com.perfstore.service.CategoryService.getAllCategories() with argument[s] = []
2025-12-29 00:02:19.941 [http-nio-8080-exec-10] DEBUG com.perfstore.aspect.LoggingAspect - Exit: com.perfstore.service.CategoryService.getAllCategories() with result = [com.perfstore.dto.CategoryDto$Response@566d6286, com.perfstore.dto.CategoryDto$Response@1159bbb5, com.perfstore.dto.CategoryDto$Response@69d066ab, com.perfstore.dto.CategoryDto$Response@773dc2c7]
2025-12-29 00:02:19.942 [http-nio-8080-exec-10] DEBUG com.perfstore.aspect.LoggingAspect - Exit: com.perfstore.controller.CategoryController.getAllCategories() with result = <200 OK OK,[com.perfstore.dto.CategoryDto$Response@566d6286, com.perfstore.dto.CategoryDto$Response@1159bbb5, com.perfstore.dto.CategoryDto$Response@69d066ab, com.perfstore.dto.CategoryDto$Response@773dc2c7],[]>
2025-12-29 00:02:40.129 [http-nio-8080-exec-3] DEBUG com.perfstore.aspect.LoggingAspect - Enter: com.perfstore.controller.ProductController.createProduct() with argument[s] = [com.perfstore.dto.ProductDto$CreateRequest@52e0e4c3, org.springframework.web.multipart.support.StandardMultipartHttpServletRequest$StandardMultipartFile@49b70b1f]
2025-12-29 00:02:40.129 [http-nio-8080-exec-3] DEBUG com.perfstore.aspect.LoggingAspect - Enter: com.perfstore.service.FileStorageService.saveFile() with argument[s] = [org.springframework.web.multipart.support.StandardMultipartHttpServletRequest$StandardMultipartFile@49b70b1f]
2025-12-29 00:02:41.764 [http-nio-8080-exec-3] DEBUG com.perfstore.aspect.LoggingAspect - Exit: com.perfstore.service.FileStorageService.saveFile() with result = https://res.cloudinary.com/dndh6pkxm/image/upload/v1766955762/ryll8mhdfwnz1nbxqsmz.jpg
2025-12-29 00:02:41.764 [http-nio-8080-exec-3] DEBUG com.perfstore.aspect.LoggingAspect - Enter: com.perfstore.service.ProductService.createProduct() with argument[s] = [com.perfstore.dto.ProductDto$CreateRequest@52e0e4c3]
2025-12-29 00:02:41.785 [http-nio-8080-exec-3] DEBUG com.perfstore.aspect.LoggingAspect - Exit: com.perfstore.service.ProductService.createProduct() with result = com.perfstore.dto.ProductDto$Response@3e1782a8
2025-12-29 00:02:41.785 [http-nio-8080-exec-3] DEBUG com.perfstore.aspect.LoggingAspect - Exit: com.perfstore.controller.ProductController.createProduct() with result = <200 OK OK,com.perfstore.dto.ProductDto$Response@3e1782a8,[]>
2025-12-29 00:02:43.870 [http-nio-8080-exec-4] DEBUG com.perfstore.aspect.LoggingAspect - Enter: com.perfstore.controller.ProductController.getAllProducts() with argument[s] = []
2025-12-29 00:02:43.870 [http-nio-8080-exec-4] DEBUG com.perfstore.aspect.LoggingAspect - Enter: com.perfstore.service.ProductService.getAllProducts() with argument[s] = []
2025-12-29 00:02:43.871 [http-nio-8080-exec-8] DEBUG com.perfstore.aspect.LoggingAspect - Enter: com.perfstore.controller.ProductController.getAllProducts() with argument[s] = []
2025-12-29 00:02:43.872 [http-nio-8080-exec-8] DEBUG com.perfstore.aspect.LoggingAspect - Enter: com.perfstore.service.ProductService.getAllProducts() with argument[s] = []
2025-12-29 00:02:43.886 [http-nio-8080-exec-8] DEBUG com.perfstore.aspect.LoggingAspect - Exit: com.perfstore.service.ProductService.getAllProducts() with result = [com.perfstore.dto.ProductDto$Response@6afa97d8, com.perfstore.dto.ProductDto$Response@2daadbc0, com.perfstore.dto.ProductDto$Response@599715dc, com.perfstore.dto.ProductDto$Response@101301b8, com.perfstore.dto.ProductDto$Response@2e690035, com.perfstore.dto.ProductDto$Response@5566bae3, com.perfstore.dto.ProductDto$Response@343e6c66]
2025-12-29 00:02:43.886 [http-nio-8080-exec-4] DEBUG com.perfstore.aspect.LoggingAspect - Exit: com.perfstore.service.ProductService.getAllProducts() with result = [com.perfstore.dto.ProductDto$Response@7755d0c2, com.perfstore.dto.ProductDto$Response@2924b2f8, com.perfstore.dto.ProductDto$Response@242908be, com.perfstore.dto.ProductDto$Response@2ccd7c21, com.perfstore.dto.ProductDto$Response@75476aba, com.perfstore.dto.ProductDto$Response@79f8a598, com.perfstore.dto.ProductDto$Response@15783ee1]
2025-12-29 00:02:43.887 [http-nio-8080-exec-8] DEBUG com.perfstore.aspect.LoggingAspect - Exit: com.perfstore.controller.ProductController.getAllProducts() with result = <200 OK OK,[com.perfstore.dto.ProductDto$Response@6afa97d8, com.perfstore.dto.ProductDto$Response@2daadbc0, com.perfstore.dto.ProductDto$Response@599715dc, com.perfstore.dto.ProductDto$Response@101301b8, com.perfstore.dto.ProductDto$Response@2e690035, com.perfstore.dto.ProductDto$Response@5566bae3, com.perfstore.dto.ProductDto$Response@343e6c66],[]>
2025-12-29 00:02:43.887 [http-nio-8080-exec-4] DEBUG com.perfstore.aspect.LoggingAspect - Exit: com.perfstore.controller.ProductController.getAllProducts() with result = <200 OK OK,[com.perfstore.dto.ProductDto$Response@7755d0c2, com.perfstore.dto.ProductDto$Response@2924b2f8, com.perfstore.dto.ProductDto$Response@242908be, com.perfstore.dto.ProductDto$Response@2ccd7c21, com.perfstore.dto.ProductDto$Response@75476aba, com.perfstore.dto.ProductDto$Response@79f8a598, com.perfstore.dto.ProductDto$Response@15783ee1],[]>
2025-12-29 00:02:49.260 [scheduling-1] DEBUG com.perfstore.aspect.LoggingAspect - Enter: com.perfstore.service.OrderCleanupScheduler.cancelUnpaidOrders() with argument[s] = []
2025-12-29 00:02:49.265 [scheduling-1] DEBUG com.perfstore.aspect.LoggingAspect - Exit: com.perfstore.service.OrderCleanupScheduler.cancelUnpaidOrders() with result = null
2025-12-29 00:03:26.048 [http-nio-8080-exec-6] DEBUG com.perfstore.aspect.LoggingAspect - Enter: com.perfstore.controller.ProductController.deleteProduct() with argument[s] = [d0f0f9f7-aaa8-446e-91c8-d409416b0688]
2025-12-29 00:03:26.048 [http-nio-8080-exec-6] DEBUG com.perfstore.aspect.LoggingAspect - Enter: com.perfstore.service.ProductService.deleteProduct() with argument[s] = [d0f0f9f7-aaa8-446e-91c8-d409416b0688]
2025-12-29 00:03:26.065 [http-nio-8080-exec-6] DEBUG com.perfstore.aspect.LoggingAspect - Exit: com.perfstore.service.ProductService.deleteProduct() with result = null
2025-12-29 00:03:26.065 [http-nio-8080-exec-6] DEBUG com.perfstore.aspect.LoggingAspect - Exit: com.perfstore.controller.ProductController.deleteProduct() with result = <204 NO_CONTENT No Content,[]>
2025-12-29 00:03:29.596 [http-nio-8080-exec-2] DEBUG com.perfstore.aspect.LoggingAspect - Enter: com.perfstore.controller.ProductController.getAllProducts() with argument[s] = []
2025-12-29 00:03:29.596 [http-nio-8080-exec-2] DEBUG com.perfstore.aspect.LoggingAspect - Enter: com.perfstore.service.ProductService.getAllProducts() with argument[s] = []
2025-12-29 00:03:29.598 [http-nio-8080-exec-3] DEBUG com.perfstore.aspect.LoggingAspect - Enter: com.perfstore.controller.ProductController.getAllProducts() with argument[s] = []
2025-12-29 00:03:29.598 [http-nio-8080-exec-3] DEBUG com.perfstore.aspect.LoggingAspect - Enter: com.perfstore.service.ProductService.getAllProducts() with argument[s] = []
2025-12-29 00:03:29.613 [http-nio-8080-exec-3] DEBUG com.perfstore.aspect.LoggingAspect - Exit: com.perfstore.service.ProductService.getAllProducts() with result = [com.perfstore.dto.ProductDto$Response@fd1239, com.perfstore.dto.ProductDto$Response@765ba3cd, com.perfstore.dto.ProductDto$Response@5efd0581, com.perfstore.dto.ProductDto$Response@4f8d6053, com.perfstore.dto.ProductDto$Response@2709df41, com.perfstore.dto.ProductDto$Response@ce745a6]
2025-12-29 00:03:29.613 [http-nio-8080-exec-2] DEBUG com.perfstore.aspect.LoggingAspect - Exit: com.perfstore.service.ProductService.getAllProducts() with result = [com.perfstore.dto.ProductDto$Response@752cedf3, com.perfstore.dto.ProductDto$Response@367c753d, com.perfstore.dto.ProductDto$Response@7205c2c1, com.perfstore.dto.ProductDto$Response@27edc8f7, com.perfstore.dto.ProductDto$Response@353cfa8c, com.perfstore.dto.ProductDto$Response@603ca48b]
2025-12-29 00:03:29.613 [http-nio-8080-exec-3] DEBUG com.perfstore.aspect.LoggingAspect - Exit: com.perfstore.controller.ProductController.getAllProducts() with result = <200 OK OK,[com.perfstore.dto.ProductDto$Response@fd1239, com.perfstore.dto.ProductDto$Response@765ba3cd, com.perfstore.dto.ProductDto$Response@5efd0581, com.perfstore.dto.ProductDto$Response@4f8d6053, com.perfstore.dto.ProductDto$Response@2709df41, com.perfstore.dto.ProductDto$Response@ce745a6],[]>
2025-12-29 00:03:29.613 [http-nio-8080-exec-2] DEBUG com.perfstore.aspect.LoggingAspect - Exit: com.perfstore.controller.ProductController.getAllProducts() with result = <200 OK OK,[com.perfstore.dto.ProductDto$Response@752cedf3, com.perfstore.dto.ProductDto$Response@367c753d, com.perfstore.dto.ProductDto$Response@7205c2c1, com.perfstore.dto.ProductDto$Response@27edc8f7, com.perfstore.dto.ProductDto$Response@353cfa8c, com.perfstore.dto.ProductDto$Response@603ca48b],[]>
2025-12-29 00:03:31.817 [http-nio-8080-exec-7] DEBUG com.perfstore.aspect.LoggingAspect - Enter: com.perfstore.controller.ProductController.getAllProducts() with argument[s] = []
2025-12-29 00:03:31.817 [http-nio-8080-exec-9] DEBUG com.perfstore.aspect.LoggingAspect - Enter: com.perfstore.controller.ProductController.getAllProducts() with argument[s] = []
2025-12-29 00:03:31.817 [http-nio-8080-exec-7] DEBUG com.perfstore.aspect.LoggingAspect - Enter: com.perfstore.service.ProductService.getAllProducts() with argument[s] = []
2025-12-29 00:03:31.817 [http-nio-8080-exec-9] DEBUG com.perfstore.aspect.LoggingAspect - Enter: com.perfstore.service.ProductService.getAllProducts() with argument[s] = []
2025-12-29 00:03:31.830 [http-nio-8080-exec-9] DEBUG com.perfstore.aspect.LoggingAspect - Exit: com.perfstore.service.ProductService.getAllProducts() with result = [com.perfstore.dto.ProductDto$Response@22b11a7, com.perfstore.dto.ProductDto$Response@40027d4a, com.perfstore.dto.ProductDto$Response@5882891d, com.perfstore.dto.ProductDto$Response@35a324a1, com.perfstore.dto.ProductDto$Response@6fdfad9b, com.perfstore.dto.ProductDto$Response@3c647507]
2025-12-29 00:03:31.830 [http-nio-8080-exec-7] DEBUG com.perfstore.aspect.LoggingAspect - Exit: com.perfstore.service.ProductService.getAllProducts() with result = [com.perfstore.dto.ProductDto$Response@2f579a89, com.perfstore.dto.ProductDto$Response@13d37a4e, com.perfstore.dto.ProductDto$Response@5d63ba4d, com.perfstore.dto.ProductDto$Response@ef20959, com.perfstore.dto.ProductDto$Response@1d6249dc, com.perfstore.dto.ProductDto$Response@15eb5134]
2025-12-29 00:03:31.830 [http-nio-8080-exec-9] DEBUG com.perfstore.aspect.LoggingAspect - Exit: com.perfstore.controller.ProductController.getAllProducts() with result = <200 OK OK,[com.perfstore.dto.ProductDto$Response@22b11a7, com.perfstore.dto.ProductDto$Response@40027d4a, com.perfstore.dto.ProductDto$Response@5882891d, com.perfstore.dto.ProductDto$Response@35a324a1, com.perfstore.dto.ProductDto$Response@6fdfad9b, com.perfstore.dto.ProductDto$Response@3c647507],[]>
2025-12-29 00:03:31.830 [http-nio-8080-exec-7] DEBUG com.perfstore.aspect.LoggingAspect - Exit: com.perfstore.controller.ProductController.getAllProducts() with result = <200 OK OK,[com.perfstore.dto.ProductDto$Response@2f579a89, com.perfstore.dto.ProductDto$Response@13d37a4e, com.perfstore.dto.ProductDto$Response@5d63ba4d, com.perfstore.dto.ProductDto$Response@ef20959, com.perfstore.dto.ProductDto$Response@1d6249dc, com.perfstore.dto.ProductDto$Response@15eb5134],[]>
2025-12-29 00:03:32.364 [http-nio-8080-exec-5] DEBUG com.perfstore.aspect.LoggingAspect - Enter: com.perfstore.controller.CategoryController.getAllCategories() with argument[s] = []
2025-12-29 00:03:32.365 [http-nio-8080-exec-5] DEBUG com.perfstore.aspect.LoggingAspect - Enter: com.perfstore.service.CategoryService.getAllCategories() with argument[s] = []
2025-12-29 00:03:32.373 [http-nio-8080-exec-5] DEBUG com.perfstore.aspect.LoggingAspect - Exit: com.perfstore.service.CategoryService.getAllCategories() with result = [com.perfstore.dto.CategoryDto$Response@12a28c0, com.perfstore.dto.CategoryDto$Response@1b2f2348, com.perfstore.dto.CategoryDto$Response@246d1ae0, com.perfstore.dto.CategoryDto$Response@7c703c41]
2025-12-29 00:03:32.373 [http-nio-8080-exec-5] DEBUG com.perfstore.aspect.LoggingAspect - Exit: com.perfstore.controller.CategoryController.getAllCategories() with result = <200 OK OK,[com.perfstore.dto.CategoryDto$Response@12a28c0, com.perfstore.dto.CategoryDto$Response@1b2f2348, com.perfstore.dto.CategoryDto$Response@246d1ae0, com.perfstore.dto.CategoryDto$Response@7c703c41],[]>
2025-12-29 00:03:32.383 [http-nio-8080-exec-6] DEBUG com.perfstore.aspect.LoggingAspect - Enter: com.perfstore.controller.CategoryController.getAllCategories() with argument[s] = []
2025-12-29 00:03:32.384 [http-nio-8080-exec-6] DEBUG com.perfstore.aspect.LoggingAspect - Enter: com.perfstore.service.CategoryService.getAllCategories() with argument[s] = []
2025-12-29 00:03:32.390 [http-nio-8080-exec-6] DEBUG com.perfstore.aspect.LoggingAspect - Exit: com.perfstore.service.CategoryService.getAllCategories() with result = [com.perfstore.dto.CategoryDto$Response@5c5c1bc4, com.perfstore.dto.CategoryDto$Response@981d8ef, com.perfstore.dto.CategoryDto$Response@46506054, com.perfstore.dto.CategoryDto$Response@246562bb]
2025-12-29 00:03:32.390 [http-nio-8080-exec-6] DEBUG com.perfstore.aspect.LoggingAspect - Exit: com.perfstore.controller.CategoryController.getAllCategories() with result = <200 OK OK,[com.perfstore.dto.CategoryDto$Response@5c5c1bc4, com.perfstore.dto.CategoryDto$Response@981d8ef, com.perfstore.dto.CategoryDto$Response@46506054, com.perfstore.dto.CategoryDto$Response@246562bb],[]>
2025-12-29 00:03:48.652 [http-nio-8080-exec-10] DEBUG com.perfstore.aspect.LoggingAspect - Enter: com.perfstore.controller.ProductController.createProduct() with argument[s] = [com.perfstore.dto.ProductDto$CreateRequest@92816ac, org.springframework.web.multipart.support.StandardMultipartHttpServletRequest$StandardMultipartFile@6b3fbee6]
2025-12-29 00:03:48.653 [http-nio-8080-exec-10] DEBUG com.perfstore.aspect.LoggingAspect - Enter: com.perfstore.service.FileStorageService.saveFile() with argument[s] = [org.springframework.web.multipart.support.StandardMultipartHttpServletRequest$StandardMultipartFile@6b3fbee6]
2025-12-29 00:03:49.258 [scheduling-1] DEBUG com.perfstore.aspect.LoggingAspect - Enter: com.perfstore.service.OrderCleanupScheduler.cancelUnpaidOrders() with argument[s] = []
2025-12-29 00:03:49.261 [scheduling-1] DEBUG com.perfstore.aspect.LoggingAspect - Exit: com.perfstore.service.OrderCleanupScheduler.cancelUnpaidOrders() with result = null
2025-12-29 00:03:49.672 [http-nio-8080-exec-10] DEBUG com.perfstore.aspect.LoggingAspect - Exit: com.perfstore.service.FileStorageService.saveFile() with result = https://res.cloudinary.com/dndh6pkxm/image/upload/v1766955831/n9k5plbd6083kluoscas.jpg
2025-12-29 00:03:49.672 [http-nio-8080-exec-10] DEBUG com.perfstore.aspect.LoggingAspect - Enter: com.perfstore.service.ProductService.createProduct() with argument[s] = [com.perfstore.dto.ProductDto$CreateRequest@92816ac]
2025-12-29 00:03:49.686 [http-nio-8080-exec-10] DEBUG com.perfstore.aspect.LoggingAspect - Exit: com.perfstore.service.ProductService.createProduct() with result = com.perfstore.dto.ProductDto$Response@3b01144
2025-12-29 00:03:49.687 [http-nio-8080-exec-10] DEBUG com.perfstore.aspect.LoggingAspect - Exit: com.perfstore.controller.ProductController.createProduct() with result = <200 OK OK,com.perfstore.dto.ProductDto$Response@3b01144,[]>
2025-12-29 00:03:51.721 [http-nio-8080-exec-2] DEBUG com.perfstore.aspect.LoggingAspect - Enter: com.perfstore.controller.ProductController.getAllProducts() with argument[s] = []
2025-12-29 00:03:51.721 [http-nio-8080-exec-1] DEBUG com.perfstore.aspect.LoggingAspect - Enter: com.perfstore.controller.ProductController.getAllProducts() with argument[s] = []
2025-12-29 00:03:51.722 [http-nio-8080-exec-2] DEBUG com.perfstore.aspect.LoggingAspect - Enter: com.perfstore.service.ProductService.getAllProducts() with argument[s] = []
2025-12-29 00:03:51.722 [http-nio-8080-exec-1] DEBUG com.perfstore.aspect.LoggingAspect - Enter: com.perfstore.service.ProductService.getAllProducts() with argument[s] = []
2025-12-29 00:03:51.733 [http-nio-8080-exec-1] DEBUG com.perfstore.aspect.LoggingAspect - Exit: com.perfstore.service.ProductService.getAllProducts() with result = [com.perfstore.dto.ProductDto$Response@7348e161, com.perfstore.dto.ProductDto$Response@4470108b, com.perfstore.dto.ProductDto$Response@2b07529e, com.perfstore.dto.ProductDto$Response@3f55c8e8, com.perfstore.dto.ProductDto$Response@b22658a, com.perfstore.dto.ProductDto$Response@4f12d82d, com.perfstore.dto.ProductDto$Response@5e90f0f3]
2025-12-29 00:03:51.733 [http-nio-8080-exec-2] DEBUG com.perfstore.aspect.LoggingAspect - Exit: com.perfstore.service.ProductService.getAllProducts() with result = [com.perfstore.dto.ProductDto$Response@26c37f58, com.perfstore.dto.ProductDto$Response@16128acf, com.perfstore.dto.ProductDto$Response@5217b0fa, com.perfstore.dto.ProductDto$Response@7330dc67, com.perfstore.dto.ProductDto$Response@4e3444e6, com.perfstore.dto.ProductDto$Response@4cf2eb1d, com.perfstore.dto.ProductDto$Response@230d1219]
2025-12-29 00:03:51.733 [http-nio-8080-exec-1] DEBUG com.perfstore.aspect.LoggingAspect - Exit: com.perfstore.controller.ProductController.getAllProducts() with result = <200 OK OK,[com.perfstore.dto.ProductDto$Response@7348e161, com.perfstore.dto.ProductDto$Response@4470108b, com.perfstore.dto.ProductDto$Response@2b07529e, com.perfstore.dto.ProductDto$Response@3f55c8e8, com.perfstore.dto.ProductDto$Response@b22658a, com.perfstore.dto.ProductDto$Response@4f12d82d, com.perfstore.dto.ProductDto$Response@5e90f0f3],[]>
2025-12-29 00:03:51.733 [http-nio-8080-exec-2] DEBUG com.perfstore.aspect.LoggingAspect - Exit: com.perfstore.controller.ProductController.getAllProducts() with result = <200 OK OK,[com.perfstore.dto.ProductDto$Response@26c37f58, com.perfstore.dto.ProductDto$Response@16128acf, com.perfstore.dto.ProductDto$Response@5217b0fa, com.perfstore.dto.ProductDto$Response@7330dc67, com.perfstore.dto.ProductDto$Response@4e3444e6, com.perfstore.dto.ProductDto$Response@4cf2eb1d, com.perfstore.dto.ProductDto$Response@230d1219],[]>
2025-12-29 00:03:54.504 [http-nio-8080-exec-8] DEBUG com.perfstore.aspect.LoggingAspect - Enter: com.perfstore.controller.ProductController.getAllProducts() with argument[s] = []
2025-12-29 00:03:54.504 [http-nio-8080-exec-8] DEBUG com.perfstore.aspect.LoggingAspect - Enter: com.perfstore.service.ProductService.getAllProducts() with argument[s] = []
2025-12-29 00:03:54.506 [http-nio-8080-exec-9] DEBUG com.perfstore.aspect.LoggingAspect - Enter: com.perfstore.controller.ProductController.getAllProducts() with argument[s] = []
2025-12-29 00:03:54.506 [http-nio-8080-exec-9] DEBUG com.perfstore.aspect.LoggingAspect - Enter: com.perfstore.service.ProductService.getAllProducts() with argument[s] = []
2025-12-29 00:03:54.518 [http-nio-8080-exec-9] DEBUG com.perfstore.aspect.LoggingAspect - Exit: com.perfstore.service.ProductService.getAllProducts() with result = [com.perfstore.dto.ProductDto$Response@ec3e6a3, com.perfstore.dto.ProductDto$Response@343a75d9, com.perfstore.dto.ProductDto$Response@6a9fb0da, com.perfstore.dto.ProductDto$Response@230021e1, com.perfstore.dto.ProductDto$Response@32e73ddc, com.perfstore.dto.ProductDto$Response@551402e4, com.perfstore.dto.ProductDto$Response@429a61fc]
2025-12-29 00:03:54.518 [http-nio-8080-exec-8] DEBUG com.perfstore.aspect.LoggingAspect - Exit: com.perfstore.service.ProductService.getAllProducts() with result = [com.perfstore.dto.ProductDto$Response@25115f43, com.perfstore.dto.ProductDto$Response@1d3c0c05, com.perfstore.dto.ProductDto$Response@98f21c9, com.perfstore.dto.ProductDto$Response@768fa857, com.perfstore.dto.ProductDto$Response@59cb0a82, com.perfstore.dto.ProductDto$Response@24ea699a, com.perfstore.dto.ProductDto$Response@549b95a7]
2025-12-29 00:03:54.518 [http-nio-8080-exec-9] DEBUG com.perfstore.aspect.LoggingAspect - Exit: com.perfstore.controller.ProductController.getAllProducts() with result = <200 OK OK,[com.perfstore.dto.ProductDto$Response@ec3e6a3, com.perfstore.dto.ProductDto$Response@343a75d9, com.perfstore.dto.ProductDto$Response@6a9fb0da, com.perfstore.dto.ProductDto$Response@230021e1, com.perfstore.dto.ProductDto$Response@32e73ddc, com.perfstore.dto.ProductDto$Response@551402e4, com.perfstore.dto.ProductDto$Response@429a61fc],[]>
2025-12-29 00:03:54.518 [http-nio-8080-exec-8] DEBUG com.perfstore.aspect.LoggingAspect - Exit: com.perfstore.controller.ProductController.getAllProducts() with result = <200 OK OK,[com.perfstore.dto.ProductDto$Response@25115f43, com.perfstore.dto.ProductDto$Response@1d3c0c05, com.perfstore.dto.ProductDto$Response@98f21c9, com.perfstore.dto.ProductDto$Response@768fa857, com.perfstore.dto.ProductDto$Response@59cb0a82, com.perfstore.dto.ProductDto$Response@24ea699a, com.perfstore.dto.ProductDto$Response@549b95a7],[]>
2025-12-29 00:04:01.748 [http-nio-8080-exec-7] DEBUG com.perfstore.aspect.LoggingAspect - Enter: com.perfstore.controller.CategoryController.getAllCategories() with argument[s] = []
2025-12-29 00:04:01.748 [http-nio-8080-exec-7] DEBUG com.perfstore.aspect.LoggingAspect - Enter: com.perfstore.service.CategoryService.getAllCategories() with argument[s] = []
2025-12-29 00:04:01.753 [http-nio-8080-exec-7] DEBUG com.perfstore.aspect.LoggingAspect - Exit: com.perfstore.service.CategoryService.getAllCategories() with result = [com.perfstore.dto.CategoryDto$Response@649d6bfe, com.perfstore.dto.CategoryDto$Response@241a2853, com.perfstore.dto.CategoryDto$Response@724bbf72, com.perfstore.dto.CategoryDto$Response@558a0118]
2025-12-29 00:04:01.753 [http-nio-8080-exec-7] DEBUG com.perfstore.aspect.LoggingAspect - Exit: com.perfstore.controller.CategoryController.getAllCategories() with result = <200 OK OK,[com.perfstore.dto.CategoryDto$Response@649d6bfe, com.perfstore.dto.CategoryDto$Response@241a2853, com.perfstore.dto.CategoryDto$Response@724bbf72, com.perfstore.dto.CategoryDto$Response@558a0118],[]>
2025-12-29 00:04:01.764 [http-nio-8080-exec-5] DEBUG com.perfstore.aspect.LoggingAspect - Enter: com.perfstore.controller.CategoryController.getAllCategories() with argument[s] = []
2025-12-29 00:04:01.765 [http-nio-8080-exec-5] DEBUG com.perfstore.aspect.LoggingAspect - Enter: com.perfstore.service.CategoryService.getAllCategories() with argument[s] = []
2025-12-29 00:04:01.769 [http-nio-8080-exec-5] DEBUG com.perfstore.aspect.LoggingAspect - Exit: com.perfstore.service.CategoryService.getAllCategories() with result = [com.perfstore.dto.CategoryDto$Response@69fd1827, com.perfstore.dto.CategoryDto$Response@65450a37, com.perfstore.dto.CategoryDto$Response@4582a35f, com.perfstore.dto.CategoryDto$Response@3b307115]
2025-12-29 00:04:01.770 [http-nio-8080-exec-5] DEBUG com.perfstore.aspect.LoggingAspect - Exit: com.perfstore.controller.CategoryController.getAllCategories() with result = <200 OK OK,[com.perfstore.dto.CategoryDto$Response@69fd1827, com.perfstore.dto.CategoryDto$Response@65450a37, com.perfstore.dto.CategoryDto$Response@4582a35f, com.perfstore.dto.CategoryDto$Response@3b307115],[]>
2025-12-29 00:04:02.519 [http-nio-8080-exec-10] DEBUG com.perfstore.aspect.LoggingAspect - Enter: com.perfstore.controller.ProductController.getAllProducts() with argument[s] = []
2025-12-29 00:04:02.519 [http-nio-8080-exec-6] DEBUG com.perfstore.aspect.LoggingAspect - Enter: com.perfstore.controller.ProductController.getAllProducts() with argument[s] = []
2025-12-29 00:04:02.519 [http-nio-8080-exec-10] DEBUG com.perfstore.aspect.LoggingAspect - Enter: com.perfstore.service.ProductService.getAllProducts() with argument[s] = []
2025-12-29 00:04:02.519 [http-nio-8080-exec-6] DEBUG com.perfstore.aspect.LoggingAspect - Enter: com.perfstore.service.ProductService.getAllProducts() with argument[s] = []
2025-12-29 00:04:02.530 [http-nio-8080-exec-6] DEBUG com.perfstore.aspect.LoggingAspect - Exit: com.perfstore.service.ProductService.getAllProducts() with result = [com.perfstore.dto.ProductDto$Response@7003e755, com.perfstore.dto.ProductDto$Response@531f6892, com.perfstore.dto.ProductDto$Response@229fcdd2, com.perfstore.dto.ProductDto$Response@7fd01a9, com.perfstore.dto.ProductDto$Response@682b774c, com.perfstore.dto.ProductDto$Response@4058c923, com.perfstore.dto.ProductDto$Response@1c757da7]
2025-12-29 00:04:02.530 [http-nio-8080-exec-10] DEBUG com.perfstore.aspect.LoggingAspect - Exit: com.perfstore.service.ProductService.getAllProducts() with result = [com.perfstore.dto.ProductDto$Response@2705a81, com.perfstore.dto.ProductDto$Response@3458ac49, com.perfstore.dto.ProductDto$Response@4ea41c51, com.perfstore.dto.ProductDto$Response@73dc4379, com.perfstore.dto.ProductDto$Response@7378abd1, com.perfstore.dto.ProductDto$Response@2336b13, com.perfstore.dto.ProductDto$Response@6c9ba990]
2025-12-29 00:04:02.530 [http-nio-8080-exec-10] DEBUG com.perfstore.aspect.LoggingAspect - Exit: com.perfstore.controller.ProductController.getAllProducts() with result = <200 OK OK,[com.perfstore.dto.ProductDto$Response@2705a81, com.perfstore.dto.ProductDto$Response@3458ac49, com.perfstore.dto.ProductDto$Response@4ea41c51, com.perfstore.dto.ProductDto$Response@73dc4379, com.perfstore.dto.ProductDto$Response@7378abd1, com.perfstore.dto.ProductDto$Response@2336b13, com.perfstore.dto.ProductDto$Response@6c9ba990],[]>
2025-12-29 00:04:02.530 [http-nio-8080-exec-6] DEBUG com.perfstore.aspect.LoggingAspect - Exit: com.perfstore.controller.ProductController.getAllProducts() with result = <200 OK OK,[com.perfstore.dto.ProductDto$Response@7003e755, com.perfstore.dto.ProductDto$Response@531f6892, com.perfstore.dto.ProductDto$Response@229fcdd2, com.perfstore.dto.ProductDto$Response@7fd01a9, com.perfstore.dto.ProductDto$Response@682b774c, com.perfstore.dto.ProductDto$Response@4058c923, com.perfstore.dto.ProductDto$Response@1c757da7],[]>
2025-12-29 00:04:08.022 [http-nio-8080-exec-2] DEBUG com.perfstore.aspect.LoggingAspect - Enter: com.perfstore.controller.ProductController.getAllProducts() with argument[s] = []
2025-12-29 00:04:08.022 [http-nio-8080-exec-2] DEBUG com.perfstore.aspect.LoggingAspect - Enter: com.perfstore.service.ProductService.getAllProducts() with argument[s] = []
2025-12-29 00:04:08.040 [http-nio-8080-exec-2] DEBUG com.perfstore.aspect.LoggingAspect - Exit: com.perfstore.service.ProductService.getAllProducts() with result = [com.perfstore.dto.ProductDto$Response@58f94c19, com.perfstore.dto.ProductDto$Response@60064754, com.perfstore.dto.ProductDto$Response@54aed68a, com.perfstore.dto.ProductDto$Response@9dc37a8, com.perfstore.dto.ProductDto$Response@1bd72b0e, com.perfstore.dto.ProductDto$Response@4939e3c7, com.perfstore.dto.ProductDto$Response@6b8176ec]
2025-12-29 00:04:08.041 [http-nio-8080-exec-2] DEBUG com.perfstore.aspect.LoggingAspect - Exit: com.perfstore.controller.ProductController.getAllProducts() with result = <200 OK OK,[com.perfstore.dto.ProductDto$Response@58f94c19, com.perfstore.dto.ProductDto$Response@60064754, com.perfstore.dto.ProductDto$Response@54aed68a, com.perfstore.dto.ProductDto$Response@9dc37a8, com.perfstore.dto.ProductDto$Response@1bd72b0e, com.perfstore.dto.ProductDto$Response@4939e3c7, com.perfstore.dto.ProductDto$Response@6b8176ec],[]>
2025-12-29 00:04:08.051 [http-nio-8080-exec-1] DEBUG com.perfstore.aspect.LoggingAspect - Enter: com.perfstore.controller.CategoryController.getAllCategories() with argument[s] = []
2025-12-29 00:04:08.051 [http-nio-8080-exec-1] DEBUG com.perfstore.aspect.LoggingAspect - Enter: com.perfstore.service.CategoryService.getAllCategories() with argument[s] = []
2025-12-29 00:04:08.057 [http-nio-8080-exec-1] DEBUG com.perfstore.aspect.LoggingAspect - Exit: com.perfstore.service.CategoryService.getAllCategories() with result = [com.perfstore.dto.CategoryDto$Response@1a779eb2, com.perfstore.dto.CategoryDto$Response@10c39871, com.perfstore.dto.CategoryDto$Response@1e1aadfe, com.perfstore.dto.CategoryDto$Response@415e23cc]
2025-12-29 00:04:08.057 [http-nio-8080-exec-1] DEBUG com.perfstore.aspect.LoggingAspect - Exit: com.perfstore.controller.CategoryController.getAllCategories() with result = <200 OK OK,[com.perfstore.dto.CategoryDto$Response@1a779eb2, com.perfstore.dto.CategoryDto$Response@10c39871, com.perfstore.dto.CategoryDto$Response@1e1aadfe, com.perfstore.dto.CategoryDto$Response@415e23cc],[]>
2025-12-29 00:04:16.688 [http-nio-8080-exec-3] DEBUG com.perfstore.aspect.LoggingAspect - Enter: com.perfstore.controller.OrderController.getMyOrders() with argument[s] = [UsernamePasswordAuthenticationToken [Principal=org.springframework.security.core.userdetails.User [Username=test, Password=[PROTECTED], Enabled=true, AccountNonExpired=true, CredentialsNonExpired=true, AccountNonLocked=true, Granted Authorities=[]], Credentials=[PROTECTED], Authenticated=true, Details=null, Granted Authorities=[]]]
2025-12-29 00:04:16.688 [http-nio-8080-exec-3] DEBUG com.perfstore.aspect.LoggingAspect - Enter: com.perfstore.service.OrderService.getUserOrders() with argument[s] = [test]
2025-12-29 00:04:16.697 [http-nio-8080-exec-3] DEBUG com.perfstore.aspect.LoggingAspect - Exit: com.perfstore.service.OrderService.getUserOrders() with result = []
2025-12-29 00:04:16.697 [http-nio-8080-exec-3] DEBUG com.perfstore.aspect.LoggingAspect - Exit: com.perfstore.controller.OrderController.getMyOrders() with result = <200 OK OK,[],[]>
2025-12-29 00:04:16.713 [http-nio-8080-exec-4] DEBUG com.perfstore.aspect.LoggingAspect - Enter: com.perfstore.controller.OrderController.getMyOrders() with argument[s] = [UsernamePasswordAuthenticationToken [Principal=org.springframework.security.core.userdetails.User [Username=test, Password=[PROTECTED], Enabled=true, AccountNonExpired=true, CredentialsNonExpired=true, AccountNonLocked=true, Granted Authorities=[]], Credentials=[PROTECTED], Authenticated=true, Details=null, Granted Authorities=[]]]
2025-12-29 00:04:16.713 [http-nio-8080-exec-4] DEBUG com.perfstore.aspect.LoggingAspect - Enter: com.perfstore.service.OrderService.getUserOrders() with argument[s] = [test]
2025-12-29 00:04:16.718 [http-nio-8080-exec-4] DEBUG com.perfstore.aspect.LoggingAspect - Exit: com.perfstore.service.OrderService.getUserOrders() with result = []
2025-12-29 00:04:16.719 [http-nio-8080-exec-4] DEBUG com.perfstore.aspect.LoggingAspect - Exit: com.perfstore.controller.OrderController.getMyOrders() with result = <200 OK OK,[],[]>
2025-12-29 00:04:17.753 [http-nio-8080-exec-8] DEBUG com.perfstore.aspect.LoggingAspect - Enter: com.perfstore.controller.ProductController.getAllProducts() with argument[s] = []
2025-12-29 00:04:17.753 [http-nio-8080-exec-8] DEBUG com.perfstore.aspect.LoggingAspect - Enter: com.perfstore.service.ProductService.getAllProducts() with argument[s] = []
2025-12-29 00:04:17.764 [http-nio-8080-exec-8] DEBUG com.perfstore.aspect.LoggingAspect - Exit: com.perfstore.service.ProductService.getAllProducts() with result = [com.perfstore.dto.ProductDto$Response@30a1c594, com.perfstore.dto.ProductDto$Response@249629d5, com.perfstore.dto.ProductDto$Response@25093d44, com.perfstore.dto.ProductDto$Response@8fc797d, com.perfstore.dto.ProductDto$Response@36cf9093, com.perfstore.dto.ProductDto$Response@2302df1e, com.perfstore.dto.ProductDto$Response@4f0d3527]
2025-12-29 00:04:17.765 [http-nio-8080-exec-8] DEBUG com.perfstore.aspect.LoggingAspect - Exit: com.perfstore.controller.ProductController.getAllProducts() with result = <200 OK OK,[com.perfstore.dto.ProductDto$Response@30a1c594, com.perfstore.dto.ProductDto$Response@249629d5, com.perfstore.dto.ProductDto$Response@25093d44, com.perfstore.dto.ProductDto$Response@8fc797d, com.perfstore.dto.ProductDto$Response@36cf9093, com.perfstore.dto.ProductDto$Response@2302df1e, com.perfstore.dto.ProductDto$Response@4f0d3527],[]>
2025-12-29 00:04:17.772 [http-nio-8080-exec-9] DEBUG com.perfstore.aspect.LoggingAspect - Enter: com.perfstore.controller.CategoryController.getAllCategories() with argument[s] = []
2025-12-29 00:04:17.772 [http-nio-8080-exec-9] DEBUG com.perfstore.aspect.LoggingAspect - Enter: com.perfstore.service.CategoryService.getAllCategories() with argument[s] = []
2025-12-29 00:04:17.778 [http-nio-8080-exec-9] DEBUG com.perfstore.aspect.LoggingAspect - Exit: com.perfstore.service.CategoryService.getAllCategories() with result = [com.perfstore.dto.CategoryDto$Response@2fcb1ac6, com.perfstore.dto.CategoryDto$Response@35981a4b, com.perfstore.dto.CategoryDto$Response@781ca530, com.perfstore.dto.CategoryDto$Response@7ab68b82]
2025-12-29 00:04:17.778 [http-nio-8080-exec-9] DEBUG com.perfstore.aspect.LoggingAspect - Exit: com.perfstore.controller.CategoryController.getAllCategories() with result = <200 OK OK,[com.perfstore.dto.CategoryDto$Response@2fcb1ac6, com.perfstore.dto.CategoryDto$Response@35981a4b, com.perfstore.dto.CategoryDto$Response@781ca530, com.perfstore.dto.CategoryDto$Response@7ab68b82],[]>
2025-12-29 00:04:21.604 [http-nio-8080-exec-7] DEBUG com.perfstore.aspect.LoggingAspect - Enter: com.perfstore.controller.CategoryController.getAllCategories() with argument[s] = []
2025-12-29 00:04:21.604 [http-nio-8080-exec-7] DEBUG com.perfstore.aspect.LoggingAspect - Enter: com.perfstore.service.CategoryService.getAllCategories() with argument[s] = []
2025-12-29 00:04:21.610 [http-nio-8080-exec-7] DEBUG com.perfstore.aspect.LoggingAspect - Exit: com.perfstore.service.CategoryService.getAllCategories() with result = [com.perfstore.dto.CategoryDto$Response@1bf636e7, com.perfstore.dto.CategoryDto$Response@665d086, com.perfstore.dto.CategoryDto$Response@4bdf603f, com.perfstore.dto.CategoryDto$Response@6544cc15]
2025-12-29 00:04:21.611 [http-nio-8080-exec-7] DEBUG com.perfstore.aspect.LoggingAspect - Exit: com.perfstore.controller.CategoryController.getAllCategories() with result = <200 OK OK,[com.perfstore.dto.CategoryDto$Response@1bf636e7, com.perfstore.dto.CategoryDto$Response@665d086, com.perfstore.dto.CategoryDto$Response@4bdf603f, com.perfstore.dto.CategoryDto$Response@6544cc15],[]>
2025-12-29 00:04:21.626 [http-nio-8080-exec-5] DEBUG com.perfstore.aspect.LoggingAspect - Enter: com.perfstore.controller.CategoryController.getAllCategories() with argument[s] = []
2025-12-29 00:04:21.626 [http-nio-8080-exec-5] DEBUG com.perfstore.aspect.LoggingAspect - Enter: com.perfstore.service.CategoryService.getAllCategories() with argument[s] = []
2025-12-29 00:04:21.633 [http-nio-8080-exec-5] DEBUG com.perfstore.aspect.LoggingAspect - Exit: com.perfstore.service.CategoryService.getAllCategories() with result = [com.perfstore.dto.CategoryDto$Response@77014897, com.perfstore.dto.CategoryDto$Response@1b4b724a, com.perfstore.dto.CategoryDto$Response@17f45d8e, com.perfstore.dto.CategoryDto$Response@320064bf]
2025-12-29 00:04:21.633 [http-nio-8080-exec-5] DEBUG com.perfstore.aspect.LoggingAspect - Exit: com.perfstore.controller.CategoryController.getAllCategories() with result = <200 OK OK,[com.perfstore.dto.CategoryDto$Response@77014897, com.perfstore.dto.CategoryDto$Response@1b4b724a, com.perfstore.dto.CategoryDto$Response@17f45d8e, com.perfstore.dto.CategoryDto$Response@320064bf],[]>
2025-12-29 00:04:49.260 [scheduling-1] DEBUG com.perfstore.aspect.LoggingAspect - Enter: com.perfstore.service.OrderCleanupScheduler.cancelUnpaidOrders() with argument[s] = []
2025-12-29 00:04:49.264 [scheduling-1] DEBUG com.perfstore.aspect.LoggingAspect - Exit: com.perfstore.service.OrderCleanupScheduler.cancelUnpaidOrders() with result = null
2025-12-29 00:05:13.162 [http-nio-8080-exec-2] DEBUG com.perfstore.aspect.LoggingAspect - Enter: com.perfstore.controller.CategoryController.getAllCategories() with argument[s] = []
2025-12-29 00:05:13.162 [http-nio-8080-exec-2] DEBUG com.perfstore.aspect.LoggingAspect - Enter: com.perfstore.service.CategoryService.getAllCategories() with argument[s] = []
2025-12-29 00:05:13.170 [http-nio-8080-exec-2] DEBUG com.perfstore.aspect.LoggingAspect - Exit: com.perfstore.service.CategoryService.getAllCategories() with result = [com.perfstore.dto.CategoryDto$Response@63f2f40b, com.perfstore.dto.CategoryDto$Response@7a5250d5, com.perfstore.dto.CategoryDto$Response@55bb2184, com.perfstore.dto.CategoryDto$Response@1233e14e]
2025-12-29 00:05:13.170 [http-nio-8080-exec-2] DEBUG com.perfstore.aspect.LoggingAspect - Exit: com.perfstore.controller.CategoryController.getAllCategories() with result = <200 OK OK,[com.perfstore.dto.CategoryDto$Response@63f2f40b, com.perfstore.dto.CategoryDto$Response@7a5250d5, com.perfstore.dto.CategoryDto$Response@55bb2184, com.perfstore.dto.CategoryDto$Response@1233e14e],[]>
2025-12-29 00:05:13.181 [http-nio-8080-exec-1] DEBUG com.perfstore.aspect.LoggingAspect - Enter: com.perfstore.controller.CategoryController.getAllCategories() with argument[s] = []
2025-12-29 00:05:13.181 [http-nio-8080-exec-1] DEBUG com.perfstore.aspect.LoggingAspect - Enter: com.perfstore.service.CategoryService.getAllCategories() with argument[s] = []
2025-12-29 00:05:13.188 [http-nio-8080-exec-1] DEBUG com.perfstore.aspect.LoggingAspect - Exit: com.perfstore.service.CategoryService.getAllCategories() with result = [com.perfstore.dto.CategoryDto$Response@721e8efb, com.perfstore.dto.CategoryDto$Response@3ab0ee7b, com.perfstore.dto.CategoryDto$Response@2792c978, com.perfstore.dto.CategoryDto$Response@5db63291]
2025-12-29 00:05:13.188 [http-nio-8080-exec-1] DEBUG com.perfstore.aspect.LoggingAspect - Exit: com.perfstore.controller.CategoryController.getAllCategories() with result = <200 OK OK,[com.perfstore.dto.CategoryDto$Response@721e8efb, com.perfstore.dto.CategoryDto$Response@3ab0ee7b, com.perfstore.dto.CategoryDto$Response@2792c978, com.perfstore.dto.CategoryDto$Response@5db63291],[]>
2025-12-29 00:05:22.685 [http-nio-8080-exec-7] DEBUG com.perfstore.aspect.LoggingAspect - Enter: com.perfstore.controller.ProductController.getAllProducts() with argument[s] = []
2025-12-29 00:05:22.685 [http-nio-8080-exec-7] DEBUG com.perfstore.aspect.LoggingAspect - Enter: com.perfstore.service.ProductService.getAllProducts() with argument[s] = []
2025-12-29 00:05:22.698 [http-nio-8080-exec-7] DEBUG com.perfstore.aspect.LoggingAspect - Exit: com.perfstore.service.ProductService.getAllProducts() with result = [com.perfstore.dto.ProductDto$Response@1704b03e, com.perfstore.dto.ProductDto$Response@7ba20973, com.perfstore.dto.ProductDto$Response@2b9fca30, com.perfstore.dto.ProductDto$Response@6fd31dde, com.perfstore.dto.ProductDto$Response@5d64d55a, com.perfstore.dto.ProductDto$Response@36e6a614, com.perfstore.dto.ProductDto$Response@637d24b2]
2025-12-29 00:05:22.698 [http-nio-8080-exec-7] DEBUG com.perfstore.aspect.LoggingAspect - Exit: com.perfstore.controller.ProductController.getAllProducts() with result = <200 OK OK,[com.perfstore.dto.ProductDto$Response@1704b03e, com.perfstore.dto.ProductDto$Response@7ba20973, com.perfstore.dto.ProductDto$Response@2b9fca30, com.perfstore.dto.ProductDto$Response@6fd31dde, com.perfstore.dto.ProductDto$Response@5d64d55a, com.perfstore.dto.ProductDto$Response@36e6a614, com.perfstore.dto.ProductDto$Response@637d24b2],[]>
2025-12-29 00:05:49.252 [scheduling-1] DEBUG com.perfstore.aspect.LoggingAspect - Enter: com.perfstore.service.OrderCleanupScheduler.cancelUnpaidOrders() with argument[s] = []
2025-12-29 00:05:49.256 [scheduling-1] DEBUG com.perfstore.aspect.LoggingAspect - Exit: com.perfstore.service.OrderCleanupScheduler.cancelUnpaidOrders() with result = null
2025-12-29 00:06:04.314 [http-nio-8080-exec-5] DEBUG com.perfstore.aspect.LoggingAspect - Enter: com.perfstore.controller.ProductController.getAllProducts() with argument[s] = []
2025-12-29 00:06:04.314 [http-nio-8080-exec-5] DEBUG com.perfstore.aspect.LoggingAspect - Enter: com.perfstore.service.ProductService.getAllProducts() with argument[s] = []
2025-12-29 00:06:04.330 [http-nio-8080-exec-5] DEBUG com.perfstore.aspect.LoggingAspect - Exit: com.perfstore.service.ProductService.getAllProducts() with result = [com.perfstore.dto.ProductDto$Response@5f20cb6d, com.perfstore.dto.ProductDto$Response@4e3abe34, com.perfstore.dto.ProductDto$Response@10fe0703, com.perfstore.dto.ProductDto$Response@5586907d, com.perfstore.dto.ProductDto$Response@c245203, com.perfstore.dto.ProductDto$Response@17f486ad, com.perfstore.dto.ProductDto$Response@77525d4f]
2025-12-29 00:06:04.331 [http-nio-8080-exec-5] DEBUG com.perfstore.aspect.LoggingAspect - Exit: com.perfstore.controller.ProductController.getAllProducts() with result = <200 OK OK,[com.perfstore.dto.ProductDto$Response@5f20cb6d, com.perfstore.dto.ProductDto$Response@4e3abe34, com.perfstore.dto.ProductDto$Response@10fe0703, com.perfstore.dto.ProductDto$Response@5586907d, com.perfstore.dto.ProductDto$Response@c245203, com.perfstore.dto.ProductDto$Response@17f486ad, com.perfstore.dto.ProductDto$Response@77525d4f],[]>
2025-12-29 00:06:07.315 [http-nio-8080-exec-6] DEBUG com.perfstore.aspect.LoggingAspect - Enter: com.perfstore.controller.ProductController.getAllProducts() with argument[s] = []
2025-12-29 00:06:07.316 [http-nio-8080-exec-6] DEBUG com.perfstore.aspect.LoggingAspect - Enter: com.perfstore.service.ProductService.getAllProducts() with argument[s] = []
2025-12-29 00:06:07.328 [http-nio-8080-exec-6] DEBUG com.perfstore.aspect.LoggingAspect - Exit: com.perfstore.service.ProductService.getAllProducts() with result = [com.perfstore.dto.ProductDto$Response@59002bd, com.perfstore.dto.ProductDto$Response@397cdbb8, com.perfstore.dto.ProductDto$Response@39b0276d, com.perfstore.dto.ProductDto$Response@2f1c955e, com.perfstore.dto.ProductDto$Response@2a9cefea, com.perfstore.dto.ProductDto$Response@75e2401a, com.perfstore.dto.ProductDto$Response@4dd18a84]
2025-12-29 00:06:07.328 [http-nio-8080-exec-6] DEBUG com.perfstore.aspect.LoggingAspect - Exit: com.perfstore.controller.ProductController.getAllProducts() with result = <200 OK OK,[com.perfstore.dto.ProductDto$Response@59002bd, com.perfstore.dto.ProductDto$Response@397cdbb8, com.perfstore.dto.ProductDto$Response@39b0276d, com.perfstore.dto.ProductDto$Response@2f1c955e, com.perfstore.dto.ProductDto$Response@2a9cefea, com.perfstore.dto.ProductDto$Response@75e2401a, com.perfstore.dto.ProductDto$Response@4dd18a84],[]>
2025-12-29 00:06:07.337 [http-nio-8080-exec-10] DEBUG com.perfstore.aspect.LoggingAspect - Enter: com.perfstore.controller.CategoryController.getAllCategories() with argument[s] = []
2025-12-29 00:06:07.337 [http-nio-8080-exec-10] DEBUG com.perfstore.aspect.LoggingAspect - Enter: com.perfstore.service.CategoryService.getAllCategories() with argument[s] = []
2025-12-29 00:06:07.343 [http-nio-8080-exec-10] DEBUG com.perfstore.aspect.LoggingAspect - Exit: com.perfstore.service.CategoryService.getAllCategories() with result = [com.perfstore.dto.CategoryDto$Response@7ffab894, com.perfstore.dto.CategoryDto$Response@341fbf82, com.perfstore.dto.CategoryDto$Response@7c254dc, com.perfstore.dto.CategoryDto$Response@23f85c9a]
2025-12-29 00:06:07.344 [http-nio-8080-exec-10] DEBUG com.perfstore.aspect.LoggingAspect - Exit: com.perfstore.controller.CategoryController.getAllCategories() with result = <200 OK OK,[com.perfstore.dto.CategoryDto$Response@7ffab894, com.perfstore.dto.CategoryDto$Response@341fbf82, com.perfstore.dto.CategoryDto$Response@7c254dc, com.perfstore.dto.CategoryDto$Response@23f85c9a],[]>
2025-12-29 00:06:49.260 [scheduling-1] DEBUG com.perfstore.aspect.LoggingAspect - Enter: com.perfstore.service.OrderCleanupScheduler.cancelUnpaidOrders() with argument[s] = []
2025-12-29 00:06:49.262 [scheduling-1] DEBUG com.perfstore.aspect.LoggingAspect - Exit: com.perfstore.service.OrderCleanupScheduler.cancelUnpaidOrders() with result = null
2025-12-29 00:07:49.262 [scheduling-1] DEBUG com.perfstore.aspect.LoggingAspect - Enter: com.perfstore.service.OrderCleanupScheduler.cancelUnpaidOrders() with argument[s] = []
2025-12-29 00:07:49.265 [scheduling-1] DEBUG com.perfstore.aspect.LoggingAspect - Exit: com.perfstore.service.OrderCleanupScheduler.cancelUnpaidOrders() with result = null
2025-12-29 00:12:58.706 [main] INFO  com.perfstore.PerfstoreApplication - Starting PerfstoreApplication using Java 21.0.9 with PID 25432 (C:\Users\Oğuzhan\Desktop\perfstore-main\target\classes started by Oğuzhan in C:\Users\Oğuzhan\Desktop\perfstore-main)
2025-12-29 00:12:58.707 [main] DEBUG com.perfstore.PerfstoreApplication - Running with Spring Boot v3.2.0, Spring v6.1.1
2025-12-29 00:12:58.708 [main] INFO  com.perfstore.PerfstoreApplication - No active profile set, falling back to 1 default profile: "default"
2025-12-29 00:12:59.133 [main] INFO  o.s.d.r.c.RepositoryConfigurationDelegate - Bootstrapping Spring Data JPA repositories in DEFAULT mode.
2025-12-29 00:12:59.183 [main] INFO  o.s.d.r.c.RepositoryConfigurationDelegate - Finished Spring Data repository scanning in 42 ms. Found 8 JPA repository interfaces.
2025-12-29 00:12:59.618 [main] INFO  o.s.b.w.e.tomcat.TomcatWebServer - Tomcat initialized with port 8080 (http)
2025-12-29 00:12:59.628 [main] INFO  o.a.catalina.core.StandardService - Starting service [Tomcat]
2025-12-29 00:12:59.629 [main] INFO  o.a.catalina.core.StandardEngine - Starting Servlet engine: [Apache Tomcat/10.1.16]
2025-12-29 00:12:59.677 [main] INFO  o.a.c.c.C.[Tomcat].[localhost].[/] - Initializing Spring embedded WebApplicationContext
2025-12-29 00:12:59.677 [main] INFO  o.s.b.w.s.c.ServletWebServerApplicationContext - Root WebApplicationContext: initialization completed in 946 ms
2025-12-29 00:12:59.767 [main] INFO  o.h.jpa.internal.util.LogHelper - HHH000204: Processing PersistenceUnitInfo [name: default]
2025-12-29 00:12:59.812 [main] INFO  org.hibernate.Version - HHH000412: Hibernate ORM core version 6.3.1.Final
2025-12-29 00:12:59.853 [main] INFO  o.h.c.i.RegionFactoryInitiator - HHH000026: Second-level cache disabled
2025-12-29 00:13:00.003 [main] INFO  o.s.o.j.p.SpringPersistenceUnitInfo - No LoadTimeWeaver setup: ignoring JPA class transformer
2025-12-29 00:13:00.027 [main] INFO  com.zaxxer.hikari.HikariDataSource - HikariPool-1 - Starting...
2025-12-29 00:13:00.153 [main] INFO  com.zaxxer.hikari.pool.HikariPool - HikariPool-1 - Added connection com.mysql.cj.jdbc.ConnectionImpl@2ec5cc14
2025-12-29 00:13:00.155 [main] INFO  com.zaxxer.hikari.HikariDataSource - HikariPool-1 - Start completed.
2025-12-29 00:13:00.194 [main] WARN  org.hibernate.orm.deprecation - HHH90000025: MySQLDialect does not need to be specified explicitly using 'hibernate.dialect' (remove the property setting and it will be selected by default)
2025-12-29 00:13:00.885 [main] INFO  o.h.e.t.j.p.i.JtaPlatformInitiator - HHH000489: No JTA platform available (set 'hibernate.transaction.jta.platform' to enable JTA platform integration)
2025-12-29 00:13:00.961 [main] INFO  o.s.o.j.LocalContainerEntityManagerFactoryBean - Initialized JPA EntityManagerFactory for persistence unit 'default'
2025-12-29 00:13:01.208 [main] DEBUG c.p.config.TokenAuthenticationFilter - Filter 'tokenAuthenticationFilter' configured for use
2025-12-29 00:13:01.354 [main] INFO  o.s.d.j.r.query.QueryEnhancerFactory - Hibernate is in classpath; If applicable, HQL parser will be used.
2025-12-29 00:13:01.649 [main] WARN  o.s.b.a.o.j.JpaBaseConfiguration$JpaWebConfiguration - spring.jpa.open-in-view is enabled by default. Therefore, database queries may be performed during view rendering. Explicitly configure spring.jpa.open-in-view to disable this warning
2025-12-29 00:13:01.659 [main] WARN  o.s.b.a.s.s.UserDetailsServiceAutoConfiguration - 

Using generated security password: ce56e110-becc-482b-b367-d42422849082

This generated password is for development use only. Your security configuration must be updated before running your application in production.

2025-12-29 00:13:01.716 [main] INFO  o.s.b.a.w.s.WelcomePageHandlerMapping - Adding welcome page: class path resource [static/index.html]
2025-12-29 00:13:01.813 [main] INFO  o.s.s.web.DefaultSecurityFilterChain - Will secure any request with [org.springframework.security.web.session.DisableEncodeUrlFilter@79beb8a0, org.springframework.security.web.context.request.async.WebAsyncManagerIntegrationFilter@b6a20ce, org.springframework.security.web.context.SecurityContextHolderFilter@55ed76e6, org.springframework.security.web.header.HeaderWriterFilter@4afdcdf6, org.springframework.web.filter.CorsFilter@79296ce0, org.springframework.security.web.authentication.logout.LogoutFilter@4d20d8e6, com.perfstore.config.TokenAuthenticationFilter@69efdfd9, org.springframework.security.web.savedrequest.RequestCacheAwareFilter@34949460, org.springframework.security.web.servletapi.SecurityContextHolderAwareRequestFilter@1aac520e, org.springframework.security.web.authentication.AnonymousAuthenticationFilter@19c28c97, org.springframework.security.web.session.SessionManagementFilter@48028e11, org.springframework.security.web.access.ExceptionTranslationFilter@547d3e8e, org.springframework.security.web.access.intercept.AuthorizationFilter@1dade178]
2025-12-29 00:13:01.939 [main] INFO  o.s.b.w.e.tomcat.TomcatWebServer - Tomcat started on port 8080 (http) with context path ''
2025-12-29 00:13:01.945 [main] INFO  com.perfstore.PerfstoreApplication - Started PerfstoreApplication in 3.571 seconds (process running for 3.801)
2025-12-29 00:13:01.955 [scheduling-1] DEBUG com.perfstore.aspect.LoggingAspect - Enter: com.perfstore.service.OrderCleanupScheduler.cancelUnpaidOrders() with argument[s] = []
2025-12-29 00:13:02.004 [scheduling-1] DEBUG com.perfstore.aspect.LoggingAspect - Exit: com.perfstore.service.OrderCleanupScheduler.cancelUnpaidOrders() with result = null
2025-12-29 00:14:01.781 [http-nio-8080-exec-1] INFO  o.a.c.c.C.[Tomcat].[localhost].[/] - Initializing Spring DispatcherServlet 'dispatcherServlet'
2025-12-29 00:14:01.782 [http-nio-8080-exec-1] INFO  o.s.web.servlet.DispatcherServlet - Initializing Servlet 'dispatcherServlet'
2025-12-29 00:14:01.783 [http-nio-8080-exec-1] INFO  o.s.web.servlet.DispatcherServlet - Completed initialization in 0 ms
2025-12-29 00:14:01.794 [http-nio-8080-exec-1] WARN  o.s.w.s.h.HandlerMappingIntrospector - Cache miss for REQUEST dispatch to '/api/products' (previous null). Performing MatchableHandlerMapping lookup. This is logged once only at WARN level, and every time at TRACE.
2025-12-29 00:14:01.809 [http-nio-8080-exec-1] DEBUG com.perfstore.aspect.LoggingAspect - Enter: com.perfstore.controller.ProductController.getAllProducts() with argument[s] = []
2025-12-29 00:14:01.809 [http-nio-8080-exec-1] DEBUG com.perfstore.aspect.LoggingAspect - Enter: com.perfstore.service.ProductService.getAllProducts() with argument[s] = []
2025-12-29 00:14:01.828 [http-nio-8080-exec-1] DEBUG com.perfstore.aspect.LoggingAspect - Exit: com.perfstore.service.ProductService.getAllProducts() with result = [com.perfstore.dto.ProductDto$Response@3aefb0f2, com.perfstore.dto.ProductDto$Response@a623c93, com.perfstore.dto.ProductDto$Response@6f9534eb, com.perfstore.dto.ProductDto$Response@3fa481de, com.perfstore.dto.ProductDto$Response@780bdef8, com.perfstore.dto.ProductDto$Response@6396f3ce, com.perfstore.dto.ProductDto$Response@2562a13b]
2025-12-29 00:14:01.832 [http-nio-8080-exec-1] DEBUG com.perfstore.aspect.LoggingAspect - Exit: com.perfstore.controller.ProductController.getAllProducts() with result = <200 OK OK,[com.perfstore.dto.ProductDto$Response@3aefb0f2, com.perfstore.dto.ProductDto$Response@a623c93, com.perfstore.dto.ProductDto$Response@6f9534eb, com.perfstore.dto.ProductDto$Response@3fa481de, com.perfstore.dto.ProductDto$Response@780bdef8, com.perfstore.dto.ProductDto$Response@6396f3ce, com.perfstore.dto.ProductDto$Response@2562a13b],[]>
2025-12-29 00:14:01.886 [http-nio-8080-exec-2] DEBUG com.perfstore.aspect.LoggingAspect - Enter: com.perfstore.controller.CategoryController.getAllCategories() with argument[s] = []
2025-12-29 00:14:01.886 [http-nio-8080-exec-2] DEBUG com.perfstore.aspect.LoggingAspect - Enter: com.perfstore.service.CategoryService.getAllCategories() with argument[s] = []
2025-12-29 00:14:01.894 [http-nio-8080-exec-2] DEBUG com.perfstore.aspect.LoggingAspect - Exit: com.perfstore.service.CategoryService.getAllCategories() with result = [com.perfstore.dto.CategoryDto$Response@682f7b73, com.perfstore.dto.CategoryDto$Response@5bb4a16d, com.perfstore.dto.CategoryDto$Response@6359f2e, com.perfstore.dto.CategoryDto$Response@590a0f72]
2025-12-29 00:14:01.894 [http-nio-8080-exec-2] DEBUG com.perfstore.aspect.LoggingAspect - Exit: com.perfstore.controller.CategoryController.getAllCategories() with result = <200 OK OK,[com.perfstore.dto.CategoryDto$Response@682f7b73, com.perfstore.dto.CategoryDto$Response@5bb4a16d, com.perfstore.dto.CategoryDto$Response@6359f2e, com.perfstore.dto.CategoryDto$Response@590a0f72],[]>
2025-12-29 00:14:01.960 [scheduling-1] DEBUG com.perfstore.aspect.LoggingAspect - Enter: com.perfstore.service.OrderCleanupScheduler.cancelUnpaidOrders() with argument[s] = []
2025-12-29 00:14:01.963 [scheduling-1] DEBUG com.perfstore.aspect.LoggingAspect - Exit: com.perfstore.service.OrderCleanupScheduler.cancelUnpaidOrders() with result = null
2025-12-29 00:14:04.402 [http-nio-8080-exec-5] DEBUG com.perfstore.aspect.LoggingAspect - Enter: com.perfstore.controller.CategoryController.getAllCategories() with argument[s] = []
2025-12-29 00:14:04.402 [http-nio-8080-exec-5] DEBUG com.perfstore.aspect.LoggingAspect - Enter: com.perfstore.service.CategoryService.getAllCategories() with argument[s] = []
2025-12-29 00:14:04.412 [http-nio-8080-exec-5] DEBUG com.perfstore.aspect.LoggingAspect - Exit: com.perfstore.service.CategoryService.getAllCategories() with result = [com.perfstore.dto.CategoryDto$Response@1215b89f, com.perfstore.dto.CategoryDto$Response@301064e7, com.perfstore.dto.CategoryDto$Response@766be0b1, com.perfstore.dto.CategoryDto$Response@55548f70]
2025-12-29 00:14:04.412 [http-nio-8080-exec-5] DEBUG com.perfstore.aspect.LoggingAspect - Exit: com.perfstore.controller.CategoryController.getAllCategories() with result = <200 OK OK,[com.perfstore.dto.CategoryDto$Response@1215b89f, com.perfstore.dto.CategoryDto$Response@301064e7, com.perfstore.dto.CategoryDto$Response@766be0b1, com.perfstore.dto.CategoryDto$Response@55548f70],[]>
2025-12-29 00:14:04.428 [http-nio-8080-exec-6] DEBUG com.perfstore.aspect.LoggingAspect - Enter: com.perfstore.controller.CategoryController.getAllCategories() with argument[s] = []
2025-12-29 00:14:04.428 [http-nio-8080-exec-6] DEBUG com.perfstore.aspect.LoggingAspect - Enter: com.perfstore.service.CategoryService.getAllCategories() with argument[s] = []
2025-12-29 00:14:04.437 [http-nio-8080-exec-6] DEBUG com.perfstore.aspect.LoggingAspect - Exit: com.perfstore.service.CategoryService.getAllCategories() with result = [com.perfstore.dto.CategoryDto$Response@33342eaa, com.perfstore.dto.CategoryDto$Response@d53b471, com.perfstore.dto.CategoryDto$Response@3ed82da8, com.perfstore.dto.CategoryDto$Response@77a7c2dc]
2025-12-29 00:14:04.437 [http-nio-8080-exec-6] DEBUG com.perfstore.aspect.LoggingAspect - Exit: com.perfstore.controller.CategoryController.getAllCategories() with result = <200 OK OK,[com.perfstore.dto.CategoryDto$Response@33342eaa, com.perfstore.dto.CategoryDto$Response@d53b471, com.perfstore.dto.CategoryDto$Response@3ed82da8, com.perfstore.dto.CategoryDto$Response@77a7c2dc],[]>
2025-12-29 00:14:08.624 [http-nio-8080-exec-8] DEBUG com.perfstore.aspect.LoggingAspect - Enter: com.perfstore.controller.ProductController.getAllProducts() with argument[s] = []
2025-12-29 00:14:08.624 [http-nio-8080-exec-8] DEBUG com.perfstore.aspect.LoggingAspect - Enter: com.perfstore.service.ProductService.getAllProducts() with argument[s] = []
2025-12-29 00:14:08.644 [http-nio-8080-exec-8] DEBUG com.perfstore.aspect.LoggingAspect - Exit: com.perfstore.service.ProductService.getAllProducts() with result = [com.perfstore.dto.ProductDto$Response@408feea1, com.perfstore.dto.ProductDto$Response@27317d3f, com.perfstore.dto.ProductDto$Response@7713d436, com.perfstore.dto.ProductDto$Response@3ea74ee5, com.perfstore.dto.ProductDto$Response@1e24576, com.perfstore.dto.ProductDto$Response@2d9618f0, com.perfstore.dto.ProductDto$Response@444ddb10]
2025-12-29 00:14:08.644 [http-nio-8080-exec-8] DEBUG com.perfstore.aspect.LoggingAspect - Exit: com.perfstore.controller.ProductController.getAllProducts() with result = <200 OK OK,[com.perfstore.dto.ProductDto$Response@408feea1, com.perfstore.dto.ProductDto$Response@27317d3f, com.perfstore.dto.ProductDto$Response@7713d436, com.perfstore.dto.ProductDto$Response@3ea74ee5, com.perfstore.dto.ProductDto$Response@1e24576, com.perfstore.dto.ProductDto$Response@2d9618f0, com.perfstore.dto.ProductDto$Response@444ddb10],[]>
2025-12-29 00:14:11.699 [http-nio-8080-exec-1] DEBUG com.perfstore.aspect.LoggingAspect - Enter: com.perfstore.controller.ProductController.getAllProducts() with argument[s] = []
2025-12-29 00:14:11.699 [http-nio-8080-exec-10] DEBUG com.perfstore.aspect.LoggingAspect - Enter: com.perfstore.controller.ProductController.getAllProducts() with argument[s] = []
2025-12-29 00:14:11.699 [http-nio-8080-exec-1] DEBUG com.perfstore.aspect.LoggingAspect - Enter: com.perfstore.service.ProductService.getAllProducts() with argument[s] = []
2025-12-29 00:14:11.699 [http-nio-8080-exec-10] DEBUG com.perfstore.aspect.LoggingAspect - Enter: com.perfstore.service.ProductService.getAllProducts() with argument[s] = []
2025-12-29 00:14:11.713 [http-nio-8080-exec-1] DEBUG com.perfstore.aspect.LoggingAspect - Exit: com.perfstore.service.ProductService.getAllProducts() with result = [com.perfstore.dto.ProductDto$Response@233def34, com.perfstore.dto.ProductDto$Response@2e317317, com.perfstore.dto.ProductDto$Response@2f719003, com.perfstore.dto.ProductDto$Response@562bc5a3, com.perfstore.dto.ProductDto$Response@1aa3c41d, com.perfstore.dto.ProductDto$Response@3f2fb595, com.perfstore.dto.ProductDto$Response@1cfddbfb]
2025-12-29 00:14:11.713 [http-nio-8080-exec-10] DEBUG com.perfstore.aspect.LoggingAspect - Exit: com.perfstore.service.ProductService.getAllProducts() with result = [com.perfstore.dto.ProductDto$Response@14ee4809, com.perfstore.dto.ProductDto$Response@6e804533, com.perfstore.dto.ProductDto$Response@2ac226ed, com.perfstore.dto.ProductDto$Response@6b7bc3ac, com.perfstore.dto.ProductDto$Response@d3360ca, com.perfstore.dto.ProductDto$Response@61760582, com.perfstore.dto.ProductDto$Response@5a38b20f]
2025-12-29 00:14:11.714 [http-nio-8080-exec-1] DEBUG com.perfstore.aspect.LoggingAspect - Exit: com.perfstore.controller.ProductController.getAllProducts() with result = <200 OK OK,[com.perfstore.dto.ProductDto$Response@233def34, com.perfstore.dto.ProductDto$Response@2e317317, com.perfstore.dto.ProductDto$Response@2f719003, com.perfstore.dto.ProductDto$Response@562bc5a3, com.perfstore.dto.ProductDto$Response@1aa3c41d, com.perfstore.dto.ProductDto$Response@3f2fb595, com.perfstore.dto.ProductDto$Response@1cfddbfb],[]>
2025-12-29 00:14:11.714 [http-nio-8080-exec-10] DEBUG com.perfstore.aspect.LoggingAspect - Exit: com.perfstore.controller.ProductController.getAllProducts() with result = <200 OK OK,[com.perfstore.dto.ProductDto$Response@14ee4809, com.perfstore.dto.ProductDto$Response@6e804533, com.perfstore.dto.ProductDto$Response@2ac226ed, com.perfstore.dto.ProductDto$Response@6b7bc3ac, com.perfstore.dto.ProductDto$Response@d3360ca, com.perfstore.dto.ProductDto$Response@61760582, com.perfstore.dto.ProductDto$Response@5a38b20f],[]>
2025-12-29 00:14:17.926 [http-nio-8080-exec-4] DEBUG com.perfstore.aspect.LoggingAspect - Enter: com.perfstore.controller.ProductController.getAllProducts() with argument[s] = []
2025-12-29 00:14:17.926 [http-nio-8080-exec-5] DEBUG com.perfstore.aspect.LoggingAspect - Enter: com.perfstore.controller.ProductController.getAllProducts() with argument[s] = []
2025-12-29 00:14:17.927 [http-nio-8080-exec-4] DEBUG com.perfstore.aspect.LoggingAspect - Enter: com.perfstore.service.ProductService.getAllProducts() with argument[s] = []
2025-12-29 00:14:17.927 [http-nio-8080-exec-5] DEBUG com.perfstore.aspect.LoggingAspect - Enter: com.perfstore.service.ProductService.getAllProducts() with argument[s] = []
2025-12-29 00:14:17.939 [http-nio-8080-exec-5] DEBUG com.perfstore.aspect.LoggingAspect - Exit: com.perfstore.service.ProductService.getAllProducts() with result = [com.perfstore.dto.ProductDto$Response@278ade6c, com.perfstore.dto.ProductDto$Response@29bff848, com.perfstore.dto.ProductDto$Response@13b05523, com.perfstore.dto.ProductDto$Response@42db548, com.perfstore.dto.ProductDto$Response@75a5621f, com.perfstore.dto.ProductDto$Response@238ea95b, com.perfstore.dto.ProductDto$Response@3286f944]
2025-12-29 00:14:17.939 [http-nio-8080-exec-4] DEBUG com.perfstore.aspect.LoggingAspect - Exit: com.perfstore.service.ProductService.getAllProducts() with result = [com.perfstore.dto.ProductDto$Response@2f7292c2, com.perfstore.dto.ProductDto$Response@5c17a695, com.perfstore.dto.ProductDto$Response@6264bdb5, com.perfstore.dto.ProductDto$Response@46cb64b8, com.perfstore.dto.ProductDto$Response@7d941a21, com.perfstore.dto.ProductDto$Response@1cd63808, com.perfstore.dto.ProductDto$Response@5b98a732]
2025-12-29 00:14:17.939 [http-nio-8080-exec-4] DEBUG com.perfstore.aspect.LoggingAspect - Exit: com.perfstore.controller.ProductController.getAllProducts() with result = <200 OK OK,[com.perfstore.dto.ProductDto$Response@2f7292c2, com.perfstore.dto.ProductDto$Response@5c17a695, com.perfstore.dto.ProductDto$Response@6264bdb5, com.perfstore.dto.ProductDto$Response@46cb64b8, com.perfstore.dto.ProductDto$Response@7d941a21, com.perfstore.dto.ProductDto$Response@1cd63808, com.perfstore.dto.ProductDto$Response@5b98a732],[]>
2025-12-29 00:14:17.939 [http-nio-8080-exec-5] DEBUG com.perfstore.aspect.LoggingAspect - Exit: com.perfstore.controller.ProductController.getAllProducts() with result = <200 OK OK,[com.perfstore.dto.ProductDto$Response@278ade6c, com.perfstore.dto.ProductDto$Response@29bff848, com.perfstore.dto.ProductDto$Response@13b05523, com.perfstore.dto.ProductDto$Response@42db548, com.perfstore.dto.ProductDto$Response@75a5621f, com.perfstore.dto.ProductDto$Response@238ea95b, com.perfstore.dto.ProductDto$Response@3286f944],[]>
2025-12-29 00:14:21.432 [http-nio-8080-exec-8] DEBUG com.perfstore.aspect.LoggingAspect - Enter: com.perfstore.controller.ProductController.deleteProduct() with argument[s] = [daced05c-ce4d-40bd-8b9d-09e9867f09ca]
2025-12-29 00:14:21.433 [http-nio-8080-exec-8] DEBUG com.perfstore.aspect.LoggingAspect - Enter: com.perfstore.service.ProductService.deleteProduct() with argument[s] = [daced05c-ce4d-40bd-8b9d-09e9867f09ca]
2025-12-29 00:14:21.463 [http-nio-8080-exec-8] DEBUG com.perfstore.aspect.LoggingAspect - Exit: com.perfstore.service.ProductService.deleteProduct() with result = null
2025-12-29 00:14:21.463 [http-nio-8080-exec-8] DEBUG com.perfstore.aspect.LoggingAspect - Exit: com.perfstore.controller.ProductController.deleteProduct() with result = <204 NO_CONTENT No Content,[]>
2025-12-29 00:14:25.183 [http-nio-8080-exec-7] DEBUG com.perfstore.aspect.LoggingAspect - Enter: com.perfstore.controller.ProductController.deleteProduct() with argument[s] = [ed0e44d1-1ff7-4ab3-9fb2-31acf69f1579]
2025-12-29 00:14:25.184 [http-nio-8080-exec-7] DEBUG com.perfstore.aspect.LoggingAspect - Enter: com.perfstore.service.ProductService.deleteProduct() with argument[s] = [ed0e44d1-1ff7-4ab3-9fb2-31acf69f1579]
2025-12-29 00:14:25.202 [http-nio-8080-exec-7] DEBUG com.perfstore.aspect.LoggingAspect - Exit: com.perfstore.service.ProductService.deleteProduct() with result = null
2025-12-29 00:14:25.202 [http-nio-8080-exec-7] DEBUG com.perfstore.aspect.LoggingAspect - Exit: com.perfstore.controller.ProductController.deleteProduct() with result = <204 NO_CONTENT No Content,[]>
2025-12-29 00:14:32.111 [http-nio-8080-exec-10] DEBUG com.perfstore.aspect.LoggingAspect - Enter: com.perfstore.controller.CategoryController.getAllCategories() with argument[s] = []
2025-12-29 00:14:32.111 [http-nio-8080-exec-10] DEBUG com.perfstore.aspect.LoggingAspect - Enter: com.perfstore.service.CategoryService.getAllCategories() with argument[s] = []
2025-12-29 00:14:32.117 [http-nio-8080-exec-10] DEBUG com.perfstore.aspect.LoggingAspect - Exit: com.perfstore.service.CategoryService.getAllCategories() with result = [com.perfstore.dto.CategoryDto$Response@66cbc8b8, com.perfstore.dto.CategoryDto$Response@2f1f34f3, com.perfstore.dto.CategoryDto$Response@2dea97d3, com.perfstore.dto.CategoryDto$Response@7c987773]
2025-12-29 00:14:32.118 [http-nio-8080-exec-10] DEBUG com.perfstore.aspect.LoggingAspect - Exit: com.perfstore.controller.CategoryController.getAllCategories() with result = <200 OK OK,[com.perfstore.dto.CategoryDto$Response@66cbc8b8, com.perfstore.dto.CategoryDto$Response@2f1f34f3, com.perfstore.dto.CategoryDto$Response@2dea97d3, com.perfstore.dto.CategoryDto$Response@7c987773],[]>
2025-12-29 00:14:35.268 [http-nio-8080-exec-2] DEBUG com.perfstore.aspect.LoggingAspect - Enter: com.perfstore.controller.ProductController.getAllProducts() with argument[s] = []
2025-12-29 00:14:35.268 [http-nio-8080-exec-2] DEBUG com.perfstore.aspect.LoggingAspect - Enter: com.perfstore.service.ProductService.getAllProducts() with argument[s] = []
2025-12-29 00:14:35.281 [http-nio-8080-exec-2] DEBUG com.perfstore.aspect.LoggingAspect - Exit: com.perfstore.service.ProductService.getAllProducts() with result = [com.perfstore.dto.ProductDto$Response@3b83387d, com.perfstore.dto.ProductDto$Response@5c1c41c3, com.perfstore.dto.ProductDto$Response@1ccadc38, com.perfstore.dto.ProductDto$Response@58c41bf4, com.perfstore.dto.ProductDto$Response@7a269041]
2025-12-29 00:14:35.281 [http-nio-8080-exec-2] DEBUG com.perfstore.aspect.LoggingAspect - Exit: com.perfstore.controller.ProductController.getAllProducts() with result = <200 OK OK,[com.perfstore.dto.ProductDto$Response@3b83387d, com.perfstore.dto.ProductDto$Response@5c1c41c3, com.perfstore.dto.ProductDto$Response@1ccadc38, com.perfstore.dto.ProductDto$Response@58c41bf4, com.perfstore.dto.ProductDto$Response@7a269041],[]>
2025-12-29 00:14:35.288 [http-nio-8080-exec-3] DEBUG com.perfstore.aspect.LoggingAspect - Enter: com.perfstore.controller.CategoryController.getAllCategories() with argument[s] = []
2025-12-29 00:14:35.288 [http-nio-8080-exec-3] DEBUG com.perfstore.aspect.LoggingAspect - Enter: com.perfstore.service.CategoryService.getAllCategories() with argument[s] = []
2025-12-29 00:14:35.296 [http-nio-8080-exec-3] DEBUG com.perfstore.aspect.LoggingAspect - Exit: com.perfstore.service.CategoryService.getAllCategories() with result = [com.perfstore.dto.CategoryDto$Response@2cc1e6c8, com.perfstore.dto.CategoryDto$Response@31a2e0e, com.perfstore.dto.CategoryDto$Response@70a7c1db, com.perfstore.dto.CategoryDto$Response@5eb3d61c]
2025-12-29 00:14:35.296 [http-nio-8080-exec-3] DEBUG com.perfstore.aspect.LoggingAspect - Exit: com.perfstore.controller.CategoryController.getAllCategories() with result = <200 OK OK,[com.perfstore.dto.CategoryDto$Response@2cc1e6c8, com.perfstore.dto.CategoryDto$Response@31a2e0e, com.perfstore.dto.CategoryDto$Response@70a7c1db, com.perfstore.dto.CategoryDto$Response@5eb3d61c],[]>
2025-12-29 00:14:40.359 [http-nio-8080-exec-5] DEBUG com.perfstore.aspect.LoggingAspect - Enter: com.perfstore.controller.OrderController.getMyOrders() with argument[s] = [UsernamePasswordAuthenticationToken [Principal=org.springframework.security.core.userdetails.User [Username=test, Password=[PROTECTED], Enabled=true, AccountNonExpired=true, CredentialsNonExpired=true, AccountNonLocked=true, Granted Authorities=[]], Credentials=[PROTECTED], Authenticated=true, Details=null, Granted Authorities=[]]]
2025-12-29 00:14:40.359 [http-nio-8080-exec-5] DEBUG com.perfstore.aspect.LoggingAspect - Enter: com.perfstore.service.OrderService.getUserOrders() with argument[s] = [test]
2025-12-29 00:14:40.366 [http-nio-8080-exec-5] DEBUG com.perfstore.aspect.LoggingAspect - Exit: com.perfstore.service.OrderService.getUserOrders() with result = []
2025-12-29 00:14:40.367 [http-nio-8080-exec-5] DEBUG com.perfstore.aspect.LoggingAspect - Exit: com.perfstore.controller.OrderController.getMyOrders() with result = <200 OK OK,[],[]>
2025-12-29 00:14:40.383 [http-nio-8080-exec-4] DEBUG com.perfstore.aspect.LoggingAspect - Enter: com.perfstore.controller.OrderController.getMyOrders() with argument[s] = [UsernamePasswordAuthenticationToken [Principal=org.springframework.security.core.userdetails.User [Username=test, Password=[PROTECTED], Enabled=true, AccountNonExpired=true, CredentialsNonExpired=true, AccountNonLocked=true, Granted Authorities=[]], Credentials=[PROTECTED], Authenticated=true, Details=null, Granted Authorities=[]]]
2025-12-29 00:14:40.383 [http-nio-8080-exec-4] DEBUG com.perfstore.aspect.LoggingAspect - Enter: com.perfstore.service.OrderService.getUserOrders() with argument[s] = [test]
2025-12-29 00:14:40.389 [http-nio-8080-exec-4] DEBUG com.perfstore.aspect.LoggingAspect - Exit: com.perfstore.service.OrderService.getUserOrders() with result = []
2025-12-29 00:14:40.389 [http-nio-8080-exec-4] DEBUG com.perfstore.aspect.LoggingAspect - Exit: com.perfstore.controller.OrderController.getMyOrders() with result = <200 OK OK,[],[]>
2025-12-29 00:14:41.655 [http-nio-8080-exec-6] DEBUG com.perfstore.aspect.LoggingAspect - Enter: com.perfstore.controller.ProductController.getAllProducts() with argument[s] = []
2025-12-29 00:14:41.655 [http-nio-8080-exec-6] DEBUG com.perfstore.aspect.LoggingAspect - Enter: com.perfstore.service.ProductService.getAllProducts() with argument[s] = []
2025-12-29 00:14:41.667 [http-nio-8080-exec-6] DEBUG com.perfstore.aspect.LoggingAspect - Exit: com.perfstore.service.ProductService.getAllProducts() with result = [com.perfstore.dto.ProductDto$Response@6914f93, com.perfstore.dto.ProductDto$Response@3a93f751, com.perfstore.dto.ProductDto$Response@2d9c7b79, com.perfstore.dto.ProductDto$Response@7d85530, com.perfstore.dto.ProductDto$Response@bb96f8f]
2025-12-29 00:14:41.668 [http-nio-8080-exec-6] DEBUG com.perfstore.aspect.LoggingAspect - Exit: com.perfstore.controller.ProductController.getAllProducts() with result = <200 OK OK,[com.perfstore.dto.ProductDto$Response@6914f93, com.perfstore.dto.ProductDto$Response@3a93f751, com.perfstore.dto.ProductDto$Response@2d9c7b79, com.perfstore.dto.ProductDto$Response@7d85530, com.perfstore.dto.ProductDto$Response@bb96f8f],[]>
2025-12-29 00:14:41.675 [http-nio-8080-exec-8] DEBUG com.perfstore.aspect.LoggingAspect - Enter: com.perfstore.controller.CategoryController.getAllCategories() with argument[s] = []
2025-12-29 00:14:41.675 [http-nio-8080-exec-8] DEBUG com.perfstore.aspect.LoggingAspect - Enter: com.perfstore.service.CategoryService.getAllCategories() with argument[s] = []
2025-12-29 00:14:41.681 [http-nio-8080-exec-8] DEBUG com.perfstore.aspect.LoggingAspect - Exit: com.perfstore.service.CategoryService.getAllCategories() with result = [com.perfstore.dto.CategoryDto$Response@3a92ba0, com.perfstore.dto.CategoryDto$Response@2056231, com.perfstore.dto.CategoryDto$Response@45ee825, com.perfstore.dto.CategoryDto$Response@47a4155e]
2025-12-29 00:14:41.682 [http-nio-8080-exec-8] DEBUG com.perfstore.aspect.LoggingAspect - Exit: com.perfstore.controller.CategoryController.getAllCategories() with result = <200 OK OK,[com.perfstore.dto.CategoryDto$Response@3a92ba0, com.perfstore.dto.CategoryDto$Response@2056231, com.perfstore.dto.CategoryDto$Response@45ee825, com.perfstore.dto.CategoryDto$Response@47a4155e],[]>
2025-12-29 00:14:42.734 [http-nio-8080-exec-1] DEBUG com.perfstore.aspect.LoggingAspect - Enter: com.perfstore.controller.CategoryController.getAllCategories() with argument[s] = []
2025-12-29 00:14:42.734 [http-nio-8080-exec-1] DEBUG com.perfstore.aspect.LoggingAspect - Enter: com.perfstore.service.CategoryService.getAllCategories() with argument[s] = []
2025-12-29 00:14:42.739 [http-nio-8080-exec-1] DEBUG com.perfstore.aspect.LoggingAspect - Exit: com.perfstore.service.CategoryService.getAllCategories() with result = [com.perfstore.dto.CategoryDto$Response@3f38074f, com.perfstore.dto.CategoryDto$Response@23ee2491, com.perfstore.dto.CategoryDto$Response@bb8f33e, com.perfstore.dto.CategoryDto$Response@51bc7c7]
2025-12-29 00:14:42.739 [http-nio-8080-exec-1] DEBUG com.perfstore.aspect.LoggingAspect - Exit: com.perfstore.controller.CategoryController.getAllCategories() with result = <200 OK OK,[com.perfstore.dto.CategoryDto$Response@3f38074f, com.perfstore.dto.CategoryDto$Response@23ee2491, com.perfstore.dto.CategoryDto$Response@bb8f33e, com.perfstore.dto.CategoryDto$Response@51bc7c7],[]>
2025-12-29 00:14:42.752 [http-nio-8080-exec-10] DEBUG com.perfstore.aspect.LoggingAspect - Enter: com.perfstore.controller.CategoryController.getAllCategories() with argument[s] = []
2025-12-29 00:14:42.752 [http-nio-8080-exec-10] DEBUG com.perfstore.aspect.LoggingAspect - Enter: com.perfstore.service.CategoryService.getAllCategories() with argument[s] = []
2025-12-29 00:14:42.758 [http-nio-8080-exec-10] DEBUG com.perfstore.aspect.LoggingAspect - Exit: com.perfstore.service.CategoryService.getAllCategories() with result = [com.perfstore.dto.CategoryDto$Response@719a1ddd, com.perfstore.dto.CategoryDto$Response@45df9291, com.perfstore.dto.CategoryDto$Response@796820de, com.perfstore.dto.CategoryDto$Response@509bb17f]
2025-12-29 00:14:42.758 [http-nio-8080-exec-10] DEBUG com.perfstore.aspect.LoggingAspect - Exit: com.perfstore.controller.CategoryController.getAllCategories() with result = <200 OK OK,[com.perfstore.dto.CategoryDto$Response@719a1ddd, com.perfstore.dto.CategoryDto$Response@45df9291, com.perfstore.dto.CategoryDto$Response@796820de, com.perfstore.dto.CategoryDto$Response@509bb17f],[]>
2025-12-29 00:15:01.946 [scheduling-1] DEBUG com.perfstore.aspect.LoggingAspect - Enter: com.perfstore.service.OrderCleanupScheduler.cancelUnpaidOrders() with argument[s] = []
2025-12-29 00:15:01.949 [scheduling-1] DEBUG com.perfstore.aspect.LoggingAspect - Exit: com.perfstore.service.OrderCleanupScheduler.cancelUnpaidOrders() with result = null
2025-12-29 00:15:34.571 [http-nio-8080-exec-2] DEBUG com.perfstore.aspect.LoggingAspect - Enter: com.perfstore.controller.ProductController.getAllProducts() with argument[s] = []
2025-12-29 00:15:34.571 [http-nio-8080-exec-2] DEBUG com.perfstore.aspect.LoggingAspect - Enter: com.perfstore.service.ProductService.getAllProducts() with argument[s] = []
2025-12-29 00:15:34.583 [http-nio-8080-exec-2] DEBUG com.perfstore.aspect.LoggingAspect - Exit: com.perfstore.service.ProductService.getAllProducts() with result = [com.perfstore.dto.ProductDto$Response@573ad3d, com.perfstore.dto.ProductDto$Response@677d73b3, com.perfstore.dto.ProductDto$Response@5169472f, com.perfstore.dto.ProductDto$Response@23acdb86, com.perfstore.dto.ProductDto$Response@3b2e808b]
2025-12-29 00:15:34.583 [http-nio-8080-exec-2] DEBUG com.perfstore.aspect.LoggingAspect - Exit: com.perfstore.controller.ProductController.getAllProducts() with result = <200 OK OK,[com.perfstore.dto.ProductDto$Response@573ad3d, com.perfstore.dto.ProductDto$Response@677d73b3, com.perfstore.dto.ProductDto$Response@5169472f, com.perfstore.dto.ProductDto$Response@23acdb86, com.perfstore.dto.ProductDto$Response@3b2e808b],[]>
2025-12-29 00:15:34.591 [http-nio-8080-exec-3] DEBUG com.perfstore.aspect.LoggingAspect - Enter: com.perfstore.controller.CategoryController.getAllCategories() with argument[s] = []
2025-12-29 00:15:34.591 [http-nio-8080-exec-3] DEBUG com.perfstore.aspect.LoggingAspect - Enter: com.perfstore.service.CategoryService.getAllCategories() with argument[s] = []
2025-12-29 00:15:34.596 [http-nio-8080-exec-3] DEBUG com.perfstore.aspect.LoggingAspect - Exit: com.perfstore.service.CategoryService.getAllCategories() with result = [com.perfstore.dto.CategoryDto$Response@3e5c89b3, com.perfstore.dto.CategoryDto$Response@28ba7190, com.perfstore.dto.CategoryDto$Response@278f5764, com.perfstore.dto.CategoryDto$Response@7f089e6a]
2025-12-29 00:15:34.596 [http-nio-8080-exec-3] DEBUG com.perfstore.aspect.LoggingAspect - Exit: com.perfstore.controller.CategoryController.getAllCategories() with result = <200 OK OK,[com.perfstore.dto.CategoryDto$Response@3e5c89b3, com.perfstore.dto.CategoryDto$Response@28ba7190, com.perfstore.dto.CategoryDto$Response@278f5764, com.perfstore.dto.CategoryDto$Response@7f089e6a],[]>
2025-12-29 00:15:40.829 [http-nio-8080-exec-5] DEBUG com.perfstore.aspect.LoggingAspect - Enter: com.perfstore.controller.ProductController.getAllProducts() with argument[s] = []
2025-12-29 00:15:40.829 [http-nio-8080-exec-5] DEBUG com.perfstore.aspect.LoggingAspect - Enter: com.perfstore.service.ProductService.getAllProducts() with argument[s] = []
2025-12-29 00:15:40.841 [http-nio-8080-exec-5] DEBUG com.perfstore.aspect.LoggingAspect - Exit: com.perfstore.service.ProductService.getAllProducts() with result = [com.perfstore.dto.ProductDto$Response@745df187, com.perfstore.dto.ProductDto$Response@e3f1daf, com.perfstore.dto.ProductDto$Response@3bd8c5, com.perfstore.dto.ProductDto$Response@1bfb2a3d, com.perfstore.dto.ProductDto$Response@b1210c]
2025-12-29 00:15:40.842 [http-nio-8080-exec-5] DEBUG com.perfstore.aspect.LoggingAspect - Exit: com.perfstore.controller.ProductController.getAllProducts() with result = <200 OK OK,[com.perfstore.dto.ProductDto$Response@745df187, com.perfstore.dto.ProductDto$Response@e3f1daf, com.perfstore.dto.ProductDto$Response@3bd8c5, com.perfstore.dto.ProductDto$Response@1bfb2a3d, com.perfstore.dto.ProductDto$Response@b1210c],[]>
2025-12-29 00:16:01.955 [scheduling-1] DEBUG com.perfstore.aspect.LoggingAspect - Enter: com.perfstore.service.OrderCleanupScheduler.cancelUnpaidOrders() with argument[s] = []
2025-12-29 00:16:01.963 [scheduling-1] DEBUG com.perfstore.aspect.LoggingAspect - Exit: com.perfstore.service.OrderCleanupScheduler.cancelUnpaidOrders() with result = null
2025-12-29 00:17:01.958 [scheduling-1] DEBUG com.perfstore.aspect.LoggingAspect - Enter: com.perfstore.service.OrderCleanupScheduler.cancelUnpaidOrders() with argument[s] = []
2025-12-29 00:17:01.962 [scheduling-1] DEBUG com.perfstore.aspect.LoggingAspect - Exit: com.perfstore.service.OrderCleanupScheduler.cancelUnpaidOrders() with result = null
2025-12-29 00:18:01.955 [scheduling-1] DEBUG com.perfstore.aspect.LoggingAspect - Enter: com.perfstore.service.OrderCleanupScheduler.cancelUnpaidOrders() with argument[s] = []
2025-12-29 00:18:01.958 [scheduling-1] DEBUG com.perfstore.aspect.LoggingAspect - Exit: com.perfstore.service.OrderCleanupScheduler.cancelUnpaidOrders() with result = null
2025-12-29 00:18:52.226 [main] INFO  com.perfstore.PerfstoreApplication - Starting PerfstoreApplication using Java 21.0.9 with PID 19924 (C:\Users\Oğuzhan\Desktop\perfstore-main\target\classes started by Oğuzhan in C:\Users\Oğuzhan\Desktop\perfstore-main)
2025-12-29 00:18:52.227 [main] DEBUG com.perfstore.PerfstoreApplication - Running with Spring Boot v3.2.0, Spring v6.1.1
2025-12-29 00:18:52.228 [main] INFO  com.perfstore.PerfstoreApplication - No active profile set, falling back to 1 default profile: "default"
2025-12-29 00:18:52.600 [main] INFO  o.s.d.r.c.RepositoryConfigurationDelegate - Bootstrapping Spring Data JPA repositories in DEFAULT mode.
2025-12-29 00:18:52.642 [main] INFO  o.s.d.r.c.RepositoryConfigurationDelegate - Finished Spring Data repository scanning in 37 ms. Found 8 JPA repository interfaces.
2025-12-29 00:18:53.000 [main] INFO  o.s.b.w.e.tomcat.TomcatWebServer - Tomcat initialized with port 8080 (http)
2025-12-29 00:18:53.010 [main] INFO  o.a.catalina.core.StandardService - Starting service [Tomcat]
2025-12-29 00:18:53.010 [main] INFO  o.a.catalina.core.StandardEngine - Starting Servlet engine: [Apache Tomcat/10.1.16]
2025-12-29 00:18:53.044 [main] INFO  o.a.c.c.C.[Tomcat].[localhost].[/] - Initializing Spring embedded WebApplicationContext
2025-12-29 00:18:53.044 [main] INFO  o.s.b.w.s.c.ServletWebServerApplicationContext - Root WebApplicationContext: initialization completed in 794 ms
2025-12-29 00:18:53.116 [main] INFO  o.h.jpa.internal.util.LogHelper - HHH000204: Processing PersistenceUnitInfo [name: default]
2025-12-29 00:18:53.146 [main] INFO  org.hibernate.Version - HHH000412: Hibernate ORM core version 6.3.1.Final
2025-12-29 00:18:53.177 [main] INFO  o.h.c.i.RegionFactoryInitiator - HHH000026: Second-level cache disabled
2025-12-29 00:18:53.298 [main] INFO  o.s.o.j.p.SpringPersistenceUnitInfo - No LoadTimeWeaver setup: ignoring JPA class transformer
2025-12-29 00:18:53.315 [main] INFO  com.zaxxer.hikari.HikariDataSource - HikariPool-1 - Starting...
2025-12-29 00:18:53.419 [main] INFO  com.zaxxer.hikari.pool.HikariPool - HikariPool-1 - Added connection com.mysql.cj.jdbc.ConnectionImpl@b32e983
2025-12-29 00:18:53.421 [main] INFO  com.zaxxer.hikari.HikariDataSource - HikariPool-1 - Start completed.
2025-12-29 00:18:53.456 [main] WARN  org.hibernate.orm.deprecation - HHH90000025: MySQLDialect does not need to be specified explicitly using 'hibernate.dialect' (remove the property setting and it will be selected by default)
2025-12-29 00:18:54.041 [main] INFO  o.h.e.t.j.p.i.JtaPlatformInitiator - HHH000489: No JTA platform available (set 'hibernate.transaction.jta.platform' to enable JTA platform integration)
2025-12-29 00:18:54.107 [main] INFO  o.s.o.j.LocalContainerEntityManagerFactoryBean - Initialized JPA EntityManagerFactory for persistence unit 'default'
2025-12-29 00:18:54.338 [main] DEBUG c.p.config.TokenAuthenticationFilter - Filter 'tokenAuthenticationFilter' configured for use
2025-12-29 00:18:54.474 [main] INFO  o.s.d.j.r.query.QueryEnhancerFactory - Hibernate is in classpath; If applicable, HQL parser will be used.
2025-12-29 00:18:54.742 [main] WARN  o.s.b.a.o.j.JpaBaseConfiguration$JpaWebConfiguration - spring.jpa.open-in-view is enabled by default. Therefore, database queries may be performed during view rendering. Explicitly configure spring.jpa.open-in-view to disable this warning
2025-12-29 00:18:54.753 [main] WARN  o.s.b.a.s.s.UserDetailsServiceAutoConfiguration - 

Using generated security password: 9694e982-504f-4172-af80-dd82af3dafd5

This generated password is for development use only. Your security configuration must be updated before running your application in production.

2025-12-29 00:18:54.808 [main] INFO  o.s.b.a.w.s.WelcomePageHandlerMapping - Adding welcome page: class path resource [static/index.html]
2025-12-29 00:18:54.901 [main] INFO  o.s.s.web.DefaultSecurityFilterChain - Will secure any request with [org.springframework.security.web.session.DisableEncodeUrlFilter@79beb8a0, org.springframework.security.web.context.request.async.WebAsyncManagerIntegrationFilter@b6a20ce, org.springframework.security.web.context.SecurityContextHolderFilter@55ed76e6, org.springframework.security.web.header.HeaderWriterFilter@4afdcdf6, org.springframework.web.filter.CorsFilter@79296ce0, org.springframework.security.web.authentication.logout.LogoutFilter@4d20d8e6, com.perfstore.config.TokenAuthenticationFilter@4246f904, org.springframework.security.web.savedrequest.RequestCacheAwareFilter@34949460, org.springframework.security.web.servletapi.SecurityContextHolderAwareRequestFilter@1aac520e, org.springframework.security.web.authentication.AnonymousAuthenticationFilter@19c28c97, org.springframework.security.web.session.SessionManagementFilter@48028e11, org.springframework.security.web.access.ExceptionTranslationFilter@547d3e8e, org.springframework.security.web.access.intercept.AuthorizationFilter@1dade178]
2025-12-29 00:18:55.028 [main] INFO  o.s.b.w.e.tomcat.TomcatWebServer - Tomcat started on port 8080 (http) with context path ''
2025-12-29 00:18:55.036 [main] INFO  com.perfstore.PerfstoreApplication - Started PerfstoreApplication in 3.104 seconds (process running for 3.339)
2025-12-29 00:18:55.046 [scheduling-1] DEBUG com.perfstore.aspect.LoggingAspect - Enter: com.perfstore.service.OrderCleanupScheduler.cancelUnpaidOrders() with argument[s] = []
2025-12-29 00:18:55.091 [scheduling-1] DEBUG com.perfstore.aspect.LoggingAspect - Exit: com.perfstore.service.OrderCleanupScheduler.cancelUnpaidOrders() with result = null
2025-12-29 00:19:00.099 [http-nio-8080-exec-2] INFO  o.a.c.c.C.[Tomcat].[localhost].[/] - Initializing Spring DispatcherServlet 'dispatcherServlet'
2025-12-29 00:19:00.099 [http-nio-8080-exec-2] INFO  o.s.web.servlet.DispatcherServlet - Initializing Servlet 'dispatcherServlet'
2025-12-29 00:19:00.101 [http-nio-8080-exec-2] INFO  o.s.web.servlet.DispatcherServlet - Completed initialization in 1 ms
2025-12-29 00:19:00.124 [http-nio-8080-exec-2] WARN  o.s.w.s.h.HandlerMappingIntrospector - Cache miss for REQUEST dispatch to '/api/products' (previous null). Performing MatchableHandlerMapping lookup. This is logged once only at WARN level, and every time at TRACE.
2025-12-29 00:19:00.142 [http-nio-8080-exec-1] DEBUG com.perfstore.aspect.LoggingAspect - Enter: com.perfstore.controller.ProductController.getAllProducts() with argument[s] = []
2025-12-29 00:19:00.142 [http-nio-8080-exec-2] DEBUG com.perfstore.aspect.LoggingAspect - Enter: com.perfstore.controller.ProductController.getAllProducts() with argument[s] = []
2025-12-29 00:19:00.142 [http-nio-8080-exec-1] DEBUG com.perfstore.aspect.LoggingAspect - Enter: com.perfstore.service.ProductService.getAllProducts() with argument[s] = []
2025-12-29 00:19:00.142 [http-nio-8080-exec-2] DEBUG com.perfstore.aspect.LoggingAspect - Enter: com.perfstore.service.ProductService.getAllProducts() with argument[s] = []
2025-12-29 00:19:00.164 [http-nio-8080-exec-1] DEBUG com.perfstore.aspect.LoggingAspect - Exit: com.perfstore.service.ProductService.getAllProducts() with result = [com.perfstore.dto.ProductDto$Response@4e3adabb, com.perfstore.dto.ProductDto$Response@48b2a478, com.perfstore.dto.ProductDto$Response@3fd1a777, com.perfstore.dto.ProductDto$Response@69fa37d9, com.perfstore.dto.ProductDto$Response@718dc75f]
2025-12-29 00:19:00.164 [http-nio-8080-exec-2] DEBUG com.perfstore.aspect.LoggingAspect - Exit: com.perfstore.service.ProductService.getAllProducts() with result = [com.perfstore.dto.ProductDto$Response@3a56e821, com.perfstore.dto.ProductDto$Response@395f365e, com.perfstore.dto.ProductDto$Response@1a92ff13, com.perfstore.dto.ProductDto$Response@1519e3df, com.perfstore.dto.ProductDto$Response@188306bd]
2025-12-29 00:19:00.166 [http-nio-8080-exec-2] DEBUG com.perfstore.aspect.LoggingAspect - Exit: com.perfstore.controller.ProductController.getAllProducts() with result = <200 OK OK,[com.perfstore.dto.ProductDto$Response@3a56e821, com.perfstore.dto.ProductDto$Response@395f365e, com.perfstore.dto.ProductDto$Response@1a92ff13, com.perfstore.dto.ProductDto$Response@1519e3df, com.perfstore.dto.ProductDto$Response@188306bd],[]>
2025-12-29 00:19:00.166 [http-nio-8080-exec-1] DEBUG com.perfstore.aspect.LoggingAspect - Exit: com.perfstore.controller.ProductController.getAllProducts() with result = <200 OK OK,[com.perfstore.dto.ProductDto$Response@4e3adabb, com.perfstore.dto.ProductDto$Response@48b2a478, com.perfstore.dto.ProductDto$Response@3fd1a777, com.perfstore.dto.ProductDto$Response@69fa37d9, com.perfstore.dto.ProductDto$Response@718dc75f],[]>
2025-12-29 00:19:01.655 [http-nio-8080-exec-5] DEBUG com.perfstore.aspect.LoggingAspect - Enter: com.perfstore.controller.ProductController.getAllProducts() with argument[s] = []
2025-12-29 00:19:01.655 [http-nio-8080-exec-5] DEBUG com.perfstore.aspect.LoggingAspect - Enter: com.perfstore.service.ProductService.getAllProducts() with argument[s] = []
2025-12-29 00:19:01.670 [http-nio-8080-exec-5] DEBUG com.perfstore.aspect.LoggingAspect - Exit: com.perfstore.service.ProductService.getAllProducts() with result = [com.perfstore.dto.ProductDto$Response@29c9830a, com.perfstore.dto.ProductDto$Response@1b282dc7, com.perfstore.dto.ProductDto$Response@68770a64, com.perfstore.dto.ProductDto$Response@2d1cd5f8, com.perfstore.dto.ProductDto$Response@48a8c282]
2025-12-29 00:19:01.671 [http-nio-8080-exec-5] DEBUG com.perfstore.aspect.LoggingAspect - Exit: com.perfstore.controller.ProductController.getAllProducts() with result = <200 OK OK,[com.perfstore.dto.ProductDto$Response@29c9830a, com.perfstore.dto.ProductDto$Response@1b282dc7, com.perfstore.dto.ProductDto$Response@68770a64, com.perfstore.dto.ProductDto$Response@2d1cd5f8, com.perfstore.dto.ProductDto$Response@48a8c282],[]>
2025-12-29 00:19:02.736 [http-nio-8080-exec-3] DEBUG com.perfstore.aspect.LoggingAspect - Enter: com.perfstore.controller.ProductController.getProduct() with argument[s] = [16d04933-a592-4850-9f41-d19dc91e0754]
2025-12-29 00:19:02.736 [http-nio-8080-exec-6] DEBUG com.perfstore.aspect.LoggingAspect - Enter: com.perfstore.controller.ProductController.getProduct() with argument[s] = [16d04933-a592-4850-9f41-d19dc91e0754]
2025-12-29 00:19:02.737 [http-nio-8080-exec-3] DEBUG com.perfstore.aspect.LoggingAspect - Enter: com.perfstore.service.ProductService.getProduct() with argument[s] = [16d04933-a592-4850-9f41-d19dc91e0754]
2025-12-29 00:19:02.737 [http-nio-8080-exec-6] DEBUG com.perfstore.aspect.LoggingAspect - Enter: com.perfstore.service.ProductService.getProduct() with argument[s] = [16d04933-a592-4850-9f41-d19dc91e0754]
2025-12-29 00:19:02.747 [http-nio-8080-exec-3] DEBUG com.perfstore.aspect.LoggingAspect - Exit: com.perfstore.service.ProductService.getProduct() with result = com.perfstore.dto.ProductDto$Response@5d9a2532
2025-12-29 00:19:02.747 [http-nio-8080-exec-6] DEBUG com.perfstore.aspect.LoggingAspect - Exit: com.perfstore.service.ProductService.getProduct() with result = com.perfstore.dto.ProductDto$Response@85bc716
2025-12-29 00:19:02.748 [http-nio-8080-exec-3] DEBUG com.perfstore.aspect.LoggingAspect - Exit: com.perfstore.controller.ProductController.getProduct() with result = <200 OK OK,com.perfstore.dto.ProductDto$Response@5d9a2532,[]>
2025-12-29 00:19:02.748 [http-nio-8080-exec-6] DEBUG com.perfstore.aspect.LoggingAspect - Exit: com.perfstore.controller.ProductController.getProduct() with result = <200 OK OK,com.perfstore.dto.ProductDto$Response@85bc716,[]>
2025-12-29 00:19:12.190 [http-nio-8080-exec-7] DEBUG com.perfstore.aspect.LoggingAspect - Enter: com.perfstore.controller.ProductController.updateProductMultipart() with argument[s] = [16d04933-a592-4850-9f41-d19dc91e0754, com.perfstore.dto.ProductDto$UpdateRequest@36f3ad49, org.springframework.web.multipart.support.StandardMultipartHttpServletRequest$StandardMultipartFile@2f2d8b33]
2025-12-29 00:19:12.190 [http-nio-8080-exec-7] DEBUG com.perfstore.aspect.LoggingAspect - Enter: com.perfstore.service.FileStorageService.saveFile() with argument[s] = [org.springframework.web.multipart.support.StandardMultipartHttpServletRequest$StandardMultipartFile@2f2d8b33]
2025-12-29 00:19:13.553 [http-nio-8080-exec-7] DEBUG com.perfstore.aspect.LoggingAspect - Exit: com.perfstore.service.FileStorageService.saveFile() with result = https://res.cloudinary.com/dndh6pkxm/image/upload/v1766956754/hm0mqewhwvvugmdlqoak.jpg
2025-12-29 00:19:13.553 [http-nio-8080-exec-7] DEBUG com.perfstore.aspect.LoggingAspect - Enter: com.perfstore.service.ProductService.updateProduct() with argument[s] = [16d04933-a592-4850-9f41-d19dc91e0754, com.perfstore.dto.ProductDto$UpdateRequest@36f3ad49]
2025-12-29 00:19:13.604 [http-nio-8080-exec-7] DEBUG com.perfstore.aspect.LoggingAspect - Exit: com.perfstore.service.ProductService.updateProduct() with result = com.perfstore.dto.ProductDto$Response@78bcb91f
2025-12-29 00:19:13.604 [http-nio-8080-exec-7] DEBUG com.perfstore.aspect.LoggingAspect - Exit: com.perfstore.controller.ProductController.updateProductMultipart() with result = <200 OK OK,com.perfstore.dto.ProductDto$Response@78bcb91f,[]>
2025-12-29 00:19:14.604 [http-nio-8080-exec-8] DEBUG com.perfstore.aspect.LoggingAspect - Enter: com.perfstore.controller.ProductController.getAllProducts() with argument[s] = []
2025-12-29 00:19:14.604 [http-nio-8080-exec-8] DEBUG com.perfstore.aspect.LoggingAspect - Enter: com.perfstore.service.ProductService.getAllProducts() with argument[s] = []
2025-12-29 00:19:14.605 [http-nio-8080-exec-9] DEBUG com.perfstore.aspect.LoggingAspect - Enter: com.perfstore.controller.ProductController.getAllProducts() with argument[s] = []
2025-12-29 00:19:14.606 [http-nio-8080-exec-9] DEBUG com.perfstore.aspect.LoggingAspect - Enter: com.perfstore.service.ProductService.getAllProducts() with argument[s] = []
2025-12-29 00:19:14.616 [http-nio-8080-exec-8] DEBUG com.perfstore.aspect.LoggingAspect - Exit: com.perfstore.service.ProductService.getAllProducts() with result = [com.perfstore.dto.ProductDto$Response@3999720, com.perfstore.dto.ProductDto$Response@2881ed54, com.perfstore.dto.ProductDto$Response@22551baf, com.perfstore.dto.ProductDto$Response@3d09d057, com.perfstore.dto.ProductDto$Response@72e66041]
2025-12-29 00:19:14.616 [http-nio-8080-exec-9] DEBUG com.perfstore.aspect.LoggingAspect - Exit: com.perfstore.service.ProductService.getAllProducts() with result = [com.perfstore.dto.ProductDto$Response@4cee987e, com.perfstore.dto.ProductDto$Response@77a00c1, com.perfstore.dto.ProductDto$Response@2b5a6dca, com.perfstore.dto.ProductDto$Response@155b1678, com.perfstore.dto.ProductDto$Response@2d4e51c5]
2025-12-29 00:19:14.616 [http-nio-8080-exec-9] DEBUG com.perfstore.aspect.LoggingAspect - Exit: com.perfstore.controller.ProductController.getAllProducts() with result = <200 OK OK,[com.perfstore.dto.ProductDto$Response@4cee987e, com.perfstore.dto.ProductDto$Response@77a00c1, com.perfstore.dto.ProductDto$Response@2b5a6dca, com.perfstore.dto.ProductDto$Response@155b1678, com.perfstore.dto.ProductDto$Response@2d4e51c5],[]>
2025-12-29 00:19:14.616 [http-nio-8080-exec-8] DEBUG com.perfstore.aspect.LoggingAspect - Exit: com.perfstore.controller.ProductController.getAllProducts() with result = <200 OK OK,[com.perfstore.dto.ProductDto$Response@3999720, com.perfstore.dto.ProductDto$Response@2881ed54, com.perfstore.dto.ProductDto$Response@22551baf, com.perfstore.dto.ProductDto$Response@3d09d057, com.perfstore.dto.ProductDto$Response@72e66041],[]>
2025-12-29 00:19:18.653 [http-nio-8080-exec-10] DEBUG com.perfstore.aspect.LoggingAspect - Enter: com.perfstore.controller.ProductController.getAllProducts() with argument[s] = []
2025-12-29 00:19:18.653 [http-nio-8080-exec-10] DEBUG com.perfstore.aspect.LoggingAspect - Enter: com.perfstore.service.ProductService.getAllProducts() with argument[s] = []
2025-12-29 00:19:18.665 [http-nio-8080-exec-10] DEBUG com.perfstore.aspect.LoggingAspect - Exit: com.perfstore.service.ProductService.getAllProducts() with result = [com.perfstore.dto.ProductDto$Response@3a8f3bbd, com.perfstore.dto.ProductDto$Response@35c4289e, com.perfstore.dto.ProductDto$Response@72567a0b, com.perfstore.dto.ProductDto$Response@5861f19e, com.perfstore.dto.ProductDto$Response@1bf06bfc]
2025-12-29 00:19:18.665 [http-nio-8080-exec-10] DEBUG com.perfstore.aspect.LoggingAspect - Exit: com.perfstore.controller.ProductController.getAllProducts() with result = <200 OK OK,[com.perfstore.dto.ProductDto$Response@3a8f3bbd, com.perfstore.dto.ProductDto$Response@35c4289e, com.perfstore.dto.ProductDto$Response@72567a0b, com.perfstore.dto.ProductDto$Response@5861f19e, com.perfstore.dto.ProductDto$Response@1bf06bfc],[]>
2025-12-29 00:19:18.673 [http-nio-8080-exec-2] DEBUG com.perfstore.aspect.LoggingAspect - Enter: com.perfstore.controller.CategoryController.getAllCategories() with argument[s] = []
2025-12-29 00:19:18.673 [http-nio-8080-exec-2] DEBUG com.perfstore.aspect.LoggingAspect - Enter: com.perfstore.service.CategoryService.getAllCategories() with argument[s] = []
2025-12-29 00:19:18.681 [http-nio-8080-exec-2] DEBUG com.perfstore.aspect.LoggingAspect - Exit: com.perfstore.service.CategoryService.getAllCategories() with result = [com.perfstore.dto.CategoryDto$Response@3e954336, com.perfstore.dto.CategoryDto$Response@3461d09c, com.perfstore.dto.CategoryDto$Response@5760aec6, com.perfstore.dto.CategoryDto$Response@52df1e71]
2025-12-29 00:19:18.681 [http-nio-8080-exec-2] DEBUG com.perfstore.aspect.LoggingAspect - Exit: com.perfstore.controller.CategoryController.getAllCategories() with result = <200 OK OK,[com.perfstore.dto.CategoryDto$Response@3e954336, com.perfstore.dto.CategoryDto$Response@3461d09c, com.perfstore.dto.CategoryDto$Response@5760aec6, com.perfstore.dto.CategoryDto$Response@52df1e71],[]>
2025-12-29 00:19:55.039 [scheduling-1] DEBUG com.perfstore.aspect.LoggingAspect - Enter: com.perfstore.service.OrderCleanupScheduler.cancelUnpaidOrders() with argument[s] = []
2025-12-29 00:19:55.044 [scheduling-1] DEBUG com.perfstore.aspect.LoggingAspect - Exit: com.perfstore.service.OrderCleanupScheduler.cancelUnpaidOrders() with result = null
2025-12-29 00:20:46.809 [http-nio-8080-exec-4] DEBUG com.perfstore.aspect.LoggingAspect - Enter: com.perfstore.controller.OrderController.createOrder() with argument[s] = [com.perfstore.dto.OrderDto$CreateRequest@5da20718, UsernamePasswordAuthenticationToken [Principal=org.springframework.security.core.userdetails.User [Username=test, Password=[PROTECTED], Enabled=true, AccountNonExpired=true, CredentialsNonExpired=true, AccountNonLocked=true, Granted Authorities=[]], Credentials=[PROTECTED], Authenticated=true, Details=null, Granted Authorities=[]]]
2025-12-29 00:20:46.811 [http-nio-8080-exec-4] DEBUG com.perfstore.aspect.LoggingAspect - Enter: com.perfstore.service.OrderService.createOrder() with argument[s] = [test, com.perfstore.dto.OrderDto$CreateRequest@5da20718]
2025-12-29 00:20:46.845 [http-nio-8080-exec-4] DEBUG com.perfstore.aspect.LoggingAspect - Exit: com.perfstore.service.OrderService.createOrder() with result = com.perfstore.dto.OrderDto$Response@2b715ee
2025-12-29 00:20:46.866 [http-nio-8080-exec-4] DEBUG com.perfstore.aspect.LoggingAspect - Exit: com.perfstore.controller.OrderController.createOrder() with result = <200 OK OK,com.perfstore.dto.OrderDto$Response@2b715ee,[]>
2025-12-29 00:20:47.889 [http-nio-8080-exec-7] DEBUG com.perfstore.aspect.LoggingAspect - Enter: com.perfstore.controller.ProductController.getAllProducts() with argument[s] = []
2025-12-29 00:20:47.889 [http-nio-8080-exec-7] DEBUG com.perfstore.aspect.LoggingAspect - Enter: com.perfstore.service.ProductService.getAllProducts() with argument[s] = []
2025-12-29 00:20:47.901 [http-nio-8080-exec-7] DEBUG com.perfstore.aspect.LoggingAspect - Exit: com.perfstore.service.ProductService.getAllProducts() with result = [com.perfstore.dto.ProductDto$Response@109e4bf1, com.perfstore.dto.ProductDto$Response@19b45f3b, com.perfstore.dto.ProductDto$Response@1e4a3656, com.perfstore.dto.ProductDto$Response@13694575, com.perfstore.dto.ProductDto$Response@714a452a]
2025-12-29 00:20:47.901 [http-nio-8080-exec-7] DEBUG com.perfstore.aspect.LoggingAspect - Exit: com.perfstore.controller.ProductController.getAllProducts() with result = <200 OK OK,[com.perfstore.dto.ProductDto$Response@109e4bf1, com.perfstore.dto.ProductDto$Response@19b45f3b, com.perfstore.dto.ProductDto$Response@1e4a3656, com.perfstore.dto.ProductDto$Response@13694575, com.perfstore.dto.ProductDto$Response@714a452a],[]>
2025-12-29 00:20:47.909 [http-nio-8080-exec-8] DEBUG com.perfstore.aspect.LoggingAspect - Enter: com.perfstore.controller.CategoryController.getAllCategories() with argument[s] = []
2025-12-29 00:20:47.909 [http-nio-8080-exec-8] DEBUG com.perfstore.aspect.LoggingAspect - Enter: com.perfstore.service.CategoryService.getAllCategories() with argument[s] = []
2025-12-29 00:20:47.916 [http-nio-8080-exec-8] DEBUG com.perfstore.aspect.LoggingAspect - Exit: com.perfstore.service.CategoryService.getAllCategories() with result = [com.perfstore.dto.CategoryDto$Response@3b83387d, com.perfstore.dto.CategoryDto$Response@5c1c41c3, com.perfstore.dto.CategoryDto$Response@1ccadc38, com.perfstore.dto.CategoryDto$Response@58c41bf4]
2025-12-29 00:20:47.917 [http-nio-8080-exec-8] DEBUG com.perfstore.aspect.LoggingAspect - Exit: com.perfstore.controller.CategoryController.getAllCategories() with result = <200 OK OK,[com.perfstore.dto.CategoryDto$Response@3b83387d, com.perfstore.dto.CategoryDto$Response@5c1c41c3, com.perfstore.dto.CategoryDto$Response@1ccadc38, com.perfstore.dto.CategoryDto$Response@58c41bf4],[]>
2025-12-29 00:20:49.034 [http-nio-8080-exec-9] DEBUG com.perfstore.aspect.LoggingAspect - Enter: com.perfstore.controller.OrderController.getMyOrders() with argument[s] = [UsernamePasswordAuthenticationToken [Principal=org.springframework.security.core.userdetails.User [Username=test, Password=[PROTECTED], Enabled=true, AccountNonExpired=true, CredentialsNonExpired=true, AccountNonLocked=true, Granted Authorities=[]], Credentials=[PROTECTED], Authenticated=true, Details=null, Granted Authorities=[]]]
2025-12-29 00:20:49.034 [http-nio-8080-exec-9] DEBUG com.perfstore.aspect.LoggingAspect - Enter: com.perfstore.service.OrderService.getUserOrders() with argument[s] = [test]
2025-12-29 00:20:49.049 [http-nio-8080-exec-9] DEBUG com.perfstore.aspect.LoggingAspect - Exit: com.perfstore.service.OrderService.getUserOrders() with result = [com.perfstore.dto.OrderDto$Response@18fd2dd5]
2025-12-29 00:20:49.049 [http-nio-8080-exec-9] DEBUG com.perfstore.aspect.LoggingAspect - Exit: com.perfstore.controller.OrderController.getMyOrders() with result = <200 OK OK,[com.perfstore.dto.OrderDto$Response@18fd2dd5],[]>
2025-12-29 00:20:49.065 [http-nio-8080-exec-10] DEBUG com.perfstore.aspect.LoggingAspect - Enter: com.perfstore.controller.OrderController.getMyOrders() with argument[s] = [UsernamePasswordAuthenticationToken [Principal=org.springframework.security.core.userdetails.User [Username=test, Password=[PROTECTED], Enabled=true, AccountNonExpired=true, CredentialsNonExpired=true, AccountNonLocked=true, Granted Authorities=[]], Credentials=[PROTECTED], Authenticated=true, Details=null, Granted Authorities=[]]]
2025-12-29 00:20:49.065 [http-nio-8080-exec-10] DEBUG com.perfstore.aspect.LoggingAspect - Enter: com.perfstore.service.OrderService.getUserOrders() with argument[s] = [test]
2025-12-29 00:20:49.073 [http-nio-8080-exec-10] DEBUG com.perfstore.aspect.LoggingAspect - Exit: com.perfstore.service.OrderService.getUserOrders() with result = [com.perfstore.dto.OrderDto$Response@53c171c7]
2025-12-29 00:20:49.074 [http-nio-8080-exec-10] DEBUG com.perfstore.aspect.LoggingAspect - Exit: com.perfstore.controller.OrderController.getMyOrders() with result = <200 OK OK,[com.perfstore.dto.OrderDto$Response@53c171c7],[]>
2025-12-29 00:20:55.040 [scheduling-1] DEBUG com.perfstore.aspect.LoggingAspect - Enter: com.perfstore.service.OrderCleanupScheduler.cancelUnpaidOrders() with argument[s] = []
2025-12-29 00:20:55.044 [scheduling-1] DEBUG com.perfstore.aspect.LoggingAspect - Exit: com.perfstore.service.OrderCleanupScheduler.cancelUnpaidOrders() with result = null
2025-12-29 00:20:58.606 [http-nio-8080-exec-2] DEBUG com.perfstore.aspect.LoggingAspect - Enter: com.perfstore.controller.OrderController.getMyOrders() with argument[s] = [UsernamePasswordAuthenticationToken [Principal=org.springframework.security.core.userdetails.User [Username=test, Password=[PROTECTED], Enabled=true, AccountNonExpired=true, CredentialsNonExpired=true, AccountNonLocked=true, Granted Authorities=[]], Credentials=[PROTECTED], Authenticated=true, Details=null, Granted Authorities=[]]]
2025-12-29 00:20:58.607 [http-nio-8080-exec-2] DEBUG com.perfstore.aspect.LoggingAspect - Enter: com.perfstore.service.OrderService.getUserOrders() with argument[s] = [test]
2025-12-29 00:20:58.615 [http-nio-8080-exec-2] DEBUG com.perfstore.aspect.LoggingAspect - Exit: com.perfstore.service.OrderService.getUserOrders() with result = [com.perfstore.dto.OrderDto$Response@334e3830]
2025-12-29 00:20:58.615 [http-nio-8080-exec-2] DEBUG com.perfstore.aspect.LoggingAspect - Exit: com.perfstore.controller.OrderController.getMyOrders() with result = <200 OK OK,[com.perfstore.dto.OrderDto$Response@334e3830],[]>
2025-12-29 00:20:58.631 [http-nio-8080-exec-5] DEBUG com.perfstore.aspect.LoggingAspect - Enter: com.perfstore.controller.OrderController.getMyOrders() with argument[s] = [UsernamePasswordAuthenticationToken [Principal=org.springframework.security.core.userdetails.User [Username=test, Password=[PROTECTED], Enabled=true, AccountNonExpired=true, CredentialsNonExpired=true, AccountNonLocked=true, Granted Authorities=[]], Credentials=[PROTECTED], Authenticated=true, Details=null, Granted Authorities=[]]]
2025-12-29 00:20:58.631 [http-nio-8080-exec-5] DEBUG com.perfstore.aspect.LoggingAspect - Enter: com.perfstore.service.OrderService.getUserOrders() with argument[s] = [test]
2025-12-29 00:20:58.640 [http-nio-8080-exec-5] DEBUG com.perfstore.aspect.LoggingAspect - Exit: com.perfstore.service.OrderService.getUserOrders() with result = [com.perfstore.dto.OrderDto$Response@235bf0c6]
2025-12-29 00:20:58.640 [http-nio-8080-exec-5] DEBUG com.perfstore.aspect.LoggingAspect - Exit: com.perfstore.controller.OrderController.getMyOrders() with result = <200 OK OK,[com.perfstore.dto.OrderDto$Response@235bf0c6],[]>
2025-12-29 00:20:59.457 [http-nio-8080-exec-1] DEBUG com.perfstore.aspect.LoggingAspect - Enter: com.perfstore.controller.ProductController.getAllProducts() with argument[s] = []
2025-12-29 00:20:59.457 [http-nio-8080-exec-1] DEBUG com.perfstore.aspect.LoggingAspect - Enter: com.perfstore.service.ProductService.getAllProducts() with argument[s] = []
2025-12-29 00:20:59.468 [http-nio-8080-exec-1] DEBUG com.perfstore.aspect.LoggingAspect - Exit: com.perfstore.service.ProductService.getAllProducts() with result = [com.perfstore.dto.ProductDto$Response@2bb1f20a, com.perfstore.dto.ProductDto$Response@40babbf2, com.perfstore.dto.ProductDto$Response@5ab3250e, com.perfstore.dto.ProductDto$Response@1dc7580c, com.perfstore.dto.ProductDto$Response@39c2d81c]
2025-12-29 00:20:59.468 [http-nio-8080-exec-1] DEBUG com.perfstore.aspect.LoggingAspect - Exit: com.perfstore.controller.ProductController.getAllProducts() with result = <200 OK OK,[com.perfstore.dto.ProductDto$Response@2bb1f20a, com.perfstore.dto.ProductDto$Response@40babbf2, com.perfstore.dto.ProductDto$Response@5ab3250e, com.perfstore.dto.ProductDto$Response@1dc7580c, com.perfstore.dto.ProductDto$Response@39c2d81c],[]>
2025-12-29 00:20:59.475 [http-nio-8080-exec-6] DEBUG com.perfstore.aspect.LoggingAspect - Enter: com.perfstore.controller.CategoryController.getAllCategories() with argument[s] = []
2025-12-29 00:20:59.475 [http-nio-8080-exec-6] DEBUG com.perfstore.aspect.LoggingAspect - Enter: com.perfstore.service.CategoryService.getAllCategories() with argument[s] = []
2025-12-29 00:20:59.480 [http-nio-8080-exec-6] DEBUG com.perfstore.aspect.LoggingAspect - Exit: com.perfstore.service.CategoryService.getAllCategories() with result = [com.perfstore.dto.CategoryDto$Response@2acdcb9c, com.perfstore.dto.CategoryDto$Response@4d96fd46, com.perfstore.dto.CategoryDto$Response@76c1d358, com.perfstore.dto.CategoryDto$Response@58c054e8]
2025-12-29 00:20:59.480 [http-nio-8080-exec-6] DEBUG com.perfstore.aspect.LoggingAspect - Exit: com.perfstore.controller.CategoryController.getAllCategories() with result = <200 OK OK,[com.perfstore.dto.CategoryDto$Response@2acdcb9c, com.perfstore.dto.CategoryDto$Response@4d96fd46, com.perfstore.dto.CategoryDto$Response@76c1d358, com.perfstore.dto.CategoryDto$Response@58c054e8],[]>
2025-12-29 00:21:55.050 [scheduling-1] DEBUG com.perfstore.aspect.LoggingAspect - Enter: com.perfstore.service.OrderCleanupScheduler.cancelUnpaidOrders() with argument[s] = []
2025-12-29 00:21:55.054 [scheduling-1] DEBUG com.perfstore.aspect.LoggingAspect - Exit: com.perfstore.service.OrderCleanupScheduler.cancelUnpaidOrders() with result = null
2025-12-29 00:22:55.049 [scheduling-1] DEBUG com.perfstore.aspect.LoggingAspect - Enter: com.perfstore.service.OrderCleanupScheduler.cancelUnpaidOrders() with argument[s] = []
2025-12-29 00:22:55.052 [scheduling-1] DEBUG com.perfstore.aspect.LoggingAspect - Exit: com.perfstore.service.OrderCleanupScheduler.cancelUnpaidOrders() with result = null
2025-12-29 00:23:55.039 [scheduling-1] DEBUG com.perfstore.aspect.LoggingAspect - Enter: com.perfstore.service.OrderCleanupScheduler.cancelUnpaidOrders() with argument[s] = []
2025-12-29 00:23:55.043 [scheduling-1] DEBUG com.perfstore.aspect.LoggingAspect - Exit: com.perfstore.service.OrderCleanupScheduler.cancelUnpaidOrders() with result = null
2025-12-29 00:24:55.053 [scheduling-1] DEBUG com.perfstore.aspect.LoggingAspect - Enter: com.perfstore.service.OrderCleanupScheduler.cancelUnpaidOrders() with argument[s] = []
2025-12-29 00:24:55.059 [scheduling-1] DEBUG com.perfstore.aspect.LoggingAspect - Exit: com.perfstore.service.OrderCleanupScheduler.cancelUnpaidOrders() with result = null
2025-12-29 00:25:55.052 [scheduling-1] DEBUG com.perfstore.aspect.LoggingAspect - Enter: com.perfstore.service.OrderCleanupScheduler.cancelUnpaidOrders() with argument[s] = []
2025-12-29 00:25:55.056 [scheduling-1] DEBUG com.perfstore.aspect.LoggingAspect - Exit: com.perfstore.service.OrderCleanupScheduler.cancelUnpaidOrders() with result = null
2025-12-29 00:26:55.048 [scheduling-1] DEBUG com.perfstore.aspect.LoggingAspect - Enter: com.perfstore.service.OrderCleanupScheduler.cancelUnpaidOrders() with argument[s] = []
2025-12-29 00:26:55.051 [scheduling-1] DEBUG com.perfstore.aspect.LoggingAspect - Exit: com.perfstore.service.OrderCleanupScheduler.cancelUnpaidOrders() with result = null
2025-12-29 00:27:55.050 [scheduling-1] DEBUG com.perfstore.aspect.LoggingAspect - Enter: com.perfstore.service.OrderCleanupScheduler.cancelUnpaidOrders() with argument[s] = []
2025-12-29 00:27:55.055 [scheduling-1] DEBUG com.perfstore.aspect.LoggingAspect - Exit: com.perfstore.service.OrderCleanupScheduler.cancelUnpaidOrders() with result = null
2025-12-29 00:28:55.048 [scheduling-1] DEBUG com.perfstore.aspect.LoggingAspect - Enter: com.perfstore.service.OrderCleanupScheduler.cancelUnpaidOrders() with argument[s] = []
2025-12-29 00:28:55.052 [scheduling-1] DEBUG com.perfstore.aspect.LoggingAspect - Exit: com.perfstore.service.OrderCleanupScheduler.cancelUnpaidOrders() with result = null
2025-12-29 00:29:55.051 [scheduling-1] DEBUG com.perfstore.aspect.LoggingAspect - Enter: com.perfstore.service.OrderCleanupScheduler.cancelUnpaidOrders() with argument[s] = []
2025-12-29 00:29:55.055 [scheduling-1] DEBUG com.perfstore.aspect.LoggingAspect - Exit: com.perfstore.service.OrderCleanupScheduler.cancelUnpaidOrders() with result = null
2025-12-29 00:30:55.046 [scheduling-1] DEBUG com.perfstore.aspect.LoggingAspect - Enter: com.perfstore.service.OrderCleanupScheduler.cancelUnpaidOrders() with argument[s] = []
2025-12-29 00:30:55.049 [scheduling-1] DEBUG com.perfstore.aspect.LoggingAspect - Exit: com.perfstore.service.OrderCleanupScheduler.cancelUnpaidOrders() with result = null
2025-12-29 00:31:29.974 [http-nio-8080-exec-7] DEBUG com.perfstore.aspect.LoggingAspect - Enter: com.perfstore.controller.ProductController.getAllProducts() with argument[s] = []
2025-12-29 00:31:29.974 [http-nio-8080-exec-7] DEBUG com.perfstore.aspect.LoggingAspect - Enter: com.perfstore.service.ProductService.getAllProducts() with argument[s] = []
2025-12-29 00:31:29.986 [http-nio-8080-exec-7] DEBUG com.perfstore.aspect.LoggingAspect - Exit: com.perfstore.service.ProductService.getAllProducts() with result = [com.perfstore.dto.ProductDto$Response@4d344cdb, com.perfstore.dto.ProductDto$Response@5a10de4b, com.perfstore.dto.ProductDto$Response@3cfbc44f, com.perfstore.dto.ProductDto$Response@5992a74, com.perfstore.dto.ProductDto$Response@6aa4ec88]
2025-12-29 00:31:29.986 [http-nio-8080-exec-7] DEBUG com.perfstore.aspect.LoggingAspect - Exit: com.perfstore.controller.ProductController.getAllProducts() with result = <200 OK OK,[com.perfstore.dto.ProductDto$Response@4d344cdb, com.perfstore.dto.ProductDto$Response@5a10de4b, com.perfstore.dto.ProductDto$Response@3cfbc44f, com.perfstore.dto.ProductDto$Response@5992a74, com.perfstore.dto.ProductDto$Response@6aa4ec88],[]>
2025-12-29 00:31:29.997 [http-nio-8080-exec-8] DEBUG com.perfstore.aspect.LoggingAspect - Enter: com.perfstore.controller.CategoryController.getAllCategories() with argument[s] = []
2025-12-29 00:31:29.997 [http-nio-8080-exec-8] DEBUG com.perfstore.aspect.LoggingAspect - Enter: com.perfstore.service.CategoryService.getAllCategories() with argument[s] = []
2025-12-29 00:31:30.004 [http-nio-8080-exec-8] DEBUG com.perfstore.aspect.LoggingAspect - Exit: com.perfstore.service.CategoryService.getAllCategories() with result = [com.perfstore.dto.CategoryDto$Response@47e68912, com.perfstore.dto.CategoryDto$Response@6064cb23, com.perfstore.dto.CategoryDto$Response@63d1b944, com.perfstore.dto.CategoryDto$Response@4b052cd2]
2025-12-29 00:31:30.005 [http-nio-8080-exec-8] DEBUG com.perfstore.aspect.LoggingAspect - Exit: com.perfstore.controller.CategoryController.getAllCategories() with result = <200 OK OK,[com.perfstore.dto.CategoryDto$Response@47e68912, com.perfstore.dto.CategoryDto$Response@6064cb23, com.perfstore.dto.CategoryDto$Response@63d1b944, com.perfstore.dto.CategoryDto$Response@4b052cd2],[]>
2025-12-29 00:31:41.908 [http-nio-8080-exec-2] DEBUG com.perfstore.aspect.LoggingAspect - Enter: com.perfstore.controller.CategoryController.getAllCategories() with argument[s] = []
2025-12-29 00:31:41.908 [http-nio-8080-exec-2] DEBUG com.perfstore.aspect.LoggingAspect - Enter: com.perfstore.service.CategoryService.getAllCategories() with argument[s] = []
2025-12-29 00:31:41.917 [http-nio-8080-exec-2] DEBUG com.perfstore.aspect.LoggingAspect - Exit: com.perfstore.service.CategoryService.getAllCategories() with result = [com.perfstore.dto.CategoryDto$Response@4c606122, com.perfstore.dto.CategoryDto$Response@e41a49c, com.perfstore.dto.CategoryDto$Response@5b4d20b5, com.perfstore.dto.CategoryDto$Response@7f126bed]
2025-12-29 00:31:41.917 [http-nio-8080-exec-2] DEBUG com.perfstore.aspect.LoggingAspect - Exit: com.perfstore.controller.CategoryController.getAllCategories() with result = <200 OK OK,[com.perfstore.dto.CategoryDto$Response@4c606122, com.perfstore.dto.CategoryDto$Response@e41a49c, com.perfstore.dto.CategoryDto$Response@5b4d20b5, com.perfstore.dto.CategoryDto$Response@7f126bed],[]>
2025-12-29 00:31:41.931 [http-nio-8080-exec-2] DEBUG com.perfstore.aspect.LoggingAspect - Enter: com.perfstore.controller.CategoryController.getAllCategories() with argument[s] = []
2025-12-29 00:31:41.931 [http-nio-8080-exec-2] DEBUG com.perfstore.aspect.LoggingAspect - Enter: com.perfstore.service.CategoryService.getAllCategories() with argument[s] = []
2025-12-29 00:31:41.940 [http-nio-8080-exec-2] DEBUG com.perfstore.aspect.LoggingAspect - Exit: com.perfstore.service.CategoryService.getAllCategories() with result = [com.perfstore.dto.CategoryDto$Response@456caf0b, com.perfstore.dto.CategoryDto$Response@5daee323, com.perfstore.dto.CategoryDto$Response@44734fbb, com.perfstore.dto.CategoryDto$Response@65fac8fb]
2025-12-29 00:31:41.941 [http-nio-8080-exec-2] DEBUG com.perfstore.aspect.LoggingAspect - Exit: com.perfstore.controller.CategoryController.getAllCategories() with result = <200 OK OK,[com.perfstore.dto.CategoryDto$Response@456caf0b, com.perfstore.dto.CategoryDto$Response@5daee323, com.perfstore.dto.CategoryDto$Response@44734fbb, com.perfstore.dto.CategoryDto$Response@65fac8fb],[]>
2025-12-29 00:31:55.051 [scheduling-1] DEBUG com.perfstore.aspect.LoggingAspect - Enter: com.perfstore.service.OrderCleanupScheduler.cancelUnpaidOrders() with argument[s] = []
2025-12-29 00:31:55.056 [scheduling-1] DEBUG com.perfstore.aspect.LoggingAspect - Exit: com.perfstore.service.OrderCleanupScheduler.cancelUnpaidOrders() with result = null
2025-12-29 00:32:22.614 [http-nio-8080-exec-4] DEBUG com.perfstore.aspect.LoggingAspect - Enter: com.perfstore.controller.ProductController.createProduct() with argument[s] = [com.perfstore.dto.ProductDto$CreateRequest@487a8d0a, org.springframework.web.multipart.support.StandardMultipartHttpServletRequest$StandardMultipartFile@2b3beaa8]
2025-12-29 00:32:22.615 [http-nio-8080-exec-4] DEBUG com.perfstore.aspect.LoggingAspect - Enter: com.perfstore.service.FileStorageService.saveFile() with argument[s] = [org.springframework.web.multipart.support.StandardMultipartHttpServletRequest$StandardMultipartFile@2b3beaa8]
2025-12-29 00:32:23.420 [http-nio-8080-exec-4] DEBUG com.perfstore.aspect.LoggingAspect - Exit: com.perfstore.service.FileStorageService.saveFile() with result = https://res.cloudinary.com/dndh6pkxm/image/upload/v1766957544/k9f03zgvqpo7ddwjnilc.jpg
2025-12-29 00:32:23.421 [http-nio-8080-exec-4] DEBUG com.perfstore.aspect.LoggingAspect - Enter: com.perfstore.service.ProductService.createProduct() with argument[s] = [com.perfstore.dto.ProductDto$CreateRequest@487a8d0a]
2025-12-29 00:32:23.442 [http-nio-8080-exec-4] DEBUG com.perfstore.aspect.LoggingAspect - Exit: com.perfstore.service.ProductService.createProduct() with result = com.perfstore.dto.ProductDto$Response@5d3fb1c2
2025-12-29 00:32:23.442 [http-nio-8080-exec-4] DEBUG com.perfstore.aspect.LoggingAspect - Exit: com.perfstore.controller.ProductController.createProduct() with result = <200 OK OK,com.perfstore.dto.ProductDto$Response@5d3fb1c2,[]>
2025-12-29 00:32:25.487 [http-nio-8080-exec-8] DEBUG com.perfstore.aspect.LoggingAspect - Enter: com.perfstore.controller.ProductController.getAllProducts() with argument[s] = []
2025-12-29 00:32:25.489 [http-nio-8080-exec-8] DEBUG com.perfstore.aspect.LoggingAspect - Enter: com.perfstore.service.ProductService.getAllProducts() with argument[s] = []
2025-12-29 00:32:25.490 [http-nio-8080-exec-9] DEBUG com.perfstore.aspect.LoggingAspect - Enter: com.perfstore.controller.ProductController.getAllProducts() with argument[s] = []
2025-12-29 00:32:25.491 [http-nio-8080-exec-9] DEBUG com.perfstore.aspect.LoggingAspect - Enter: com.perfstore.service.ProductService.getAllProducts() with argument[s] = []
2025-12-29 00:32:25.501 [http-nio-8080-exec-9] DEBUG com.perfstore.aspect.LoggingAspect - Exit: com.perfstore.service.ProductService.getAllProducts() with result = [com.perfstore.dto.ProductDto$Response@5d4be1f4, com.perfstore.dto.ProductDto$Response@5a759a1f, com.perfstore.dto.ProductDto$Response@26e1e8c4, com.perfstore.dto.ProductDto$Response@5f63a4d5, com.perfstore.dto.ProductDto$Response@5da5ba8c, com.perfstore.dto.ProductDto$Response@2b767645]
2025-12-29 00:32:25.501 [http-nio-8080-exec-8] DEBUG com.perfstore.aspect.LoggingAspect - Exit: com.perfstore.service.ProductService.getAllProducts() with result = [com.perfstore.dto.ProductDto$Response@3d0657ca, com.perfstore.dto.ProductDto$Response@2494be9e, com.perfstore.dto.ProductDto$Response@155149f2, com.perfstore.dto.ProductDto$Response@407dc353, com.perfstore.dto.ProductDto$Response@4f4a7491, com.perfstore.dto.ProductDto$Response@4eab43a8]
2025-12-29 00:32:25.501 [http-nio-8080-exec-9] DEBUG com.perfstore.aspect.LoggingAspect - Exit: com.perfstore.controller.ProductController.getAllProducts() with result = <200 OK OK,[com.perfstore.dto.ProductDto$Response@5d4be1f4, com.perfstore.dto.ProductDto$Response@5a759a1f, com.perfstore.dto.ProductDto$Response@26e1e8c4, com.perfstore.dto.ProductDto$Response@5f63a4d5, com.perfstore.dto.ProductDto$Response@5da5ba8c, com.perfstore.dto.ProductDto$Response@2b767645],[]>
2025-12-29 00:32:25.501 [http-nio-8080-exec-8] DEBUG com.perfstore.aspect.LoggingAspect - Exit: com.perfstore.controller.ProductController.getAllProducts() with result = <200 OK OK,[com.perfstore.dto.ProductDto$Response@3d0657ca, com.perfstore.dto.ProductDto$Response@2494be9e, com.perfstore.dto.ProductDto$Response@155149f2, com.perfstore.dto.ProductDto$Response@407dc353, com.perfstore.dto.ProductDto$Response@4f4a7491, com.perfstore.dto.ProductDto$Response@4eab43a8],[]>
2025-12-29 00:32:38.319 [http-nio-8080-exec-1] DEBUG com.perfstore.aspect.LoggingAspect - Enter: com.perfstore.controller.ProductController.getProduct() with argument[s] = [c5f3d2f1-8acf-4f4c-8028-4cca3e11ff6b]
2025-12-29 00:32:38.319 [http-nio-8080-exec-1] DEBUG com.perfstore.aspect.LoggingAspect - Enter: com.perfstore.service.ProductService.getProduct() with argument[s] = [c5f3d2f1-8acf-4f4c-8028-4cca3e11ff6b]
2025-12-29 00:32:38.320 [http-nio-8080-exec-3] DEBUG com.perfstore.aspect.LoggingAspect - Enter: com.perfstore.controller.ProductController.getProduct() with argument[s] = [c5f3d2f1-8acf-4f4c-8028-4cca3e11ff6b]
2025-12-29 00:32:38.320 [http-nio-8080-exec-3] DEBUG com.perfstore.aspect.LoggingAspect - Enter: com.perfstore.service.ProductService.getProduct() with argument[s] = [c5f3d2f1-8acf-4f4c-8028-4cca3e11ff6b]
2025-12-29 00:32:38.330 [http-nio-8080-exec-3] DEBUG com.perfstore.aspect.LoggingAspect - Exit: com.perfstore.service.ProductService.getProduct() with result = com.perfstore.dto.ProductDto$Response@59919d49
2025-12-29 00:32:38.330 [http-nio-8080-exec-1] DEBUG com.perfstore.aspect.LoggingAspect - Exit: com.perfstore.service.ProductService.getProduct() with result = com.perfstore.dto.ProductDto$Response@6264792a
2025-12-29 00:32:38.330 [http-nio-8080-exec-1] DEBUG com.perfstore.aspect.LoggingAspect - Exit: com.perfstore.controller.ProductController.getProduct() with result = <200 OK OK,com.perfstore.dto.ProductDto$Response@6264792a,[]>
2025-12-29 00:32:38.330 [http-nio-8080-exec-3] DEBUG com.perfstore.aspect.LoggingAspect - Exit: com.perfstore.controller.ProductController.getProduct() with result = <200 OK OK,com.perfstore.dto.ProductDto$Response@59919d49,[]>
2025-12-29 00:32:42.108 [http-nio-8080-exec-7] DEBUG com.perfstore.aspect.LoggingAspect - Enter: com.perfstore.controller.ProductController.updateProductMultipart() with argument[s] = [c5f3d2f1-8acf-4f4c-8028-4cca3e11ff6b, com.perfstore.dto.ProductDto$UpdateRequest@5ee89ba5, null]
2025-12-29 00:32:42.108 [http-nio-8080-exec-7] DEBUG com.perfstore.aspect.LoggingAspect - Enter: com.perfstore.service.ProductService.updateProduct() with argument[s] = [c5f3d2f1-8acf-4f4c-8028-4cca3e11ff6b, com.perfstore.dto.ProductDto$UpdateRequest@5ee89ba5]
2025-12-29 00:32:42.124 [http-nio-8080-exec-7] DEBUG com.perfstore.aspect.LoggingAspect - Exit: com.perfstore.service.ProductService.updateProduct() with result = com.perfstore.dto.ProductDto$Response@14820b8b
2025-12-29 00:32:42.124 [http-nio-8080-exec-7] DEBUG com.perfstore.aspect.LoggingAspect - Exit: com.perfstore.controller.ProductController.updateProductMultipart() with result = <200 OK OK,com.perfstore.dto.ProductDto$Response@14820b8b,[]>
2025-12-29 00:32:43.355 [http-nio-8080-exec-8] DEBUG com.perfstore.aspect.LoggingAspect - Enter: com.perfstore.controller.ProductController.getAllProducts() with argument[s] = []
2025-12-29 00:32:43.355 [http-nio-8080-exec-9] DEBUG com.perfstore.aspect.LoggingAspect - Enter: com.perfstore.controller.ProductController.getAllProducts() with argument[s] = []
2025-12-29 00:32:43.355 [http-nio-8080-exec-8] DEBUG com.perfstore.aspect.LoggingAspect - Enter: com.perfstore.service.ProductService.getAllProducts() with argument[s] = []
2025-12-29 00:32:43.355 [http-nio-8080-exec-9] DEBUG com.perfstore.aspect.LoggingAspect - Enter: com.perfstore.service.ProductService.getAllProducts() with argument[s] = []
2025-12-29 00:32:43.369 [http-nio-8080-exec-9] DEBUG com.perfstore.aspect.LoggingAspect - Exit: com.perfstore.service.ProductService.getAllProducts() with result = [com.perfstore.dto.ProductDto$Response@ef6028b, com.perfstore.dto.ProductDto$Response@33759cc0, com.perfstore.dto.ProductDto$Response@3f120b91, com.perfstore.dto.ProductDto$Response@4d275aaa, com.perfstore.dto.ProductDto$Response@73fbfbdf, com.perfstore.dto.ProductDto$Response@6c77eafc]
2025-12-29 00:32:43.369 [http-nio-8080-exec-8] DEBUG com.perfstore.aspect.LoggingAspect - Exit: com.perfstore.service.ProductService.getAllProducts() with result = [com.perfstore.dto.ProductDto$Response@376684a2, com.perfstore.dto.ProductDto$Response@19ad6ff7, com.perfstore.dto.ProductDto$Response@3d21a296, com.perfstore.dto.ProductDto$Response@38bcee65, com.perfstore.dto.ProductDto$Response@3bfc3e44, com.perfstore.dto.ProductDto$Response@495c3c1b]
2025-12-29 00:32:43.369 [http-nio-8080-exec-9] DEBUG com.perfstore.aspect.LoggingAspect - Exit: com.perfstore.controller.ProductController.getAllProducts() with result = <200 OK OK,[com.perfstore.dto.ProductDto$Response@ef6028b, com.perfstore.dto.ProductDto$Response@33759cc0, com.perfstore.dto.ProductDto$Response@3f120b91, com.perfstore.dto.ProductDto$Response@4d275aaa, com.perfstore.dto.ProductDto$Response@73fbfbdf, com.perfstore.dto.ProductDto$Response@6c77eafc],[]>
2025-12-29 00:32:43.369 [http-nio-8080-exec-8] DEBUG com.perfstore.aspect.LoggingAspect - Exit: com.perfstore.controller.ProductController.getAllProducts() with result = <200 OK OK,[com.perfstore.dto.ProductDto$Response@376684a2, com.perfstore.dto.ProductDto$Response@19ad6ff7, com.perfstore.dto.ProductDto$Response@3d21a296, com.perfstore.dto.ProductDto$Response@38bcee65, com.perfstore.dto.ProductDto$Response@3bfc3e44, com.perfstore.dto.ProductDto$Response@495c3c1b],[]>
2025-12-29 00:32:50.371 [http-nio-8080-exec-2] DEBUG com.perfstore.aspect.LoggingAspect - Enter: com.perfstore.controller.ProductController.deleteProduct() with argument[s] = [c5f3d2f1-8acf-4f4c-8028-4cca3e11ff6b]
2025-12-29 00:32:50.371 [http-nio-8080-exec-2] DEBUG com.perfstore.aspect.LoggingAspect - Enter: com.perfstore.service.ProductService.deleteProduct() with argument[s] = [c5f3d2f1-8acf-4f4c-8028-4cca3e11ff6b]
2025-12-29 00:32:50.392 [http-nio-8080-exec-2] DEBUG com.perfstore.aspect.LoggingAspect - Exit: com.perfstore.service.ProductService.deleteProduct() with result = null
2025-12-29 00:32:50.392 [http-nio-8080-exec-2] DEBUG com.perfstore.aspect.LoggingAspect - Exit: com.perfstore.controller.ProductController.deleteProduct() with result = <204 NO_CONTENT No Content,[]>
2025-12-29 00:32:55.040 [scheduling-1] DEBUG com.perfstore.aspect.LoggingAspect - Enter: com.perfstore.service.OrderCleanupScheduler.cancelUnpaidOrders() with argument[s] = []
2025-12-29 00:32:55.043 [scheduling-1] DEBUG com.perfstore.aspect.LoggingAspect - Exit: com.perfstore.service.OrderCleanupScheduler.cancelUnpaidOrders() with result = null
2025-12-29 00:32:55.807 [http-nio-8080-exec-1] DEBUG com.perfstore.aspect.LoggingAspect - Enter: com.perfstore.controller.ProductController.getProduct() with argument[s] = [355cff3e-a5ad-49a8-8f82-44152012df81]
2025-12-29 00:32:55.807 [http-nio-8080-exec-1] DEBUG com.perfstore.aspect.LoggingAspect - Enter: com.perfstore.service.ProductService.getProduct() with argument[s] = [355cff3e-a5ad-49a8-8f82-44152012df81]
2025-12-29 00:32:55.808 [http-nio-8080-exec-3] DEBUG com.perfstore.aspect.LoggingAspect - Enter: com.perfstore.controller.ProductController.getProduct() with argument[s] = [355cff3e-a5ad-49a8-8f82-44152012df81]
2025-12-29 00:32:55.808 [http-nio-8080-exec-3] DEBUG com.perfstore.aspect.LoggingAspect - Enter: com.perfstore.service.ProductService.getProduct() with argument[s] = [355cff3e-a5ad-49a8-8f82-44152012df81]
2025-12-29 00:32:55.818 [http-nio-8080-exec-1] DEBUG com.perfstore.aspect.LoggingAspect - Exit: com.perfstore.service.ProductService.getProduct() with result = com.perfstore.dto.ProductDto$Response@513dc0ab
2025-12-29 00:32:55.818 [http-nio-8080-exec-3] DEBUG com.perfstore.aspect.LoggingAspect - Exit: com.perfstore.service.ProductService.getProduct() with result = com.perfstore.dto.ProductDto$Response@78db661b
2025-12-29 00:32:55.819 [http-nio-8080-exec-3] DEBUG com.perfstore.aspect.LoggingAspect - Exit: com.perfstore.controller.ProductController.getProduct() with result = <200 OK OK,com.perfstore.dto.ProductDto$Response@78db661b,[]>
2025-12-29 00:32:55.819 [http-nio-8080-exec-1] DEBUG com.perfstore.aspect.LoggingAspect - Exit: com.perfstore.controller.ProductController.getProduct() with result = <200 OK OK,com.perfstore.dto.ProductDto$Response@513dc0ab,[]>
2025-12-29 00:32:59.054 [http-nio-8080-exec-7] DEBUG com.perfstore.aspect.LoggingAspect - Enter: com.perfstore.controller.ProductController.updateProductMultipart() with argument[s] = [355cff3e-a5ad-49a8-8f82-44152012df81, com.perfstore.dto.ProductDto$UpdateRequest@6430ceb3, org.springframework.web.multipart.support.StandardMultipartHttpServletRequest$StandardMultipartFile@1ee92455]
2025-12-29 00:32:59.054 [http-nio-8080-exec-7] DEBUG com.perfstore.aspect.LoggingAspect - Enter: com.perfstore.service.FileStorageService.saveFile() with argument[s] = [org.springframework.web.multipart.support.StandardMultipartHttpServletRequest$StandardMultipartFile@1ee92455]
2025-12-29 00:32:59.973 [http-nio-8080-exec-7] DEBUG com.perfstore.aspect.LoggingAspect - Exit: com.perfstore.service.FileStorageService.saveFile() with result = https://res.cloudinary.com/dndh6pkxm/image/upload/v1766957581/fahuwnk7re3vfbw7k6in.jpg
2025-12-29 00:32:59.974 [http-nio-8080-exec-7] DEBUG com.perfstore.aspect.LoggingAspect - Enter: com.perfstore.service.ProductService.updateProduct() with argument[s] = [355cff3e-a5ad-49a8-8f82-44152012df81, com.perfstore.dto.ProductDto$UpdateRequest@6430ceb3]
2025-12-29 00:32:59.987 [http-nio-8080-exec-7] DEBUG com.perfstore.aspect.LoggingAspect - Exit: com.perfstore.service.ProductService.updateProduct() with result = com.perfstore.dto.ProductDto$Response@6802095f
2025-12-29 00:32:59.987 [http-nio-8080-exec-7] DEBUG com.perfstore.aspect.LoggingAspect - Exit: com.perfstore.controller.ProductController.updateProductMultipart() with result = <200 OK OK,com.perfstore.dto.ProductDto$Response@6802095f,[]>
2025-12-29 00:33:01.223 [http-nio-8080-exec-9] DEBUG com.perfstore.aspect.LoggingAspect - Enter: com.perfstore.controller.ProductController.getAllProducts() with argument[s] = []
2025-12-29 00:33:01.224 [http-nio-8080-exec-9] DEBUG com.perfstore.aspect.LoggingAspect - Enter: com.perfstore.service.ProductService.getAllProducts() with argument[s] = []
2025-12-29 00:33:01.224 [http-nio-8080-exec-10] DEBUG com.perfstore.aspect.LoggingAspect - Enter: com.perfstore.controller.ProductController.getAllProducts() with argument[s] = []
2025-12-29 00:33:01.224 [http-nio-8080-exec-10] DEBUG com.perfstore.aspect.LoggingAspect - Enter: com.perfstore.service.ProductService.getAllProducts() with argument[s] = []
2025-12-29 00:33:01.240 [http-nio-8080-exec-10] DEBUG com.perfstore.aspect.LoggingAspect - Exit: com.perfstore.service.ProductService.getAllProducts() with result = [com.perfstore.dto.ProductDto$Response@31bf5cd6, com.perfstore.dto.ProductDto$Response@74ac4cf8, com.perfstore.dto.ProductDto$Response@950cd7a, com.perfstore.dto.ProductDto$Response@55ca33b8, com.perfstore.dto.ProductDto$Response@1e589c3b]
2025-12-29 00:33:01.240 [http-nio-8080-exec-9] DEBUG com.perfstore.aspect.LoggingAspect - Exit: com.perfstore.service.ProductService.getAllProducts() with result = [com.perfstore.dto.ProductDto$Response@6558e1e6, com.perfstore.dto.ProductDto$Response@16521fea, com.perfstore.dto.ProductDto$Response@528f1eef, com.perfstore.dto.ProductDto$Response@6f87aab6, com.perfstore.dto.ProductDto$Response@4d722171]
2025-12-29 00:33:01.240 [http-nio-8080-exec-10] DEBUG com.perfstore.aspect.LoggingAspect - Exit: com.perfstore.controller.ProductController.getAllProducts() with result = <200 OK OK,[com.perfstore.dto.ProductDto$Response@31bf5cd6, com.perfstore.dto.ProductDto$Response@74ac4cf8, com.perfstore.dto.ProductDto$Response@950cd7a, com.perfstore.dto.ProductDto$Response@55ca33b8, com.perfstore.dto.ProductDto$Response@1e589c3b],[]>
2025-12-29 00:33:01.240 [http-nio-8080-exec-9] DEBUG com.perfstore.aspect.LoggingAspect - Exit: com.perfstore.controller.ProductController.getAllProducts() with result = <200 OK OK,[com.perfstore.dto.ProductDto$Response@6558e1e6, com.perfstore.dto.ProductDto$Response@16521fea, com.perfstore.dto.ProductDto$Response@528f1eef, com.perfstore.dto.ProductDto$Response@6f87aab6, com.perfstore.dto.ProductDto$Response@4d722171],[]>
2025-12-29 00:33:04.869 [http-nio-8080-exec-5] DEBUG com.perfstore.aspect.LoggingAspect - Enter: com.perfstore.controller.ProductController.getProduct() with argument[s] = [16d04933-a592-4850-9f41-d19dc91e0754]
2025-12-29 00:33:04.869 [http-nio-8080-exec-6] DEBUG com.perfstore.aspect.LoggingAspect - Enter: com.perfstore.controller.ProductController.getProduct() with argument[s] = [16d04933-a592-4850-9f41-d19dc91e0754]
2025-12-29 00:33:04.869 [http-nio-8080-exec-5] DEBUG com.perfstore.aspect.LoggingAspect - Enter: com.perfstore.service.ProductService.getProduct() with argument[s] = [16d04933-a592-4850-9f41-d19dc91e0754]
2025-12-29 00:33:04.869 [http-nio-8080-exec-6] DEBUG com.perfstore.aspect.LoggingAspect - Enter: com.perfstore.service.ProductService.getProduct() with argument[s] = [16d04933-a592-4850-9f41-d19dc91e0754]
2025-12-29 00:33:04.878 [http-nio-8080-exec-5] DEBUG com.perfstore.aspect.LoggingAspect - Exit: com.perfstore.service.ProductService.getProduct() with result = com.perfstore.dto.ProductDto$Response@65851dac
2025-12-29 00:33:04.878 [http-nio-8080-exec-6] DEBUG com.perfstore.aspect.LoggingAspect - Exit: com.perfstore.service.ProductService.getProduct() with result = com.perfstore.dto.ProductDto$Response@bd409ef
2025-12-29 00:33:04.878 [http-nio-8080-exec-6] DEBUG com.perfstore.aspect.LoggingAspect - Exit: com.perfstore.controller.ProductController.getProduct() with result = <200 OK OK,com.perfstore.dto.ProductDto$Response@bd409ef,[]>
2025-12-29 00:33:04.878 [http-nio-8080-exec-5] DEBUG com.perfstore.aspect.LoggingAspect - Exit: com.perfstore.controller.ProductController.getProduct() with result = <200 OK OK,com.perfstore.dto.ProductDto$Response@65851dac,[]>
2025-12-29 00:33:08.282 [http-nio-8080-exec-1] DEBUG com.perfstore.aspect.LoggingAspect - Enter: com.perfstore.controller.ProductController.updateProductMultipart() with argument[s] = [16d04933-a592-4850-9f41-d19dc91e0754, com.perfstore.dto.ProductDto$UpdateRequest@10cf7825, null]
2025-12-29 00:33:08.282 [http-nio-8080-exec-1] DEBUG com.perfstore.aspect.LoggingAspect - Enter: com.perfstore.service.ProductService.updateProduct() with argument[s] = [16d04933-a592-4850-9f41-d19dc91e0754, com.perfstore.dto.ProductDto$UpdateRequest@10cf7825]
2025-12-29 00:33:08.295 [http-nio-8080-exec-1] DEBUG com.perfstore.aspect.LoggingAspect - Exit: com.perfstore.service.ProductService.updateProduct() with result = com.perfstore.dto.ProductDto$Response@2cbccac3
2025-12-29 00:33:08.295 [http-nio-8080-exec-1] DEBUG com.perfstore.aspect.LoggingAspect - Exit: com.perfstore.controller.ProductController.updateProductMultipart() with result = <200 OK OK,com.perfstore.dto.ProductDto$Response@2cbccac3,[]>
2025-12-29 00:33:09.542 [http-nio-8080-exec-4] DEBUG com.perfstore.aspect.LoggingAspect - Enter: com.perfstore.controller.ProductController.getAllProducts() with argument[s] = []
2025-12-29 00:33:09.542 [http-nio-8080-exec-3] DEBUG com.perfstore.aspect.LoggingAspect - Enter: com.perfstore.controller.ProductController.getAllProducts() with argument[s] = []
2025-12-29 00:33:09.542 [http-nio-8080-exec-4] DEBUG com.perfstore.aspect.LoggingAspect - Enter: com.perfstore.service.ProductService.getAllProducts() with argument[s] = []
2025-12-29 00:33:09.542 [http-nio-8080-exec-3] DEBUG com.perfstore.aspect.LoggingAspect - Enter: com.perfstore.service.ProductService.getAllProducts() with argument[s] = []
2025-12-29 00:33:09.556 [http-nio-8080-exec-4] DEBUG com.perfstore.aspect.LoggingAspect - Exit: com.perfstore.service.ProductService.getAllProducts() with result = [com.perfstore.dto.ProductDto$Response@6ffe3750, com.perfstore.dto.ProductDto$Response@77f1f9dc, com.perfstore.dto.ProductDto$Response@718015d, com.perfstore.dto.ProductDto$Response@16f5e625, com.perfstore.dto.ProductDto$Response@82f071c]
2025-12-29 00:33:09.556 [http-nio-8080-exec-3] DEBUG com.perfstore.aspect.LoggingAspect - Exit: com.perfstore.service.ProductService.getAllProducts() with result = [com.perfstore.dto.ProductDto$Response@d7c6459, com.perfstore.dto.ProductDto$Response@5e982113, com.perfstore.dto.ProductDto$Response@5c1acf5c, com.perfstore.dto.ProductDto$Response@2840272d, com.perfstore.dto.ProductDto$Response@46f0c0d0]
2025-12-29 00:33:09.556 [http-nio-8080-exec-4] DEBUG com.perfstore.aspect.LoggingAspect - Exit: com.perfstore.controller.ProductController.getAllProducts() with result = <200 OK OK,[com.perfstore.dto.ProductDto$Response@6ffe3750, com.perfstore.dto.ProductDto$Response@77f1f9dc, com.perfstore.dto.ProductDto$Response@718015d, com.perfstore.dto.ProductDto$Response@16f5e625, com.perfstore.dto.ProductDto$Response@82f071c],[]>
2025-12-29 00:33:09.556 [http-nio-8080-exec-3] DEBUG com.perfstore.aspect.LoggingAspect - Exit: com.perfstore.controller.ProductController.getAllProducts() with result = <200 OK OK,[com.perfstore.dto.ProductDto$Response@d7c6459, com.perfstore.dto.ProductDto$Response@5e982113, com.perfstore.dto.ProductDto$Response@5c1acf5c, com.perfstore.dto.ProductDto$Response@2840272d, com.perfstore.dto.ProductDto$Response@46f0c0d0],[]>
2025-12-29 00:33:25.047 [http-nio-8080-exec-8] DEBUG com.perfstore.aspect.LoggingAspect - Enter: com.perfstore.controller.ProductController.getAllProducts() with argument[s] = []
2025-12-29 00:33:25.048 [http-nio-8080-exec-8] DEBUG com.perfstore.aspect.LoggingAspect - Enter: com.perfstore.service.ProductService.getAllProducts() with argument[s] = []
2025-12-29 00:33:25.063 [http-nio-8080-exec-8] DEBUG com.perfstore.aspect.LoggingAspect - Exit: com.perfstore.service.ProductService.getAllProducts() with result = [com.perfstore.dto.ProductDto$Response@67d24685, com.perfstore.dto.ProductDto$Response@acf4ef8, com.perfstore.dto.ProductDto$Response@45c84986, com.perfstore.dto.ProductDto$Response@3eb9d529, com.perfstore.dto.ProductDto$Response@4baa5a15]
2025-12-29 00:33:25.063 [http-nio-8080-exec-8] DEBUG com.perfstore.aspect.LoggingAspect - Exit: com.perfstore.controller.ProductController.getAllProducts() with result = <200 OK OK,[com.perfstore.dto.ProductDto$Response@67d24685, com.perfstore.dto.ProductDto$Response@acf4ef8, com.perfstore.dto.ProductDto$Response@45c84986, com.perfstore.dto.ProductDto$Response@3eb9d529, com.perfstore.dto.ProductDto$Response@4baa5a15],[]>
2025-12-29 00:33:25.074 [http-nio-8080-exec-7] DEBUG com.perfstore.aspect.LoggingAspect - Enter: com.perfstore.controller.CategoryController.getAllCategories() with argument[s] = []
2025-12-29 00:33:25.074 [http-nio-8080-exec-7] DEBUG com.perfstore.aspect.LoggingAspect - Enter: com.perfstore.service.CategoryService.getAllCategories() with argument[s] = []
2025-12-29 00:33:25.082 [http-nio-8080-exec-7] DEBUG com.perfstore.aspect.LoggingAspect - Exit: com.perfstore.service.CategoryService.getAllCategories() with result = [com.perfstore.dto.CategoryDto$Response@2fb4b5cc, com.perfstore.dto.CategoryDto$Response@6b0ea18a, com.perfstore.dto.CategoryDto$Response@6785e82c, com.perfstore.dto.CategoryDto$Response@69737634]
2025-12-29 00:33:25.082 [http-nio-8080-exec-7] DEBUG com.perfstore.aspect.LoggingAspect - Exit: com.perfstore.controller.CategoryController.getAllCategories() with result = <200 OK OK,[com.perfstore.dto.CategoryDto$Response@2fb4b5cc, com.perfstore.dto.CategoryDto$Response@6b0ea18a, com.perfstore.dto.CategoryDto$Response@6785e82c, com.perfstore.dto.CategoryDto$Response@69737634],[]>
2025-12-29 00:33:55.039 [scheduling-1] DEBUG com.perfstore.aspect.LoggingAspect - Enter: com.perfstore.service.OrderCleanupScheduler.cancelUnpaidOrders() with argument[s] = []
2025-12-29 00:33:55.043 [scheduling-1] DEBUG com.perfstore.aspect.LoggingAspect - Exit: com.perfstore.service.OrderCleanupScheduler.cancelUnpaidOrders() with result = null
2025-12-29 00:34:04.719 [http-nio-8080-exec-5] DEBUG com.perfstore.aspect.LoggingAspect - Enter: com.perfstore.controller.CategoryController.getAllCategories() with argument[s] = []
2025-12-29 00:34:04.719 [http-nio-8080-exec-5] DEBUG com.perfstore.aspect.LoggingAspect - Enter: com.perfstore.service.CategoryService.getAllCategories() with argument[s] = []
2025-12-29 00:34:04.727 [http-nio-8080-exec-5] DEBUG com.perfstore.aspect.LoggingAspect - Exit: com.perfstore.service.CategoryService.getAllCategories() with result = [com.perfstore.dto.CategoryDto$Response@2b22ba54, com.perfstore.dto.CategoryDto$Response@7a3e4735, com.perfstore.dto.CategoryDto$Response@6407ab79, com.perfstore.dto.CategoryDto$Response@2102b4e0]
2025-12-29 00:34:04.727 [http-nio-8080-exec-5] DEBUG com.perfstore.aspect.LoggingAspect - Exit: com.perfstore.controller.CategoryController.getAllCategories() with result = <200 OK OK,[com.perfstore.dto.CategoryDto$Response@2b22ba54, com.perfstore.dto.CategoryDto$Response@7a3e4735, com.perfstore.dto.CategoryDto$Response@6407ab79, com.perfstore.dto.CategoryDto$Response@2102b4e0],[]>
2025-12-29 00:34:04.741 [http-nio-8080-exec-6] DEBUG com.perfstore.aspect.LoggingAspect - Enter: com.perfstore.controller.CategoryController.getAllCategories() with argument[s] = []
2025-12-29 00:34:04.741 [http-nio-8080-exec-6] DEBUG com.perfstore.aspect.LoggingAspect - Enter: com.perfstore.service.CategoryService.getAllCategories() with argument[s] = []
2025-12-29 00:34:04.748 [http-nio-8080-exec-6] DEBUG com.perfstore.aspect.LoggingAspect - Exit: com.perfstore.service.CategoryService.getAllCategories() with result = [com.perfstore.dto.CategoryDto$Response@3a817b42, com.perfstore.dto.CategoryDto$Response@733efa35, com.perfstore.dto.CategoryDto$Response@eebe00c, com.perfstore.dto.CategoryDto$Response@563f7263]
2025-12-29 00:34:04.748 [http-nio-8080-exec-6] DEBUG com.perfstore.aspect.LoggingAspect - Exit: com.perfstore.controller.CategoryController.getAllCategories() with result = <200 OK OK,[com.perfstore.dto.CategoryDto$Response@3a817b42, com.perfstore.dto.CategoryDto$Response@733efa35, com.perfstore.dto.CategoryDto$Response@eebe00c, com.perfstore.dto.CategoryDto$Response@563f7263],[]>
2025-12-29 00:34:13.098 [http-nio-8080-exec-4] DEBUG com.perfstore.aspect.LoggingAspect - Enter: com.perfstore.controller.ProductController.getAllProducts() with argument[s] = []
2025-12-29 00:34:13.098 [http-nio-8080-exec-4] DEBUG com.perfstore.aspect.LoggingAspect - Enter: com.perfstore.service.ProductService.getAllProducts() with argument[s] = []
2025-12-29 00:34:13.114 [http-nio-8080-exec-4] DEBUG com.perfstore.aspect.LoggingAspect - Exit: com.perfstore.service.ProductService.getAllProducts() with result = [com.perfstore.dto.ProductDto$Response@1e36234e, com.perfstore.dto.ProductDto$Response@603fa75a, com.perfstore.dto.ProductDto$Response@4496dcb6, com.perfstore.dto.ProductDto$Response@4ebf92ef, com.perfstore.dto.ProductDto$Response@61bce425]
2025-12-29 00:34:13.114 [http-nio-8080-exec-4] DEBUG com.perfstore.aspect.LoggingAspect - Exit: com.perfstore.controller.ProductController.getAllProducts() with result = <200 OK OK,[com.perfstore.dto.ProductDto$Response@1e36234e, com.perfstore.dto.ProductDto$Response@603fa75a, com.perfstore.dto.ProductDto$Response@4496dcb6, com.perfstore.dto.ProductDto$Response@4ebf92ef, com.perfstore.dto.ProductDto$Response@61bce425],[]>
2025-12-29 00:34:21.302 [http-nio-8080-exec-9] DEBUG com.perfstore.aspect.LoggingAspect - Enter: com.perfstore.controller.CategoryController.getAllCategories() with argument[s] = []
2025-12-29 00:34:21.302 [http-nio-8080-exec-9] DEBUG com.perfstore.aspect.LoggingAspect - Enter: com.perfstore.service.CategoryService.getAllCategories() with argument[s] = []
2025-12-29 00:34:21.310 [http-nio-8080-exec-9] DEBUG com.perfstore.aspect.LoggingAspect - Exit: com.perfstore.service.CategoryService.getAllCategories() with result = [com.perfstore.dto.CategoryDto$Response@74266774, com.perfstore.dto.CategoryDto$Response@5f96851f, com.perfstore.dto.CategoryDto$Response@58396ff, com.perfstore.dto.CategoryDto$Response@47860a0f]
2025-12-29 00:34:21.310 [http-nio-8080-exec-9] DEBUG com.perfstore.aspect.LoggingAspect - Exit: com.perfstore.controller.CategoryController.getAllCategories() with result = <200 OK OK,[com.perfstore.dto.CategoryDto$Response@74266774, com.perfstore.dto.CategoryDto$Response@5f96851f, com.perfstore.dto.CategoryDto$Response@58396ff, com.perfstore.dto.CategoryDto$Response@47860a0f],[]>
2025-12-29 00:34:21.326 [http-nio-8080-exec-10] DEBUG com.perfstore.aspect.LoggingAspect - Enter: com.perfstore.controller.CategoryController.getAllCategories() with argument[s] = []
2025-12-29 00:34:21.326 [http-nio-8080-exec-10] DEBUG com.perfstore.aspect.LoggingAspect - Enter: com.perfstore.service.CategoryService.getAllCategories() with argument[s] = []
2025-12-29 00:34:21.332 [http-nio-8080-exec-10] DEBUG com.perfstore.aspect.LoggingAspect - Exit: com.perfstore.service.CategoryService.getAllCategories() with result = [com.perfstore.dto.CategoryDto$Response@417f153c, com.perfstore.dto.CategoryDto$Response@4ff7dcb1, com.perfstore.dto.CategoryDto$Response@73b63046, com.perfstore.dto.CategoryDto$Response@144d8acc]
2025-12-29 00:34:21.332 [http-nio-8080-exec-10] DEBUG com.perfstore.aspect.LoggingAspect - Exit: com.perfstore.controller.CategoryController.getAllCategories() with result = <200 OK OK,[com.perfstore.dto.CategoryDto$Response@417f153c, com.perfstore.dto.CategoryDto$Response@4ff7dcb1, com.perfstore.dto.CategoryDto$Response@73b63046, com.perfstore.dto.CategoryDto$Response@144d8acc],[]>
2025-12-29 00:34:23.243 [http-nio-8080-exec-2] DEBUG com.perfstore.aspect.LoggingAspect - Enter: com.perfstore.controller.ProductController.getAllProducts() with argument[s] = []
2025-12-29 00:34:23.243 [http-nio-8080-exec-1] DEBUG com.perfstore.aspect.LoggingAspect - Enter: com.perfstore.controller.ProductController.getAllProducts() with argument[s] = []
2025-12-29 00:34:23.245 [http-nio-8080-exec-2] DEBUG com.perfstore.aspect.LoggingAspect - Enter: com.perfstore.service.ProductService.getAllProducts() with argument[s] = []
2025-12-29 00:34:23.245 [http-nio-8080-exec-1] DEBUG com.perfstore.aspect.LoggingAspect - Enter: com.perfstore.service.ProductService.getAllProducts() with argument[s] = []
2025-12-29 00:34:23.254 [http-nio-8080-exec-1] DEBUG com.perfstore.aspect.LoggingAspect - Exit: com.perfstore.service.ProductService.getAllProducts() with result = [com.perfstore.dto.ProductDto$Response@a83e25d, com.perfstore.dto.ProductDto$Response@70fb8a07, com.perfstore.dto.ProductDto$Response@7b02e2df, com.perfstore.dto.ProductDto$Response@1a52a75d, com.perfstore.dto.ProductDto$Response@fd62f40]
2025-12-29 00:34:23.254 [http-nio-8080-exec-2] DEBUG com.perfstore.aspect.LoggingAspect - Exit: com.perfstore.service.ProductService.getAllProducts() with result = [com.perfstore.dto.ProductDto$Response@702f4d78, com.perfstore.dto.ProductDto$Response@412793a, com.perfstore.dto.ProductDto$Response@679dbebb, com.perfstore.dto.ProductDto$Response@7e74bea9, com.perfstore.dto.ProductDto$Response@74ba7892]
2025-12-29 00:34:23.254 [http-nio-8080-exec-1] DEBUG com.perfstore.aspect.LoggingAspect - Exit: com.perfstore.controller.ProductController.getAllProducts() with result = <200 OK OK,[com.perfstore.dto.ProductDto$Response@a83e25d, com.perfstore.dto.ProductDto$Response@70fb8a07, com.perfstore.dto.ProductDto$Response@7b02e2df, com.perfstore.dto.ProductDto$Response@1a52a75d, com.perfstore.dto.ProductDto$Response@fd62f40],[]>
2025-12-29 00:34:23.254 [http-nio-8080-exec-2] DEBUG com.perfstore.aspect.LoggingAspect - Exit: com.perfstore.controller.ProductController.getAllProducts() with result = <200 OK OK,[com.perfstore.dto.ProductDto$Response@702f4d78, com.perfstore.dto.ProductDto$Response@412793a, com.perfstore.dto.ProductDto$Response@679dbebb, com.perfstore.dto.ProductDto$Response@7e74bea9, com.perfstore.dto.ProductDto$Response@74ba7892],[]>
2025-12-29 00:34:26.127 [http-nio-8080-exec-8] DEBUG com.perfstore.aspect.LoggingAspect - Enter: com.perfstore.controller.ProductController.getAllProducts() with argument[s] = []
2025-12-29 00:34:26.127 [http-nio-8080-exec-8] DEBUG com.perfstore.aspect.LoggingAspect - Enter: com.perfstore.service.ProductService.getAllProducts() with argument[s] = []
2025-12-29 00:34:26.139 [http-nio-8080-exec-8] DEBUG com.perfstore.aspect.LoggingAspect - Exit: com.perfstore.service.ProductService.getAllProducts() with result = [com.perfstore.dto.ProductDto$Response@60a42553, com.perfstore.dto.ProductDto$Response@35440c13, com.perfstore.dto.ProductDto$Response@18259337, com.perfstore.dto.ProductDto$Response@56a75927, com.perfstore.dto.ProductDto$Response@1768701d]
2025-12-29 00:34:26.139 [http-nio-8080-exec-8] DEBUG com.perfstore.aspect.LoggingAspect - Exit: com.perfstore.controller.ProductController.getAllProducts() with result = <200 OK OK,[com.perfstore.dto.ProductDto$Response@60a42553, com.perfstore.dto.ProductDto$Response@35440c13, com.perfstore.dto.ProductDto$Response@18259337, com.perfstore.dto.ProductDto$Response@56a75927, com.perfstore.dto.ProductDto$Response@1768701d],[]>
2025-12-29 00:34:26.150 [http-nio-8080-exec-7] DEBUG com.perfstore.aspect.LoggingAspect - Enter: com.perfstore.controller.CategoryController.getAllCategories() with argument[s] = []
2025-12-29 00:34:26.150 [http-nio-8080-exec-7] DEBUG com.perfstore.aspect.LoggingAspect - Enter: com.perfstore.service.CategoryService.getAllCategories() with argument[s] = []
2025-12-29 00:34:26.156 [http-nio-8080-exec-7] DEBUG com.perfstore.aspect.LoggingAspect - Exit: com.perfstore.service.CategoryService.getAllCategories() with result = [com.perfstore.dto.CategoryDto$Response@6299c371, com.perfstore.dto.CategoryDto$Response@75d0a89a, com.perfstore.dto.CategoryDto$Response@123e383e, com.perfstore.dto.CategoryDto$Response@58ff6e03]
2025-12-29 00:34:26.157 [http-nio-8080-exec-7] DEBUG com.perfstore.aspect.LoggingAspect - Exit: com.perfstore.controller.CategoryController.getAllCategories() with result = <200 OK OK,[com.perfstore.dto.CategoryDto$Response@6299c371, com.perfstore.dto.CategoryDto$Response@75d0a89a, com.perfstore.dto.CategoryDto$Response@123e383e, com.perfstore.dto.CategoryDto$Response@58ff6e03],[]>
